  0
SECTION
  2
HEADER
  9
$ANGBASE
  50
0.0
  9
$ANGDIR
  70
1
  9
$MEASUREMENT
  70
1
  0
ENDSEC
  0
SECTION
  2
TABLES
  0
TABLE
  2
LTYPE
  70
4
  0
LTYPE
  5
40F
  2
CONTINUOUS
  70
0
  3
Solid line
  72
65
  73
0
  40
0.0
  0
LTYPE
  5
410
  2
DASHDOT
 70
0
  3
Dash Dot ____ _ ____ _
 72
65
 73
4
 40
2.0
 49
1.25
 49
-0.25
 49
0.25
 49
-0.25
  0
LTYPE
  5
411
  2
DASHED
 70
0
  3
Dashed __ __ __ __ __
 72
65
 73
2
 40
0.75
 49
0.5
 49
-0.25
  0
LTYPE
  5
43B
  2
DOTTED
 70
0
  3
Dotted .  .  .  .
 72
65
 73
2
 40
0.2
 49
0.0
 49
-0.2
  0
ENDTAB
  0
TABLE
  2
STYLE
  70
4
  0
STYLE
  2
KICAD
  70
0
  40
0
  41
1
  42
1
  50
0
  71
0
  3
isocp.shx
  0
STYLE
  2
KICADB
  70
0
  40
0
  41
1
  42
1
  50
0
  71
0
  3
isocp.shx
  0
STYLE
  2
KICADI
  70
0
  40
0
  41
1
  42
1
  50
15
  71
0
  3
isocp.shx
  0
STYLE
  2
KICADBI
  70
0
  40
0
  41
1
  42
1
  50
15
  71
0
  3
isocp.shx
  0
ENDTAB
  0
TABLE
  2
LAYER
  70
1
  0
LAYER
  2
BLACK
  70
0
  62
7
  6
CONTINUOUS
  0
ENDTAB
  0
ENDSEC
  0
SECTION
  2
ENTITIES
0
LINE
8
BLACK
6
CONTINUOUS
10
83.5890339999999981
20
-137.7557639999999992
11
83.6221249999999969
21
-137.7778749999999945
0
LINE
8
BLACK
6
CONTINUOUS
10
83.6221249999999969
20
-137.7778749999999945
11
83.6442359999999923
21
-137.8109660000000076
0
LINE
8
BLACK
6
CONTINUOUS
10
83.6442359999999923
20
-137.8109660000000076
11
83.652000000000001
21
-137.8499999999999943
0
LINE
8
BLACK
6
CONTINUOUS
10
83.652000000000001
20
-137.8499999999999943
11
83.652000000000001
21
-140.6500000000000057
0
LINE
8
BLACK
6
CONTINUOUS
10
83.652000000000001
20
-140.6500000000000057
11
83.6442359999999923
21
-140.6890339999999924
0
LINE
8
BLACK
6
CONTINUOUS
10
83.6442359999999923
20
-140.6890339999999924
11
83.6221249999999969
21
-140.7221250000000055
0
LINE
8
BLACK
6
CONTINUOUS
10
83.6221249999999969
20
-140.7221250000000055
11
83.5890339999999981
21
-140.7442360000000008
0
LINE
8
BLACK
6
CONTINUOUS
10
83.5890339999999981
20
-140.7442360000000008
11
83.5499999999999972
21
-140.7519999999999811
0
LINE
8
BLACK
6
CONTINUOUS
10
83.5499999999999972
20
-140.7519999999999811
11
82.5499999999999972
21
-140.7519999999999811
0
LINE
8
BLACK
6
CONTINUOUS
10
82.5499999999999972
20
-140.7519999999999811
11
82.5109659999999963
21
-140.7442360000000008
0
LINE
8
BLACK
6
CONTINUOUS
10
82.5109659999999963
20
-140.7442360000000008
11
82.4778749999999974
21
-140.7221250000000055
0
LINE
8
BLACK
6
CONTINUOUS
10
82.4778749999999974
20
-140.7221250000000055
11
82.4557640000000021
21
-140.6890339999999924
0
LINE
8
BLACK
6
CONTINUOUS
10
82.4557640000000021
20
-140.6890339999999924
11
82.4479999999999933
21
-140.6500000000000057
0
LINE
8
BLACK
6
CONTINUOUS
10
82.4479999999999933
20
-140.6500000000000057
11
82.4479999999999933
21
-137.8499999999999943
0
LINE
8
BLACK
6
CONTINUOUS
10
82.4479999999999933
20
-137.8499999999999943
11
82.4557640000000021
21
-137.8109660000000076
0
LINE
8
BLACK
6
CONTINUOUS
10
82.4557640000000021
20
-137.8109660000000076
11
82.4778749999999974
21
-137.7778749999999945
0
LINE
8
BLACK
6
CONTINUOUS
10
82.4778749999999974
20
-137.7778749999999945
11
82.5109659999999963
21
-137.7557639999999992
0
LINE
8
BLACK
6
CONTINUOUS
10
82.5109659999999963
20
-137.7557639999999992
11
82.5499999999999972
21
-137.7479999999999905
0
LINE
8
BLACK
6
CONTINUOUS
10
82.5499999999999972
20
-137.7479999999999905
11
83.5499999999999972
21
-137.7479999999999905
0
LINE
8
BLACK
6
CONTINUOUS
10
83.5499999999999972
20
-137.7479999999999905
11
83.5890339999999981
21
-137.7557639999999992
0
LINE
8
BLACK
6
CONTINUOUS
10
91.0390340000000009
20
-137.7557639999999992
11
91.0721249999999998
21
-137.7778749999999945
0
LINE
8
BLACK
6
CONTINUOUS
10
91.0721249999999998
20
-137.7778749999999945
11
91.0942359999999951
21
-137.8109660000000076
0
LINE
8
BLACK
6
CONTINUOUS
10
91.0942359999999951
20
-137.8109660000000076
11
91.1019999999999897
21
-137.8499999999999943
0
LINE
8
BLACK
6
CONTINUOUS
10
91.1019999999999897
20
-137.8499999999999943
11
91.1019999999999897
21
-140.6500000000000057
0
LINE
8
BLACK
6
CONTINUOUS
10
91.1019999999999897
20
-140.6500000000000057
11
91.0942359999999951
21
-140.6890339999999924
0
LINE
8
BLACK
6
CONTINUOUS
10
91.0942359999999951
20
-140.6890339999999924
11
91.0721249999999998
21
-140.7221250000000055
0
LINE
8
BLACK
6
CONTINUOUS
10
91.0721249999999998
20
-140.7221250000000055
11
91.0390340000000009
21
-140.7442360000000008
0
LINE
8
BLACK
6
CONTINUOUS
10
91.0390340000000009
20
-140.7442360000000008
11
91.
21
-140.7519999999999811
0
LINE
8
BLACK
6
CONTINUOUS
10
91.
20
-140.7519999999999811
11
90.
21
-140.7519999999999811
0
LINE
8
BLACK
6
CONTINUOUS
10
90.
20
-140.7519999999999811
11
89.9609659999999991
21
-140.7442360000000008
0
LINE
8
BLACK
6
CONTINUOUS
10
89.9609659999999991
20
-140.7442360000000008
11
89.9278750000000002
21
-140.7221250000000055
0
LINE
8
BLACK
6
CONTINUOUS
10
89.9278750000000002
20
-140.7221250000000055
11
89.9057639999999907
21
-140.6890339999999924
0
LINE
8
BLACK
6
CONTINUOUS
10
89.9057639999999907
20
-140.6890339999999924
11
89.8979999999999961
21
-140.6500000000000057
0
LINE
8
BLACK
6
CONTINUOUS
10
89.8979999999999961
20
-140.6500000000000057
11
89.8979999999999961
21
-137.8499999999999943
0
LINE
8
BLACK
6
CONTINUOUS
10
89.8979999999999961
20
-137.8499999999999943
11
89.9057639999999907
21
-137.8109660000000076
0
LINE
8
BLACK
6
CONTINUOUS
10
89.9057639999999907
20
-137.8109660000000076
11
89.9278750000000002
21
-137.7778749999999945
0
LINE
8
BLACK
6
CONTINUOUS
10
89.9278750000000002
20
-137.7778749999999945
11
89.9609659999999991
21
-137.7557639999999992
0
LINE
8
BLACK
6
CONTINUOUS
10
89.9609659999999991
20
-137.7557639999999992
11
90.
21
-137.7479999999999905
0
LINE
8
BLACK
6
CONTINUOUS
10
90.
20
-137.7479999999999905
11
91.
21
-137.7479999999999905
0
LINE
8
BLACK
6
CONTINUOUS
10
91.
20
-137.7479999999999905
11
91.0390340000000009
21
-137.7557639999999992
0
LINE
8
BLACK
6
CONTINUOUS
10
98.3390339999999981
20
-137.7557639999999992
11
98.3721249999999969
21
-137.7778749999999945
0
LINE
8
BLACK
6
CONTINUOUS
10
98.3721249999999969
20
-137.7778749999999945
11
98.3942359999999923
21
-137.8109660000000076
0
LINE
8
BLACK
6
CONTINUOUS
10
98.3942359999999923
20
-137.8109660000000076
11
98.402000000000001
21
-137.8499999999999943
0
LINE
8
BLACK
6
CONTINUOUS
10
98.402000000000001
20
-137.8499999999999943
11
98.402000000000001
21
-140.6500000000000057
0
LINE
8
BLACK
6
CONTINUOUS
10
98.402000000000001
20
-140.6500000000000057
11
98.3942359999999923
21
-140.6890339999999924
0
LINE
8
BLACK
6
CONTINUOUS
10
98.3942359999999923
20
-140.6890339999999924
11
98.3721249999999969
21
-140.7221250000000055
0
LINE
8
BLACK
6
CONTINUOUS
10
98.3721249999999969
20
-140.7221250000000055
11
98.3390339999999981
21
-140.7442360000000008
0
LINE
8
BLACK
6
CONTINUOUS
10
98.3390339999999981
20
-140.7442360000000008
11
98.2999999999999972
21
-140.7519999999999811
0
LINE
8
BLACK
6
CONTINUOUS
10
98.2999999999999972
20
-140.7519999999999811
11
97.2999999999999972
21
-140.7519999999999811
0
LINE
8
BLACK
6
CONTINUOUS
10
97.2999999999999972
20
-140.7519999999999811
11
97.2609659999999963
21
-140.7442360000000008
0
LINE
8
BLACK
6
CONTINUOUS
10
97.2609659999999963
20
-140.7442360000000008
11
97.2278749999999974
21
-140.7221250000000055
0
LINE
8
BLACK
6
CONTINUOUS
10
97.2278749999999974
20
-140.7221250000000055
11
97.2057640000000021
21
-140.6890339999999924
0
LINE
8
BLACK
6
CONTINUOUS
10
97.2057640000000021
20
-140.6890339999999924
11
97.1979999999999933
21
-140.6500000000000057
0
LINE
8
BLACK
6
CONTINUOUS
10
97.1979999999999933
20
-140.6500000000000057
11
97.1979999999999933
21
-137.8499999999999943
0
LINE
8
BLACK
6
CONTINUOUS
10
97.1979999999999933
20
-137.8499999999999943
11
97.2057640000000021
21
-137.8109660000000076
0
LINE
8
BLACK
6
CONTINUOUS
10
97.2057640000000021
20
-137.8109660000000076
11
97.2278749999999974
21
-137.7778749999999945
0
LINE
8
BLACK
6
CONTINUOUS
10
97.2278749999999974
20
-137.7778749999999945
11
97.2609659999999963
21
-137.7557639999999992
0
LINE
8
BLACK
6
CONTINUOUS
10
97.2609659999999963
20
-137.7557639999999992
11
97.2999999999999972
21
-137.7479999999999905
0
LINE
8
BLACK
6
CONTINUOUS
10
97.2999999999999972
20
-137.7479999999999905
11
98.2999999999999972
21
-137.7479999999999905
0
LINE
8
BLACK
6
CONTINUOUS
10
98.2999999999999972
20
-137.7479999999999905
11
98.3390339999999981
21
-137.7557639999999992
0
LINE
8
BLACK
6
CONTINUOUS
10
105.7890340000000009
20
-137.7557639999999992
11
105.8221249999999998
21
-137.7778749999999945
0
LINE
8
BLACK
6
CONTINUOUS
10
105.8221249999999998
20
-137.7778749999999945
11
105.8442359999999951
21
-137.8109660000000076
0
LINE
8
BLACK
6
CONTINUOUS
10
105.8442359999999951
20
-137.8109660000000076
11
105.8519999999999897
21
-137.8499999999999943
0
LINE
8
BLACK
6
CONTINUOUS
10
105.8519999999999897
20
-137.8499999999999943
11
105.8519999999999897
21
-140.6500000000000057
0
LINE
8
BLACK
6
CONTINUOUS
10
105.8519999999999897
20
-140.6500000000000057
11
105.8442359999999951
21
-140.6890339999999924
0
LINE
8
BLACK
6
CONTINUOUS
10
105.8442359999999951
20
-140.6890339999999924
11
105.8221249999999998
21
-140.7221250000000055
0
LINE
8
BLACK
6
CONTINUOUS
10
105.8221249999999998
20
-140.7221250000000055
11
105.7890340000000009
21
-140.7442360000000008
0
LINE
8
BLACK
6
CONTINUOUS
10
105.7890340000000009
20
-140.7442360000000008
11
105.75
21
-140.7519999999999811
0
LINE
8
BLACK
6
CONTINUOUS
10
105.75
20
-140.7519999999999811
11
104.75
21
-140.7519999999999811
0
LINE
8
BLACK
6
CONTINUOUS
10
104.75
20
-140.7519999999999811
11
104.7109659999999991
21
-140.7442360000000008
0
LINE
8
BLACK
6
CONTINUOUS
10
104.7109659999999991
20
-140.7442360000000008
11
104.6778750000000002
21
-140.7221250000000055
0
LINE
8
BLACK
6
CONTINUOUS
10
104.6778750000000002
20
-140.7221250000000055
11
104.6557639999999907
21
-140.6890339999999924
0
LINE
8
BLACK
6
CONTINUOUS
10
104.6557639999999907
20
-140.6890339999999924
11
104.6479999999999961
21
-140.6500000000000057
0
LINE
8
BLACK
6
CONTINUOUS
10
104.6479999999999961
20
-140.6500000000000057
11
104.6479999999999961
21
-137.8499999999999943
0
LINE
8
BLACK
6
CONTINUOUS
10
104.6479999999999961
20
-137.8499999999999943
11
104.6557639999999907
21
-137.8109660000000076
0
LINE
8
BLACK
6
CONTINUOUS
10
104.6557639999999907
20
-137.8109660000000076
11
104.6778750000000002
21
-137.7778749999999945
0
LINE
8
BLACK
6
CONTINUOUS
10
104.6778750000000002
20
-137.7778749999999945
11
104.7109659999999991
21
-137.7557639999999992
0
LINE
8
BLACK
6
CONTINUOUS
10
104.7109659999999991
20
-137.7557639999999992
11
104.75
21
-137.7479999999999905
0
LINE
8
BLACK
6
CONTINUOUS
10
104.75
20
-137.7479999999999905
11
105.75
21
-137.7479999999999905
0
LINE
8
BLACK
6
CONTINUOUS
10
105.75
20
-137.7479999999999905
11
105.7890340000000009
21
-137.7557639999999992
0
LINE
8
BLACK
6
CONTINUOUS
10
66.5813419999999923
20
-138.0930599999999799
11
66.6943809999999928
21
-138.1583229999999958
0
LINE
8
BLACK
6
CONTINUOUS
10
66.6943809999999928
20
-138.1583229999999958
11
66.7866769999999974
21
-138.2506190000000004
0
LINE
8
BLACK
6
CONTINUOUS
10
66.7866769999999974
20
-138.2506190000000004
11
66.851939999999999
21
-138.3636579999999867
0
LINE
8
BLACK
6
CONTINUOUS
10
66.851939999999999
20
-138.3636579999999867
11
66.8857220000000012
21
-138.489736999999991
0
LINE
8
BLACK
6
CONTINUOUS
10
66.8857220000000012
20
-138.489736999999991
11
66.8900000000000006
21
-138.5550000000000068
0
LINE
8
BLACK
6
CONTINUOUS
10
66.8900000000000006
20
-138.5550000000000068
11
66.8900000000000006
21
-139.3549999999999898
0
LINE
8
BLACK
6
CONTINUOUS
10
66.8900000000000006
20
-139.3549999999999898
11
66.8857220000000012
21
-139.4202630000000056
0
LINE
8
BLACK
6
CONTINUOUS
10
66.8857220000000012
20
-139.4202630000000056
11
66.851939999999999
21
-139.5463419999999815
0
LINE
8
BLACK
6
CONTINUOUS
10
66.851939999999999
20
-139.5463419999999815
11
66.7866769999999974
21
-139.6593809999999962
0
LINE
8
BLACK
6
CONTINUOUS
10
66.7866769999999974
20
-139.6593809999999962
11
66.6943809999999928
21
-139.7516770000000008
0
LINE
8
BLACK
6
CONTINUOUS
10
66.6943809999999928
20
-139.7516770000000008
11
66.5813419999999923
21
-139.8169399999999882
0
LINE
8
BLACK
6
CONTINUOUS
10
66.5813419999999923
20
-139.8169399999999882
11
66.4552630000000022
21
-139.8507219999999904
0
LINE
8
BLACK
6
CONTINUOUS
10
66.4552630000000022
20
-139.8507219999999904
11
66.3247369999999989
21
-139.8507219999999904
0
LINE
8
BLACK
6
CONTINUOUS
10
66.3247369999999989
20
-139.8507219999999904
11
66.1986579999999947
21
-139.8169399999999882
0
LINE
8
BLACK
6
CONTINUOUS
10
66.1986579999999947
20
-139.8169399999999882
11
66.0856189999999941
21
-139.7516770000000008
0
LINE
8
BLACK
6
CONTINUOUS
10
66.0856189999999941
20
-139.7516770000000008
11
65.9933230000000037
21
-139.6593809999999962
0
LINE
8
BLACK
6
CONTINUOUS
10
65.9933230000000037
20
-139.6593809999999962
11
65.9280600000000021
21
-139.5463419999999815
0
LINE
8
BLACK
6
CONTINUOUS
10
65.9280600000000021
20
-139.5463419999999815
11
65.8942779999999999
21
-139.4202630000000056
0
LINE
8
BLACK
6
CONTINUOUS
10
65.8942779999999999
20
-139.4202630000000056
11
65.8900000000000006
21
-139.3549999999999898
0
LINE
8
BLACK
6
CONTINUOUS
10
65.8900000000000006
20
-139.3549999999999898
11
65.8900000000000006
21
-138.5550000000000068
0
LINE
8
BLACK
6
CONTINUOUS
10
65.8900000000000006
20
-138.5550000000000068
11
65.8942779999999999
21
-138.489736999999991
0
LINE
8
BLACK
6
CONTINUOUS
10
65.8942779999999999
20
-138.489736999999991
11
65.9280600000000021
21
-138.3636579999999867
0
LINE
8
BLACK
6
CONTINUOUS
10
65.9280600000000021
20
-138.3636579999999867
11
65.9933230000000037
21
-138.2506190000000004
0
LINE
8
BLACK
6
CONTINUOUS
10
65.9933230000000037
20
-138.2506190000000004
11
66.0856189999999941
21
-138.1583229999999958
0
LINE
8
BLACK
6
CONTINUOUS
10
66.0856189999999941
20
-138.1583229999999958
11
66.1986579999999947
21
-138.0930599999999799
0
LINE
8
BLACK
6
CONTINUOUS
10
66.1986579999999947
20
-138.0930599999999799
11
66.3247369999999989
21
-138.0592780000000062
0
LINE
8
BLACK
6
CONTINUOUS
10
66.3247369999999989
20
-138.0592780000000062
11
66.4552630000000022
21
-138.0592780000000062
0
LINE
8
BLACK
6
CONTINUOUS
10
66.4552630000000022
20
-138.0592780000000062
11
66.5813419999999923
21
-138.0930599999999799
0
LINE
8
BLACK
6
CONTINUOUS
10
75.2213419999999928
20
-138.0930599999999799
11
75.3343809999999934
21
-138.1583229999999958
0
LINE
8
BLACK
6
CONTINUOUS
10
75.3343809999999934
20
-138.1583229999999958
11
75.426676999999998
21
-138.2506190000000004
0
LINE
8
BLACK
6
CONTINUOUS
10
75.426676999999998
20
-138.2506190000000004
11
75.4919399999999996
21
-138.3636579999999867
0
LINE
8
BLACK
6
CONTINUOUS
10
75.4919399999999996
20
-138.3636579999999867
11
75.5257220000000018
21
-138.489736999999991
0
LINE
8
BLACK
6
CONTINUOUS
10
75.5257220000000018
20
-138.489736999999991
11
75.5300000000000011
21
-138.5550000000000068
0
LINE
8
BLACK
6
CONTINUOUS
10
75.5300000000000011
20
-138.5550000000000068
11
75.5300000000000011
21
-139.3549999999999898
0
LINE
8
BLACK
6
CONTINUOUS
10
75.5300000000000011
20
-139.3549999999999898
11
75.5257220000000018
21
-139.4202630000000056
0
LINE
8
BLACK
6
CONTINUOUS
10
75.5257220000000018
20
-139.4202630000000056
11
75.4919399999999996
21
-139.5463419999999815
0
LINE
8
BLACK
6
CONTINUOUS
10
75.4919399999999996
20
-139.5463419999999815
11
75.426676999999998
21
-139.6593809999999962
0
LINE
8
BLACK
6
CONTINUOUS
10
75.426676999999998
20
-139.6593809999999962
11
75.3343809999999934
21
-139.7516770000000008
0
LINE
8
BLACK
6
CONTINUOUS
10
75.3343809999999934
20
-139.7516770000000008
11
75.2213419999999928
21
-139.8169399999999882
0
LINE
8
BLACK
6
CONTINUOUS
10
75.2213419999999928
20
-139.8169399999999882
11
75.0952630000000028
21
-139.8507219999999904
0
LINE
8
BLACK
6
CONTINUOUS
10
75.0952630000000028
20
-139.8507219999999904
11
74.9647369999999995
21
-139.8507219999999904
0
LINE
8
BLACK
6
CONTINUOUS
10
74.9647369999999995
20
-139.8507219999999904
11
74.8386579999999952
21
-139.8169399999999882
0
LINE
8
BLACK
6
CONTINUOUS
10
74.8386579999999952
20
-139.8169399999999882
11
74.7256189999999947
21
-139.7516770000000008
0
LINE
8
BLACK
6
CONTINUOUS
10
74.7256189999999947
20
-139.7516770000000008
11
74.6333229999999901
21
-139.6593809999999962
0
LINE
8
BLACK
6
CONTINUOUS
10
74.6333229999999901
20
-139.6593809999999962
11
74.5680600000000027
21
-139.5463419999999815
0
LINE
8
BLACK
6
CONTINUOUS
10
74.5680600000000027
20
-139.5463419999999815
11
74.5342780000000005
21
-139.4202630000000056
0
LINE
8
BLACK
6
CONTINUOUS
10
74.5342780000000005
20
-139.4202630000000056
11
74.5300000000000011
21
-139.3549999999999898
0
LINE
8
BLACK
6
CONTINUOUS
10
74.5300000000000011
20
-139.3549999999999898
11
74.5300000000000011
21
-138.5550000000000068
0
LINE
8
BLACK
6
CONTINUOUS
10
74.5300000000000011
20
-138.5550000000000068
11
74.5342780000000005
21
-138.489736999999991
0
LINE
8
BLACK
6
CONTINUOUS
10
74.5342780000000005
20
-138.489736999999991
11
74.5680600000000027
21
-138.3636579999999867
0
LINE
8
BLACK
6
CONTINUOUS
10
74.5680600000000027
20
-138.3636579999999867
11
74.6333229999999901
21
-138.2506190000000004
0
LINE
8
BLACK
6
CONTINUOUS
10
74.6333229999999901
20
-138.2506190000000004
11
74.7256189999999947
21
-138.1583229999999958
0
LINE
8
BLACK
6
CONTINUOUS
10
74.7256189999999947
20
-138.1583229999999958
11
74.8386579999999952
21
-138.0930599999999799
0
LINE
8
BLACK
6
CONTINUOUS
10
74.8386579999999952
20
-138.0930599999999799
11
74.9647369999999995
21
-138.0592780000000062
0
LINE
8
BLACK
6
CONTINUOUS
10
74.9647369999999995
20
-138.0592780000000062
11
75.0952630000000028
21
-138.0592780000000062
0
LINE
8
BLACK
6
CONTINUOUS
10
75.0952630000000028
20
-138.0592780000000062
11
75.2213419999999928
21
-138.0930599999999799
0
LINE
8
BLACK
6
CONTINUOUS
10
116.6124999999999972
20
-138.21875
11
115.5625
21
-138.21875
0
LINE
8
BLACK
6
CONTINUOUS
10
115.5625
20
-138.21875
11
115.5625
21
-137.46875
0
LINE
8
BLACK
6
CONTINUOUS
10
115.5625
20
-137.46875
11
116.6124999999999972
21
-137.46875
0
LINE
8
BLACK
6
CONTINUOUS
10
116.6124999999999972
20
-137.46875
11
116.6124999999999972
21
-138.21875
0
LINE
8
BLACK
6
CONTINUOUS
10
120.2124999999999915
20
-138.21875
11
119.1624999999999943
21
-138.21875
0
LINE
8
BLACK
6
CONTINUOUS
10
119.1624999999999943
20
-138.21875
11
119.1624999999999943
21
-137.46875
0
LINE
8
BLACK
6
CONTINUOUS
10
119.1624999999999943
20
-137.46875
11
120.2124999999999915
21
-137.46875
0
LINE
8
BLACK
6
CONTINUOUS
10
120.2124999999999915
20
-137.46875
11
120.2124999999999915
21
-138.21875
0
LINE
8
BLACK
6
CONTINUOUS
10
85.2390339999999895
20
-134.9557639999999878
11
85.2721250000000026
21
-134.9778749999999832
0
LINE
8
BLACK
6
CONTINUOUS
10
85.2721250000000026
20
-134.9778749999999832
11
85.2942359999999979
21
-135.0109659999999963
0
LINE
8
BLACK
6
CONTINUOUS
10
85.2942359999999979
20
-135.0109659999999963
11
85.3019999999999925
21
-135.0499999999999829
0
LINE
8
BLACK
6
CONTINUOUS
10
85.3019999999999925
20
-135.0499999999999829
11
85.3019999999999925
21
-136.75
0
LINE
8
BLACK
6
CONTINUOUS
10
85.3019999999999925
20
-136.75
11
85.2942359999999979
21
-136.7890339999999867
0
LINE
8
BLACK
6
CONTINUOUS
10
85.2942359999999979
20
-136.7890339999999867
11
85.2721250000000026
21
-136.8221249999999998
0
LINE
8
BLACK
6
CONTINUOUS
10
85.2721250000000026
20
-136.8221249999999998
11
85.2390339999999895
21
-136.8442359999999951
0
LINE
8
BLACK
6
CONTINUOUS
10
85.2390339999999895
20
-136.8442359999999951
11
85.2000000000000028
21
-136.8520000000000039
0
LINE
8
BLACK
6
CONTINUOUS
10
85.2000000000000028
20
-136.8520000000000039
11
84.5999999999999943
21
-136.8520000000000039
0
LINE
8
BLACK
6
CONTINUOUS
10
84.5999999999999943
20
-136.8520000000000039
11
84.5609659999999934
21
-136.8442359999999951
0
LINE
8
BLACK
6
CONTINUOUS
10
84.5609659999999934
20
-136.8442359999999951
11
84.5278749999999945
21
-136.8221249999999998
0
LINE
8
BLACK
6
CONTINUOUS
10
84.5278749999999945
20
-136.8221249999999998
11
84.5057639999999992
21
-136.7890339999999867
0
LINE
8
BLACK
6
CONTINUOUS
10
84.5057639999999992
20
-136.7890339999999867
11
84.4979999999999905
21
-136.75
0
LINE
8
BLACK
6
CONTINUOUS
10
84.4979999999999905
20
-136.75
11
84.4979999999999905
21
-135.0499999999999829
0
LINE
8
BLACK
6
CONTINUOUS
10
84.4979999999999905
20
-135.0499999999999829
11
84.5057639999999992
21
-135.0109659999999963
0
LINE
8
BLACK
6
CONTINUOUS
10
84.5057639999999992
20
-135.0109659999999963
11
84.5278749999999945
21
-134.9778749999999832
0
LINE
8
BLACK
6
CONTINUOUS
10
84.5278749999999945
20
-134.9778749999999832
11
84.5609659999999934
21
-134.9557639999999878
0
LINE
8
BLACK
6
CONTINUOUS
10
84.5609659999999934
20
-134.9557639999999878
11
84.5999999999999943
21
-134.9480000000000075
0
LINE
8
BLACK
6
CONTINUOUS
10
84.5999999999999943
20
-134.9480000000000075
11
85.2000000000000028
21
-134.9480000000000075
0
LINE
8
BLACK
6
CONTINUOUS
10
85.2000000000000028
20
-134.9480000000000075
11
85.2390339999999895
21
-134.9557639999999878
0
LINE
8
BLACK
6
CONTINUOUS
10
86.4890339999999895
20
-134.9557639999999878
11
86.5221250000000026
21
-134.9778749999999832
0
LINE
8
BLACK
6
CONTINUOUS
10
86.5221250000000026
20
-134.9778749999999832
11
86.5442359999999979
21
-135.0109659999999963
0
LINE
8
BLACK
6
CONTINUOUS
10
86.5442359999999979
20
-135.0109659999999963
11
86.5519999999999925
21
-135.0499999999999829
0
LINE
8
BLACK
6
CONTINUOUS
10
86.5519999999999925
20
-135.0499999999999829
11
86.5519999999999925
21
-136.75
0
LINE
8
BLACK
6
CONTINUOUS
10
86.5519999999999925
20
-136.75
11
86.5442359999999979
21
-136.7890339999999867
0
LINE
8
BLACK
6
CONTINUOUS
10
86.5442359999999979
20
-136.7890339999999867
11
86.5221250000000026
21
-136.8221249999999998
0
LINE
8
BLACK
6
CONTINUOUS
10
86.5221250000000026
20
-136.8221249999999998
11
86.4890339999999895
21
-136.8442359999999951
0
LINE
8
BLACK
6
CONTINUOUS
10
86.4890339999999895
20
-136.8442359999999951
11
86.4500000000000028
21
-136.8520000000000039
0
LINE
8
BLACK
6
CONTINUOUS
10
86.4500000000000028
20
-136.8520000000000039
11
85.8499999999999943
21
-136.8520000000000039
0
LINE
8
BLACK
6
CONTINUOUS
10
85.8499999999999943
20
-136.8520000000000039
11
85.8109659999999934
21
-136.8442359999999951
0
LINE
8
BLACK
6
CONTINUOUS
10
85.8109659999999934
20
-136.8442359999999951
11
85.7778749999999945
21
-136.8221249999999998
0
LINE
8
BLACK
6
CONTINUOUS
10
85.7778749999999945
20
-136.8221249999999998
11
85.7557639999999992
21
-136.7890339999999867
0
LINE
8
BLACK
6
CONTINUOUS
10
85.7557639999999992
20
-136.7890339999999867
11
85.7479999999999905
21
-136.75
0
LINE
8
BLACK
6
CONTINUOUS
10
85.7479999999999905
20
-136.75
11
85.7479999999999905
21
-135.0499999999999829
0
LINE
8
BLACK
6
CONTINUOUS
10
85.7479999999999905
20
-135.0499999999999829
11
85.7557639999999992
21
-135.0109659999999963
0
LINE
8
BLACK
6
CONTINUOUS
10
85.7557639999999992
20
-135.0109659999999963
11
85.7778749999999945
21
-134.9778749999999832
0
LINE
8
BLACK
6
CONTINUOUS
10
85.7778749999999945
20
-134.9778749999999832
11
85.8109659999999934
21
-134.9557639999999878
0
LINE
8
BLACK
6
CONTINUOUS
10
85.8109659999999934
20
-134.9557639999999878
11
85.8499999999999943
21
-134.9480000000000075
0
LINE
8
BLACK
6
CONTINUOUS
10
85.8499999999999943
20
-134.9480000000000075
11
86.4500000000000028
21
-134.9480000000000075
0
LINE
8
BLACK
6
CONTINUOUS
10
86.4500000000000028
20
-134.9480000000000075
11
86.4890339999999895
21
-134.9557639999999878
0
LINE
8
BLACK
6
CONTINUOUS
10
87.7390339999999895
20
-134.9557639999999878
11
87.7721250000000026
21
-134.9778749999999832
0
LINE
8
BLACK
6
CONTINUOUS
10
87.7721250000000026
20
-134.9778749999999832
11
87.7942359999999979
21
-135.0109659999999963
0
LINE
8
BLACK
6
CONTINUOUS
10
87.7942359999999979
20
-135.0109659999999963
11
87.8019999999999925
21
-135.0499999999999829
0
LINE
8
BLACK
6
CONTINUOUS
10
87.8019999999999925
20
-135.0499999999999829
11
87.8019999999999925
21
-136.75
0
LINE
8
BLACK
6
CONTINUOUS
10
87.8019999999999925
20
-136.75
11
87.7942359999999979
21
-136.7890339999999867
0
LINE
8
BLACK
6
CONTINUOUS
10
87.7942359999999979
20
-136.7890339999999867
11
87.7721250000000026
21
-136.8221249999999998
0
LINE
8
BLACK
6
CONTINUOUS
10
87.7721250000000026
20
-136.8221249999999998
11
87.7390339999999895
21
-136.8442359999999951
0
LINE
8
BLACK
6
CONTINUOUS
10
87.7390339999999895
20
-136.8442359999999951
11
87.7000000000000028
21
-136.8520000000000039
0
LINE
8
BLACK
6
CONTINUOUS
10
87.7000000000000028
20
-136.8520000000000039
11
87.0999999999999943
21
-136.8520000000000039
0
LINE
8
BLACK
6
CONTINUOUS
10
87.0999999999999943
20
-136.8520000000000039
11
87.0609659999999934
21
-136.8442359999999951
0
LINE
8
BLACK
6
CONTINUOUS
10
87.0609659999999934
20
-136.8442359999999951
11
87.0278749999999945
21
-136.8221249999999998
0
LINE
8
BLACK
6
CONTINUOUS
10
87.0278749999999945
20
-136.8221249999999998
11
87.0057639999999992
21
-136.7890339999999867
0
LINE
8
BLACK
6
CONTINUOUS
10
87.0057639999999992
20
-136.7890339999999867
11
86.9979999999999905
21
-136.75
0
LINE
8
BLACK
6
CONTINUOUS
10
86.9979999999999905
20
-136.75
11
86.9979999999999905
21
-135.0499999999999829
0
LINE
8
BLACK
6
CONTINUOUS
10
86.9979999999999905
20
-135.0499999999999829
11
87.0057639999999992
21
-135.0109659999999963
0
LINE
8
BLACK
6
CONTINUOUS
10
87.0057639999999992
20
-135.0109659999999963
11
87.0278749999999945
21
-134.9778749999999832
0
LINE
8
BLACK
6
CONTINUOUS
10
87.0278749999999945
20
-134.9778749999999832
11
87.0609659999999934
21
-134.9557639999999878
0
LINE
8
BLACK
6
CONTINUOUS
10
87.0609659999999934
20
-134.9557639999999878
11
87.0999999999999943
21
-134.9480000000000075
0
LINE
8
BLACK
6
CONTINUOUS
10
87.0999999999999943
20
-134.9480000000000075
11
87.7000000000000028
21
-134.9480000000000075
0
LINE
8
BLACK
6
CONTINUOUS
10
87.7000000000000028
20
-134.9480000000000075
11
87.7390339999999895
21
-134.9557639999999878
0
LINE
8
BLACK
6
CONTINUOUS
10
88.9890339999999895
20
-134.9557639999999878
11
89.0221250000000026
21
-134.9778749999999832
0
LINE
8
BLACK
6
CONTINUOUS
10
89.0221250000000026
20
-134.9778749999999832
11
89.0442359999999979
21
-135.0109659999999963
0
LINE
8
BLACK
6
CONTINUOUS
10
89.0442359999999979
20
-135.0109659999999963
11
89.0519999999999925
21
-135.0499999999999829
0
LINE
8
BLACK
6
CONTINUOUS
10
89.0519999999999925
20
-135.0499999999999829
11
89.0519999999999925
21
-136.75
0
LINE
8
BLACK
6
CONTINUOUS
10
89.0519999999999925
20
-136.75
11
89.0442359999999979
21
-136.7890339999999867
0
LINE
8
BLACK
6
CONTINUOUS
10
89.0442359999999979
20
-136.7890339999999867
11
89.0221250000000026
21
-136.8221249999999998
0
LINE
8
BLACK
6
CONTINUOUS
10
89.0221250000000026
20
-136.8221249999999998
11
88.9890339999999895
21
-136.8442359999999951
0
LINE
8
BLACK
6
CONTINUOUS
10
88.9890339999999895
20
-136.8442359999999951
11
88.9500000000000028
21
-136.8520000000000039
0
LINE
8
BLACK
6
CONTINUOUS
10
88.9500000000000028
20
-136.8520000000000039
11
88.3499999999999943
21
-136.8520000000000039
0
LINE
8
BLACK
6
CONTINUOUS
10
88.3499999999999943
20
-136.8520000000000039
11
88.3109659999999934
21
-136.8442359999999951
0
LINE
8
BLACK
6
CONTINUOUS
10
88.3109659999999934
20
-136.8442359999999951
11
88.2778749999999945
21
-136.8221249999999998
0
LINE
8
BLACK
6
CONTINUOUS
10
88.2778749999999945
20
-136.8221249999999998
11
88.2557639999999992
21
-136.7890339999999867
0
LINE
8
BLACK
6
CONTINUOUS
10
88.2557639999999992
20
-136.7890339999999867
11
88.2479999999999905
21
-136.75
0
LINE
8
BLACK
6
CONTINUOUS
10
88.2479999999999905
20
-136.75
11
88.2479999999999905
21
-135.0499999999999829
0
LINE
8
BLACK
6
CONTINUOUS
10
88.2479999999999905
20
-135.0499999999999829
11
88.2557639999999992
21
-135.0109659999999963
0
LINE
8
BLACK
6
CONTINUOUS
10
88.2557639999999992
20
-135.0109659999999963
11
88.2778749999999945
21
-134.9778749999999832
0
LINE
8
BLACK
6
CONTINUOUS
10
88.2778749999999945
20
-134.9778749999999832
11
88.3109659999999934
21
-134.9557639999999878
0
LINE
8
BLACK
6
CONTINUOUS
10
88.3109659999999934
20
-134.9557639999999878
11
88.3499999999999943
21
-134.9480000000000075
0
LINE
8
BLACK
6
CONTINUOUS
10
88.3499999999999943
20
-134.9480000000000075
11
88.9500000000000028
21
-134.9480000000000075
0
LINE
8
BLACK
6
CONTINUOUS
10
88.9500000000000028
20
-134.9480000000000075
11
88.9890339999999895
21
-134.9557639999999878
0
LINE
8
BLACK
6
CONTINUOUS
10
99.9890339999999895
20
-134.9557639999999878
11
100.0221249999999884
21
-134.9778749999999832
0
LINE
8
BLACK
6
CONTINUOUS
10
100.0221249999999884
20
-134.9778749999999832
11
100.0442359999999979
21
-135.0109659999999963
0
LINE
8
BLACK
6
CONTINUOUS
10
100.0442359999999979
20
-135.0109659999999963
11
100.0519999999999925
21
-135.0499999999999829
0
LINE
8
BLACK
6
CONTINUOUS
10
100.0519999999999925
20
-135.0499999999999829
11
100.0519999999999925
21
-136.75
0
LINE
8
BLACK
6
CONTINUOUS
10
100.0519999999999925
20
-136.75
11
100.0442359999999979
21
-136.7890339999999867
0
LINE
8
BLACK
6
CONTINUOUS
10
100.0442359999999979
20
-136.7890339999999867
11
100.0221249999999884
21
-136.8221249999999998
0
LINE
8
BLACK
6
CONTINUOUS
10
100.0221249999999884
20
-136.8221249999999998
11
99.9890339999999895
21
-136.8442359999999951
0
LINE
8
BLACK
6
CONTINUOUS
10
99.9890339999999895
20
-136.8442359999999951
11
99.9499999999999886
21
-136.8520000000000039
0
LINE
8
BLACK
6
CONTINUOUS
10
99.9499999999999886
20
-136.8520000000000039
11
99.3499999999999943
21
-136.8520000000000039
0
LINE
8
BLACK
6
CONTINUOUS
10
99.3499999999999943
20
-136.8520000000000039
11
99.3109659999999934
21
-136.8442359999999951
0
LINE
8
BLACK
6
CONTINUOUS
10
99.3109659999999934
20
-136.8442359999999951
11
99.2778749999999945
21
-136.8221249999999998
0
LINE
8
BLACK
6
CONTINUOUS
10
99.2778749999999945
20
-136.8221249999999998
11
99.2557639999999992
21
-136.7890339999999867
0
LINE
8
BLACK
6
CONTINUOUS
10
99.2557639999999992
20
-136.7890339999999867
11
99.2479999999999905
21
-136.75
0
LINE
8
BLACK
6
CONTINUOUS
10
99.2479999999999905
20
-136.75
11
99.2479999999999905
21
-135.0499999999999829
0
LINE
8
BLACK
6
CONTINUOUS
10
99.2479999999999905
20
-135.0499999999999829
11
99.2557639999999992
21
-135.0109659999999963
0
LINE
8
BLACK
6
CONTINUOUS
10
99.2557639999999992
20
-135.0109659999999963
11
99.2778749999999945
21
-134.9778749999999832
0
LINE
8
BLACK
6
CONTINUOUS
10
99.2778749999999945
20
-134.9778749999999832
11
99.3109659999999934
21
-134.9557639999999878
0
LINE
8
BLACK
6
CONTINUOUS
10
99.3109659999999934
20
-134.9557639999999878
11
99.3499999999999943
21
-134.9480000000000075
0
LINE
8
BLACK
6
CONTINUOUS
10
99.3499999999999943
20
-134.9480000000000075
11
99.9499999999999886
21
-134.9480000000000075
0
LINE
8
BLACK
6
CONTINUOUS
10
99.9499999999999886
20
-134.9480000000000075
11
99.9890339999999895
21
-134.9557639999999878
0
LINE
8
BLACK
6
CONTINUOUS
10
101.2390339999999895
20
-134.9557639999999878
11
101.2721249999999884
21
-134.9778749999999832
0
LINE
8
BLACK
6
CONTINUOUS
10
101.2721249999999884
20
-134.9778749999999832
11
101.2942359999999979
21
-135.0109659999999963
0
LINE
8
BLACK
6
CONTINUOUS
10
101.2942359999999979
20
-135.0109659999999963
11
101.3019999999999925
21
-135.0499999999999829
0
LINE
8
BLACK
6
CONTINUOUS
10
101.3019999999999925
20
-135.0499999999999829
11
101.3019999999999925
21
-136.75
0
LINE
8
BLACK
6
CONTINUOUS
10
101.3019999999999925
20
-136.75
11
101.2942359999999979
21
-136.7890339999999867
0
LINE
8
BLACK
6
CONTINUOUS
10
101.2942359999999979
20
-136.7890339999999867
11
101.2721249999999884
21
-136.8221249999999998
0
LINE
8
BLACK
6
CONTINUOUS
10
101.2721249999999884
20
-136.8221249999999998
11
101.2390339999999895
21
-136.8442359999999951
0
LINE
8
BLACK
6
CONTINUOUS
10
101.2390339999999895
20
-136.8442359999999951
11
101.1999999999999886
21
-136.8520000000000039
0
LINE
8
BLACK
6
CONTINUOUS
10
101.1999999999999886
20
-136.8520000000000039
11
100.5999999999999943
21
-136.8520000000000039
0
LINE
8
BLACK
6
CONTINUOUS
10
100.5999999999999943
20
-136.8520000000000039
11
100.5609659999999934
21
-136.8442359999999951
0
LINE
8
BLACK
6
CONTINUOUS
10
100.5609659999999934
20
-136.8442359999999951
11
100.5278749999999945
21
-136.8221249999999998
0
LINE
8
BLACK
6
CONTINUOUS
10
100.5278749999999945
20
-136.8221249999999998
11
100.5057639999999992
21
-136.7890339999999867
0
LINE
8
BLACK
6
CONTINUOUS
10
100.5057639999999992
20
-136.7890339999999867
11
100.4979999999999905
21
-136.75
0
LINE
8
BLACK
6
CONTINUOUS
10
100.4979999999999905
20
-136.75
11
100.4979999999999905
21
-135.0499999999999829
0
LINE
8
BLACK
6
CONTINUOUS
10
100.4979999999999905
20
-135.0499999999999829
11
100.5057639999999992
21
-135.0109659999999963
0
LINE
8
BLACK
6
CONTINUOUS
10
100.5057639999999992
20
-135.0109659999999963
11
100.5278749999999945
21
-134.9778749999999832
0
LINE
8
BLACK
6
CONTINUOUS
10
100.5278749999999945
20
-134.9778749999999832
11
100.5609659999999934
21
-134.9557639999999878
0
LINE
8
BLACK
6
CONTINUOUS
10
100.5609659999999934
20
-134.9557639999999878
11
100.5999999999999943
21
-134.9480000000000075
0
LINE
8
BLACK
6
CONTINUOUS
10
100.5999999999999943
20
-134.9480000000000075
11
101.1999999999999886
21
-134.9480000000000075
0
LINE
8
BLACK
6
CONTINUOUS
10
101.1999999999999886
20
-134.9480000000000075
11
101.2390339999999895
21
-134.9557639999999878
0
LINE
8
BLACK
6
CONTINUOUS
10
102.4890339999999895
20
-134.9557639999999878
11
102.5221249999999884
21
-134.9778749999999832
0
LINE
8
BLACK
6
CONTINUOUS
10
102.5221249999999884
20
-134.9778749999999832
11
102.5442359999999979
21
-135.0109659999999963
0
LINE
8
BLACK
6
CONTINUOUS
10
102.5442359999999979
20
-135.0109659999999963
11
102.5519999999999925
21
-135.0499999999999829
0
LINE
8
BLACK
6
CONTINUOUS
10
102.5519999999999925
20
-135.0499999999999829
11
102.5519999999999925
21
-136.75
0
LINE
8
BLACK
6
CONTINUOUS
10
102.5519999999999925
20
-136.75
11
102.5442359999999979
21
-136.7890339999999867
0
LINE
8
BLACK
6
CONTINUOUS
10
102.5442359999999979
20
-136.7890339999999867
11
102.5221249999999884
21
-136.8221249999999998
0
LINE
8
BLACK
6
CONTINUOUS
10
102.5221249999999884
20
-136.8221249999999998
11
102.4890339999999895
21
-136.8442359999999951
0
LINE
8
BLACK
6
CONTINUOUS
10
102.4890339999999895
20
-136.8442359999999951
11
102.4499999999999886
21
-136.8520000000000039
0
LINE
8
BLACK
6
CONTINUOUS
10
102.4499999999999886
20
-136.8520000000000039
11
101.8499999999999943
21
-136.8520000000000039
0
LINE
8
BLACK
6
CONTINUOUS
10
101.8499999999999943
20
-136.8520000000000039
11
101.8109659999999934
21
-136.8442359999999951
0
LINE
8
BLACK
6
CONTINUOUS
10
101.8109659999999934
20
-136.8442359999999951
11
101.7778749999999945
21
-136.8221249999999998
0
LINE
8
BLACK
6
CONTINUOUS
10
101.7778749999999945
20
-136.8221249999999998
11
101.7557639999999992
21
-136.7890339999999867
0
LINE
8
BLACK
6
CONTINUOUS
10
101.7557639999999992
20
-136.7890339999999867
11
101.7479999999999905
21
-136.75
0
LINE
8
BLACK
6
CONTINUOUS
10
101.7479999999999905
20
-136.75
11
101.7479999999999905
21
-135.0499999999999829
0
LINE
8
BLACK
6
CONTINUOUS
10
101.7479999999999905
20
-135.0499999999999829
11
101.7557639999999992
21
-135.0109659999999963
0
LINE
8
BLACK
6
CONTINUOUS
10
101.7557639999999992
20
-135.0109659999999963
11
101.7778749999999945
21
-134.9778749999999832
0
LINE
8
BLACK
6
CONTINUOUS
10
101.7778749999999945
20
-134.9778749999999832
11
101.8109659999999934
21
-134.9557639999999878
0
LINE
8
BLACK
6
CONTINUOUS
10
101.8109659999999934
20
-134.9557639999999878
11
101.8499999999999943
21
-134.9480000000000075
0
LINE
8
BLACK
6
CONTINUOUS
10
101.8499999999999943
20
-134.9480000000000075
11
102.4499999999999886
21
-134.9480000000000075
0
LINE
8
BLACK
6
CONTINUOUS
10
102.4499999999999886
20
-134.9480000000000075
11
102.4890339999999895
21
-134.9557639999999878
0
LINE
8
BLACK
6
CONTINUOUS
10
103.7390339999999895
20
-134.9557639999999878
11
103.7721249999999884
21
-134.9778749999999832
0
LINE
8
BLACK
6
CONTINUOUS
10
103.7721249999999884
20
-134.9778749999999832
11
103.7942359999999979
21
-135.0109659999999963
0
LINE
8
BLACK
6
CONTINUOUS
10
103.7942359999999979
20
-135.0109659999999963
11
103.8019999999999925
21
-135.0499999999999829
0
LINE
8
BLACK
6
CONTINUOUS
10
103.8019999999999925
20
-135.0499999999999829
11
103.8019999999999925
21
-136.75
0
LINE
8
BLACK
6
CONTINUOUS
10
103.8019999999999925
20
-136.75
11
103.7942359999999979
21
-136.7890339999999867
0
LINE
8
BLACK
6
CONTINUOUS
10
103.7942359999999979
20
-136.7890339999999867
11
103.7721249999999884
21
-136.8221249999999998
0
LINE
8
BLACK
6
CONTINUOUS
10
103.7721249999999884
20
-136.8221249999999998
11
103.7390339999999895
21
-136.8442359999999951
0
LINE
8
BLACK
6
CONTINUOUS
10
103.7390339999999895
20
-136.8442359999999951
11
103.6999999999999886
21
-136.8520000000000039
0
LINE
8
BLACK
6
CONTINUOUS
10
103.6999999999999886
20
-136.8520000000000039
11
103.0999999999999943
21
-136.8520000000000039
0
LINE
8
BLACK
6
CONTINUOUS
10
103.0999999999999943
20
-136.8520000000000039
11
103.0609659999999934
21
-136.8442359999999951
0
LINE
8
BLACK
6
CONTINUOUS
10
103.0609659999999934
20
-136.8442359999999951
11
103.0278749999999945
21
-136.8221249999999998
0
LINE
8
BLACK
6
CONTINUOUS
10
103.0278749999999945
20
-136.8221249999999998
11
103.0057639999999992
21
-136.7890339999999867
0
LINE
8
BLACK
6
CONTINUOUS
10
103.0057639999999992
20
-136.7890339999999867
11
102.9979999999999905
21
-136.75
0
LINE
8
BLACK
6
CONTINUOUS
10
102.9979999999999905
20
-136.75
11
102.9979999999999905
21
-135.0499999999999829
0
LINE
8
BLACK
6
CONTINUOUS
10
102.9979999999999905
20
-135.0499999999999829
11
103.0057639999999992
21
-135.0109659999999963
0
LINE
8
BLACK
6
CONTINUOUS
10
103.0057639999999992
20
-135.0109659999999963
11
103.0278749999999945
21
-134.9778749999999832
0
LINE
8
BLACK
6
CONTINUOUS
10
103.0278749999999945
20
-134.9778749999999832
11
103.0609659999999934
21
-134.9557639999999878
0
LINE
8
BLACK
6
CONTINUOUS
10
103.0609659999999934
20
-134.9557639999999878
11
103.0999999999999943
21
-134.9480000000000075
0
LINE
8
BLACK
6
CONTINUOUS
10
103.0999999999999943
20
-134.9480000000000075
11
103.6999999999999886
21
-134.9480000000000075
0
LINE
8
BLACK
6
CONTINUOUS
10
103.6999999999999886
20
-134.9480000000000075
11
103.7390339999999895
21
-134.9557639999999878
0
LINE
8
BLACK
6
CONTINUOUS
10
66.5813419999999923
20
-133.7630599999999959
11
66.6943809999999928
21
-133.8283229999999833
0
LINE
8
BLACK
6
CONTINUOUS
10
66.6943809999999928
20
-133.8283229999999833
11
66.7866769999999974
21
-133.9206189999999879
0
LINE
8
BLACK
6
CONTINUOUS
10
66.7866769999999974
20
-133.9206189999999879
11
66.851939999999999
21
-134.0336580000000026
0
LINE
8
BLACK
6
CONTINUOUS
10
66.851939999999999
20
-134.0336580000000026
11
66.8857220000000012
21
-134.1597370000000069
0
LINE
8
BLACK
6
CONTINUOUS
10
66.8857220000000012
20
-134.1597370000000069
11
66.8900000000000006
21
-134.2249999999999943
0
LINE
8
BLACK
6
CONTINUOUS
10
66.8900000000000006
20
-134.2249999999999943
11
66.8900000000000006
21
-135.3249999999999886
0
LINE
8
BLACK
6
CONTINUOUS
10
66.8900000000000006
20
-135.3249999999999886
11
66.8857220000000012
21
-135.3902630000000045
0
LINE
8
BLACK
6
CONTINUOUS
10
66.8857220000000012
20
-135.3902630000000045
11
66.851939999999999
21
-135.5163419999999803
0
LINE
8
BLACK
6
CONTINUOUS
10
66.851939999999999
20
-135.5163419999999803
11
66.7866769999999974
21
-135.6293809999999951
0
LINE
8
BLACK
6
CONTINUOUS
10
66.7866769999999974
20
-135.6293809999999951
11
66.6943809999999928
21
-135.7216769999999997
0
LINE
8
BLACK
6
CONTINUOUS
10
66.6943809999999928
20
-135.7216769999999997
11
66.5813419999999923
21
-135.7869399999999871
0
LINE
8
BLACK
6
CONTINUOUS
10
66.5813419999999923
20
-135.7869399999999871
11
66.4552630000000022
21
-135.8207219999999893
0
LINE
8
BLACK
6
CONTINUOUS
10
66.4552630000000022
20
-135.8207219999999893
11
66.3247369999999989
21
-135.8207219999999893
0
LINE
8
BLACK
6
CONTINUOUS
10
66.3247369999999989
20
-135.8207219999999893
11
66.1986579999999947
21
-135.7869399999999871
0
LINE
8
BLACK
6
CONTINUOUS
10
66.1986579999999947
20
-135.7869399999999871
11
66.0856189999999941
21
-135.7216769999999997
0
LINE
8
BLACK
6
CONTINUOUS
10
66.0856189999999941
20
-135.7216769999999997
11
65.9933230000000037
21
-135.6293809999999951
0
LINE
8
BLACK
6
CONTINUOUS
10
65.9933230000000037
20
-135.6293809999999951
11
65.9280600000000021
21
-135.5163419999999803
0
LINE
8
BLACK
6
CONTINUOUS
10
65.9280600000000021
20
-135.5163419999999803
11
65.8942779999999999
21
-135.3902630000000045
0
LINE
8
BLACK
6
CONTINUOUS
10
65.8942779999999999
20
-135.3902630000000045
11
65.8900000000000006
21
-135.3249999999999886
0
LINE
8
BLACK
6
CONTINUOUS
10
65.8900000000000006
20
-135.3249999999999886
11
65.8900000000000006
21
-134.2249999999999943
0
LINE
8
BLACK
6
CONTINUOUS
10
65.8900000000000006
20
-134.2249999999999943
11
65.8942779999999999
21
-134.1597370000000069
0
LINE
8
BLACK
6
CONTINUOUS
10
65.8942779999999999
20
-134.1597370000000069
11
65.9280600000000021
21
-134.0336580000000026
0
LINE
8
BLACK
6
CONTINUOUS
10
65.9280600000000021
20
-134.0336580000000026
11
65.9933230000000037
21
-133.9206189999999879
0
LINE
8
BLACK
6
CONTINUOUS
10
65.9933230000000037
20
-133.9206189999999879
11
66.0856189999999941
21
-133.8283229999999833
0
LINE
8
BLACK
6
CONTINUOUS
10
66.0856189999999941
20
-133.8283229999999833
11
66.1986579999999947
21
-133.7630599999999959
0
LINE
8
BLACK
6
CONTINUOUS
10
66.1986579999999947
20
-133.7630599999999959
11
66.3247369999999989
21
-133.7292779999999937
0
LINE
8
BLACK
6
CONTINUOUS
10
66.3247369999999989
20
-133.7292779999999937
11
66.4552630000000022
21
-133.7292779999999937
0
LINE
8
BLACK
6
CONTINUOUS
10
66.4552630000000022
20
-133.7292779999999937
11
66.5813419999999923
21
-133.7630599999999959
0
LINE
8
BLACK
6
CONTINUOUS
10
75.2213419999999928
20
-133.7630599999999959
11
75.3343809999999934
21
-133.8283229999999833
0
LINE
8
BLACK
6
CONTINUOUS
10
75.3343809999999934
20
-133.8283229999999833
11
75.426676999999998
21
-133.9206189999999879
0
LINE
8
BLACK
6
CONTINUOUS
10
75.426676999999998
20
-133.9206189999999879
11
75.4919399999999996
21
-134.0336580000000026
0
LINE
8
BLACK
6
CONTINUOUS
10
75.4919399999999996
20
-134.0336580000000026
11
75.5257220000000018
21
-134.1597370000000069
0
LINE
8
BLACK
6
CONTINUOUS
10
75.5257220000000018
20
-134.1597370000000069
11
75.5300000000000011
21
-134.2249999999999943
0
LINE
8
BLACK
6
CONTINUOUS
10
75.5300000000000011
20
-134.2249999999999943
11
75.5300000000000011
21
-135.3249999999999886
0
LINE
8
BLACK
6
CONTINUOUS
10
75.5300000000000011
20
-135.3249999999999886
11
75.5257220000000018
21
-135.3902630000000045
0
LINE
8
BLACK
6
CONTINUOUS
10
75.5257220000000018
20
-135.3902630000000045
11
75.4919399999999996
21
-135.5163419999999803
0
LINE
8
BLACK
6
CONTINUOUS
10
75.4919399999999996
20
-135.5163419999999803
11
75.426676999999998
21
-135.6293809999999951
0
LINE
8
BLACK
6
CONTINUOUS
10
75.426676999999998
20
-135.6293809999999951
11
75.3343809999999934
21
-135.7216769999999997
0
LINE
8
BLACK
6
CONTINUOUS
10
75.3343809999999934
20
-135.7216769999999997
11
75.2213419999999928
21
-135.7869399999999871
0
LINE
8
BLACK
6
CONTINUOUS
10
75.2213419999999928
20
-135.7869399999999871
11
75.0952630000000028
21
-135.8207219999999893
0
LINE
8
BLACK
6
CONTINUOUS
10
75.0952630000000028
20
-135.8207219999999893
11
74.9647369999999995
21
-135.8207219999999893
0
LINE
8
BLACK
6
CONTINUOUS
10
74.9647369999999995
20
-135.8207219999999893
11
74.8386579999999952
21
-135.7869399999999871
0
LINE
8
BLACK
6
CONTINUOUS
10
74.8386579999999952
20
-135.7869399999999871
11
74.7256189999999947
21
-135.7216769999999997
0
LINE
8
BLACK
6
CONTINUOUS
10
74.7256189999999947
20
-135.7216769999999997
11
74.6333229999999901
21
-135.6293809999999951
0
LINE
8
BLACK
6
CONTINUOUS
10
74.6333229999999901
20
-135.6293809999999951
11
74.5680600000000027
21
-135.5163419999999803
0
LINE
8
BLACK
6
CONTINUOUS
10
74.5680600000000027
20
-135.5163419999999803
11
74.5342780000000005
21
-135.3902630000000045
0
LINE
8
BLACK
6
CONTINUOUS
10
74.5342780000000005
20
-135.3902630000000045
11
74.5300000000000011
21
-135.3249999999999886
0
LINE
8
BLACK
6
CONTINUOUS
10
74.5300000000000011
20
-135.3249999999999886
11
74.5300000000000011
21
-134.2249999999999943
0
LINE
8
BLACK
6
CONTINUOUS
10
74.5300000000000011
20
-134.2249999999999943
11
74.5342780000000005
21
-134.1597370000000069
0
LINE
8
BLACK
6
CONTINUOUS
10
74.5342780000000005
20
-134.1597370000000069
11
74.5680600000000027
21
-134.0336580000000026
0
LINE
8
BLACK
6
CONTINUOUS
10
74.5680600000000027
20
-134.0336580000000026
11
74.6333229999999901
21
-133.9206189999999879
0
LINE
8
BLACK
6
CONTINUOUS
10
74.6333229999999901
20
-133.9206189999999879
11
74.7256189999999947
21
-133.8283229999999833
0
LINE
8
BLACK
6
CONTINUOUS
10
74.7256189999999947
20
-133.8283229999999833
11
74.8386579999999952
21
-133.7630599999999959
0
LINE
8
BLACK
6
CONTINUOUS
10
74.8386579999999952
20
-133.7630599999999959
11
74.9647369999999995
21
-133.7292779999999937
0
LINE
8
BLACK
6
CONTINUOUS
10
74.9647369999999995
20
-133.7292779999999937
11
75.0952630000000028
21
-133.7292779999999937
0
LINE
8
BLACK
6
CONTINUOUS
10
75.0952630000000028
20
-133.7292779999999937
11
75.2213419999999928
21
-133.7630599999999959
0
LINE
8
BLACK
6
CONTINUOUS
10
67.9443720000000013
20
-134.9747389999999996
11
68.0178470000000033
21
-135.0171599999999899
0
LINE
8
BLACK
6
CONTINUOUS
10
68.0178470000000033
20
-135.0171599999999899
11
68.0778399999999948
21
-135.0771529999999814
0
LINE
8
BLACK
6
CONTINUOUS
10
68.0778399999999948
20
-135.0771529999999814
11
68.1202609999999993
21
-135.1506279999999833
0
LINE
8
BLACK
6
CONTINUOUS
10
68.1202609999999993
20
-135.1506279999999833
11
68.1422199999999947
21
-135.232578999999987
0
LINE
8
BLACK
6
CONTINUOUS
10
68.1422199999999947
20
-135.232578999999987
11
68.1422199999999947
21
-135.317420999999996
0
LINE
8
BLACK
6
CONTINUOUS
10
68.1422199999999947
20
-135.317420999999996
11
68.1202609999999993
21
-135.3993719999999996
0
LINE
8
BLACK
6
CONTINUOUS
10
68.1202609999999993
20
-135.3993719999999996
11
68.0778399999999948
21
-135.4728470000000016
0
LINE
8
BLACK
6
CONTINUOUS
10
68.0778399999999948
20
-135.4728470000000016
11
68.0178470000000033
21
-135.5328399999999931
0
LINE
8
BLACK
6
CONTINUOUS
10
68.0178470000000033
20
-135.5328399999999931
11
67.9443720000000013
21
-135.5752609999999834
0
LINE
8
BLACK
6
CONTINUOUS
10
67.9443720000000013
20
-135.5752609999999834
11
67.8624209999999977
21
-135.597219999999993
0
LINE
8
BLACK
6
CONTINUOUS
10
67.8624209999999977
20
-135.597219999999993
11
67.7775790000000029
21
-135.597219999999993
0
LINE
8
BLACK
6
CONTINUOUS
10
67.7775790000000029
20
-135.597219999999993
11
67.6956279999999992
21
-135.5752609999999834
0
LINE
8
BLACK
6
CONTINUOUS
10
67.6956279999999992
20
-135.5752609999999834
11
67.6221529999999973
21
-135.5328399999999931
0
LINE
8
BLACK
6
CONTINUOUS
10
67.6221529999999973
20
-135.5328399999999931
11
67.5621599999999916
21
-135.4728470000000016
0
LINE
8
BLACK
6
CONTINUOUS
10
67.5621599999999916
20
-135.4728470000000016
11
67.5197390000000013
21
-135.3993719999999996
0
LINE
8
BLACK
6
CONTINUOUS
10
67.5197390000000013
20
-135.3993719999999996
11
67.4977799999999917
21
-135.317420999999996
0
LINE
8
BLACK
6
CONTINUOUS
10
67.4977799999999917
20
-135.317420999999996
11
67.4977799999999917
21
-135.232578999999987
0
LINE
8
BLACK
6
CONTINUOUS
10
67.4977799999999917
20
-135.232578999999987
11
67.5197390000000013
21
-135.1506279999999833
0
LINE
8
BLACK
6
CONTINUOUS
10
67.5197390000000013
20
-135.1506279999999833
11
67.5621599999999916
21
-135.0771529999999814
0
LINE
8
BLACK
6
CONTINUOUS
10
67.5621599999999916
20
-135.0771529999999814
11
67.6221529999999973
21
-135.0171599999999899
0
LINE
8
BLACK
6
CONTINUOUS
10
67.6221529999999973
20
-135.0171599999999899
11
67.6956279999999992
21
-134.9747389999999996
0
LINE
8
BLACK
6
CONTINUOUS
10
67.6956279999999992
20
-134.9747389999999996
11
67.7775790000000029
21
-134.95277999999999
0
LINE
8
BLACK
6
CONTINUOUS
10
67.7775790000000029
20
-134.95277999999999
11
67.8624209999999977
21
-134.95277999999999
0
LINE
8
BLACK
6
CONTINUOUS
10
67.8624209999999977
20
-134.95277999999999
11
67.9443720000000013
21
-134.9747389999999996
0
LINE
8
BLACK
6
CONTINUOUS
10
73.7243720000000025
20
-134.9747389999999996
11
73.7978469999999902
21
-135.0171599999999899
0
LINE
8
BLACK
6
CONTINUOUS
10
73.7978469999999902
20
-135.0171599999999899
11
73.8578399999999959
21
-135.0771529999999814
0
LINE
8
BLACK
6
CONTINUOUS
10
73.8578399999999959
20
-135.0771529999999814
11
73.9002610000000004
21
-135.1506279999999833
0
LINE
8
BLACK
6
CONTINUOUS
10
73.9002610000000004
20
-135.1506279999999833
11
73.9222199999999958
21
-135.232578999999987
0
LINE
8
BLACK
6
CONTINUOUS
10
73.9222199999999958
20
-135.232578999999987
11
73.9222199999999958
21
-135.317420999999996
0
LINE
8
BLACK
6
CONTINUOUS
10
73.9222199999999958
20
-135.317420999999996
11
73.9002610000000004
21
-135.3993719999999996
0
LINE
8
BLACK
6
CONTINUOUS
10
73.9002610000000004
20
-135.3993719999999996
11
73.8578399999999959
21
-135.4728470000000016
0
LINE
8
BLACK
6
CONTINUOUS
10
73.8578399999999959
20
-135.4728470000000016
11
73.7978469999999902
21
-135.5328399999999931
0
LINE
8
BLACK
6
CONTINUOUS
10
73.7978469999999902
20
-135.5328399999999931
11
73.7243720000000025
21
-135.5752609999999834
0
LINE
8
BLACK
6
CONTINUOUS
10
73.7243720000000025
20
-135.5752609999999834
11
73.6424209999999988
21
-135.597219999999993
0
LINE
8
BLACK
6
CONTINUOUS
10
73.6424209999999988
20
-135.597219999999993
11
73.5575789999999898
21
-135.597219999999993
0
LINE
8
BLACK
6
CONTINUOUS
10
73.5575789999999898
20
-135.597219999999993
11
73.4756280000000004
21
-135.5752609999999834
0
LINE
8
BLACK
6
CONTINUOUS
10
73.4756280000000004
20
-135.5752609999999834
11
73.4021529999999984
21
-135.5328399999999931
0
LINE
8
BLACK
6
CONTINUOUS
10
73.4021529999999984
20
-135.5328399999999931
11
73.3421599999999927
21
-135.4728470000000016
0
LINE
8
BLACK
6
CONTINUOUS
10
73.3421599999999927
20
-135.4728470000000016
11
73.2997390000000024
21
-135.3993719999999996
0
LINE
8
BLACK
6
CONTINUOUS
10
73.2997390000000024
20
-135.3993719999999996
11
73.2777799999999928
21
-135.317420999999996
0
LINE
8
BLACK
6
CONTINUOUS
10
73.2777799999999928
20
-135.317420999999996
11
73.2777799999999928
21
-135.232578999999987
0
LINE
8
BLACK
6
CONTINUOUS
10
73.2777799999999928
20
-135.232578999999987
11
73.2997390000000024
21
-135.1506279999999833
0
LINE
8
BLACK
6
CONTINUOUS
10
73.2997390000000024
20
-135.1506279999999833
11
73.3421599999999927
21
-135.0771529999999814
0
LINE
8
BLACK
6
CONTINUOUS
10
73.3421599999999927
20
-135.0771529999999814
11
73.4021529999999984
21
-135.0171599999999899
0
LINE
8
BLACK
6
CONTINUOUS
10
73.4021529999999984
20
-135.0171599999999899
11
73.4756280000000004
21
-134.9747389999999996
0
LINE
8
BLACK
6
CONTINUOUS
10
73.4756280000000004
20
-134.9747389999999996
11
73.5575789999999898
21
-134.95277999999999
0
LINE
8
BLACK
6
CONTINUOUS
10
73.5575789999999898
20
-134.95277999999999
11
73.6424209999999988
21
-134.95277999999999
0
LINE
8
BLACK
6
CONTINUOUS
10
73.6424209999999988
20
-134.95277999999999
11
73.7243720000000025
21
-134.9747389999999996
0
LINE
8
BLACK
6
CONTINUOUS
10
116.5158869999999922
20
-134.3868290000000059
11
116.5929379999999895
21
-134.4383119999999963
0
LINE
8
BLACK
6
CONTINUOUS
10
116.5929379999999895
20
-134.4383119999999963
11
116.6444209999999941
21
-134.5153630000000078
0
LINE
8
BLACK
6
CONTINUOUS
10
116.6444209999999941
20
-134.5153630000000078
11
116.6624999999999943
21
-134.6062499999999886
0
LINE
8
BLACK
6
CONTINUOUS
10
116.6624999999999943
20
-134.6062499999999886
11
116.6624999999999943
21
-135.0812499999999829
0
LINE
8
BLACK
6
CONTINUOUS
10
116.6624999999999943
20
-135.0812499999999829
11
116.6444209999999941
21
-135.1721369999999922
0
LINE
8
BLACK
6
CONTINUOUS
10
116.6444209999999941
20
-135.1721369999999922
11
116.5929379999999895
21
-135.2491880000000037
0
LINE
8
BLACK
6
CONTINUOUS
10
116.5929379999999895
20
-135.2491880000000037
11
116.5158869999999922
21
-135.3006709999999941
0
LINE
8
BLACK
6
CONTINUOUS
10
116.5158869999999922
20
-135.3006709999999941
11
116.4249999999999972
21
-135.3187499999999943
0
LINE
8
BLACK
6
CONTINUOUS
10
116.4249999999999972
20
-135.3187499999999943
11
115.9249999999999972
21
-135.3187499999999943
0
LINE
8
BLACK
6
CONTINUOUS
10
115.9249999999999972
20
-135.3187499999999943
11
115.8341129999999879
21
-135.3006709999999941
0
LINE
8
BLACK
6
CONTINUOUS
10
115.8341129999999879
20
-135.3006709999999941
11
115.7570619999999906
21
-135.2491880000000037
0
LINE
8
BLACK
6
CONTINUOUS
10
115.7570619999999906
20
-135.2491880000000037
11
115.7055790000000002
21
-135.1721369999999922
0
LINE
8
BLACK
6
CONTINUOUS
10
115.7055790000000002
20
-135.1721369999999922
11
115.6875
21
-135.0812499999999829
0
LINE
8
BLACK
6
CONTINUOUS
10
115.6875
20
-135.0812499999999829
11
115.6875
21
-134.6062499999999886
0
LINE
8
BLACK
6
CONTINUOUS
10
115.6875
20
-134.6062499999999886
11
115.7055790000000002
21
-134.5153630000000078
0
LINE
8
BLACK
6
CONTINUOUS
10
115.7055790000000002
20
-134.5153630000000078
11
115.7570619999999906
21
-134.4383119999999963
0
LINE
8
BLACK
6
CONTINUOUS
10
115.7570619999999906
20
-134.4383119999999963
11
115.8341129999999879
21
-134.3868290000000059
0
LINE
8
BLACK
6
CONTINUOUS
10
115.8341129999999879
20
-134.3868290000000059
11
115.9249999999999972
21
-134.3687500000000057
0
LINE
8
BLACK
6
CONTINUOUS
10
115.9249999999999972
20
-134.3687500000000057
11
116.4249999999999972
21
-134.3687500000000057
0
LINE
8
BLACK
6
CONTINUOUS
10
116.4249999999999972
20
-134.3687500000000057
11
116.5158869999999922
21
-134.3868290000000059
0
LINE
8
BLACK
6
CONTINUOUS
10
118.3408869999999951
20
-134.3868290000000059
11
118.4179379999999924
21
-134.4383119999999963
0
LINE
8
BLACK
6
CONTINUOUS
10
118.4179379999999924
20
-134.4383119999999963
11
118.469420999999997
21
-134.5153630000000078
0
LINE
8
BLACK
6
CONTINUOUS
10
118.469420999999997
20
-134.5153630000000078
11
118.4874999999999972
21
-134.6062499999999886
0
LINE
8
BLACK
6
CONTINUOUS
10
118.4874999999999972
20
-134.6062499999999886
11
118.4874999999999972
21
-135.0812499999999829
0
LINE
8
BLACK
6
CONTINUOUS
10
118.4874999999999972
20
-135.0812499999999829
11
118.469420999999997
21
-135.1721369999999922
0
LINE
8
BLACK
6
CONTINUOUS
10
118.469420999999997
20
-135.1721369999999922
11
118.4179379999999924
21
-135.2491880000000037
0
LINE
8
BLACK
6
CONTINUOUS
10
118.4179379999999924
20
-135.2491880000000037
11
118.3408869999999951
21
-135.3006709999999941
0
LINE
8
BLACK
6
CONTINUOUS
10
118.3408869999999951
20
-135.3006709999999941
11
118.25
21
-135.3187499999999943
0
LINE
8
BLACK
6
CONTINUOUS
10
118.25
20
-135.3187499999999943
11
117.75
21
-135.3187499999999943
0
LINE
8
BLACK
6
CONTINUOUS
10
117.75
20
-135.3187499999999943
11
117.6591129999999907
21
-135.3006709999999941
0
LINE
8
BLACK
6
CONTINUOUS
10
117.6591129999999907
20
-135.3006709999999941
11
117.5820619999999934
21
-135.2491880000000037
0
LINE
8
BLACK
6
CONTINUOUS
10
117.5820619999999934
20
-135.2491880000000037
11
117.5305789999999888
21
-135.1721369999999922
0
LINE
8
BLACK
6
CONTINUOUS
10
117.5305789999999888
20
-135.1721369999999922
11
117.5124999999999886
21
-135.0812499999999829
0
LINE
8
BLACK
6
CONTINUOUS
10
117.5124999999999886
20
-135.0812499999999829
11
117.5124999999999886
21
-134.6062499999999886
0
LINE
8
BLACK
6
CONTINUOUS
10
117.5124999999999886
20
-134.6062499999999886
11
117.5305789999999888
21
-134.5153630000000078
0
LINE
8
BLACK
6
CONTINUOUS
10
117.5305789999999888
20
-134.5153630000000078
11
117.5820619999999934
21
-134.4383119999999963
0
LINE
8
BLACK
6
CONTINUOUS
10
117.5820619999999934
20
-134.4383119999999963
11
117.6591129999999907
21
-134.3868290000000059
0
LINE
8
BLACK
6
CONTINUOUS
10
117.6591129999999907
20
-134.3868290000000059
11
117.75
21
-134.3687500000000057
0
LINE
8
BLACK
6
CONTINUOUS
10
117.75
20
-134.3687500000000057
11
118.25
21
-134.3687500000000057
0
LINE
8
BLACK
6
CONTINUOUS
10
118.25
20
-134.3687500000000057
11
118.3408869999999951
21
-134.3868290000000059
0
LINE
8
BLACK
6
CONTINUOUS
10
107.5283869999999951
20
-134.0430790000000059
11
107.6054379999999924
21
-134.0945619999999963
0
LINE
8
BLACK
6
CONTINUOUS
10
107.6054379999999924
20
-134.0945619999999963
11
107.656920999999997
21
-134.1716130000000078
0
LINE
8
BLACK
6
CONTINUOUS
10
107.656920999999997
20
-134.1716130000000078
11
107.6749999999999972
21
-134.2624999999999886
0
LINE
8
BLACK
6
CONTINUOUS
10
107.6749999999999972
20
-134.2624999999999886
11
107.6749999999999972
21
-134.7374999999999829
0
LINE
8
BLACK
6
CONTINUOUS
10
107.6749999999999972
20
-134.7374999999999829
11
107.656920999999997
21
-134.8283869999999922
0
LINE
8
BLACK
6
CONTINUOUS
10
107.656920999999997
20
-134.8283869999999922
11
107.6054379999999924
21
-134.9054380000000037
0
LINE
8
BLACK
6
CONTINUOUS
10
107.6054379999999924
20
-134.9054380000000037
11
107.5283869999999951
21
-134.9569209999999941
0
LINE
8
BLACK
6
CONTINUOUS
10
107.5283869999999951
20
-134.9569209999999941
11
107.4375
21
-134.9749999999999943
0
LINE
8
BLACK
6
CONTINUOUS
10
107.4375
20
-134.9749999999999943
11
106.8374999999999915
21
-134.9749999999999943
0
LINE
8
BLACK
6
CONTINUOUS
10
106.8374999999999915
20
-134.9749999999999943
11
106.7466129999999964
21
-134.9569209999999941
0
LINE
8
BLACK
6
CONTINUOUS
10
106.7466129999999964
20
-134.9569209999999941
11
106.6695619999999991
21
-134.9054380000000037
0
LINE
8
BLACK
6
CONTINUOUS
10
106.6695619999999991
20
-134.9054380000000037
11
106.6180789999999945
21
-134.8283869999999922
0
LINE
8
BLACK
6
CONTINUOUS
10
106.6180789999999945
20
-134.8283869999999922
11
106.5999999999999943
21
-134.7374999999999829
0
LINE
8
BLACK
6
CONTINUOUS
10
106.5999999999999943
20
-134.7374999999999829
11
106.5999999999999943
21
-134.2624999999999886
0
LINE
8
BLACK
6
CONTINUOUS
10
106.5999999999999943
20
-134.2624999999999886
11
106.6180789999999945
21
-134.1716130000000078
0
LINE
8
BLACK
6
CONTINUOUS
10
106.6180789999999945
20
-134.1716130000000078
11
106.6695619999999991
21
-134.0945619999999963
0
LINE
8
BLACK
6
CONTINUOUS
10
106.6695619999999991
20
-134.0945619999999963
11
106.7466129999999964
21
-134.0430790000000059
0
LINE
8
BLACK
6
CONTINUOUS
10
106.7466129999999964
20
-134.0430790000000059
11
106.8374999999999915
21
-134.0250000000000057
0
LINE
8
BLACK
6
CONTINUOUS
10
106.8374999999999915
20
-134.0250000000000057
11
107.4375
21
-134.0250000000000057
0
LINE
8
BLACK
6
CONTINUOUS
10
107.4375
20
-134.0250000000000057
11
107.5283869999999951
21
-134.0430790000000059
0
LINE
8
BLACK
6
CONTINUOUS
10
109.2533869999999894
20
-134.0430790000000059
11
109.3304380000000009
21
-134.0945619999999963
0
LINE
8
BLACK
6
CONTINUOUS
10
109.3304380000000009
20
-134.0945619999999963
11
109.3819209999999913
21
-134.1716130000000078
0
LINE
8
BLACK
6
CONTINUOUS
10
109.3819209999999913
20
-134.1716130000000078
11
109.3999999999999915
21
-134.2624999999999886
0
LINE
8
BLACK
6
CONTINUOUS
10
109.3999999999999915
20
-134.2624999999999886
11
109.3999999999999915
21
-134.7374999999999829
0
LINE
8
BLACK
6
CONTINUOUS
10
109.3999999999999915
20
-134.7374999999999829
11
109.3819209999999913
21
-134.8283869999999922
0
LINE
8
BLACK
6
CONTINUOUS
10
109.3819209999999913
20
-134.8283869999999922
11
109.3304380000000009
21
-134.9054380000000037
0
LINE
8
BLACK
6
CONTINUOUS
10
109.3304380000000009
20
-134.9054380000000037
11
109.2533869999999894
21
-134.9569209999999941
0
LINE
8
BLACK
6
CONTINUOUS
10
109.2533869999999894
20
-134.9569209999999941
11
109.1624999999999943
21
-134.9749999999999943
0
LINE
8
BLACK
6
CONTINUOUS
10
109.1624999999999943
20
-134.9749999999999943
11
108.5625
21
-134.9749999999999943
0
LINE
8
BLACK
6
CONTINUOUS
10
108.5625
20
-134.9749999999999943
11
108.4716129999999907
21
-134.9569209999999941
0
LINE
8
BLACK
6
CONTINUOUS
10
108.4716129999999907
20
-134.9569209999999941
11
108.3945619999999934
21
-134.9054380000000037
0
LINE
8
BLACK
6
CONTINUOUS
10
108.3945619999999934
20
-134.9054380000000037
11
108.3430789999999888
21
-134.8283869999999922
0
LINE
8
BLACK
6
CONTINUOUS
10
108.3430789999999888
20
-134.8283869999999922
11
108.3249999999999886
21
-134.7374999999999829
0
LINE
8
BLACK
6
CONTINUOUS
10
108.3249999999999886
20
-134.7374999999999829
11
108.3249999999999886
21
-134.2624999999999886
0
LINE
8
BLACK
6
CONTINUOUS
10
108.3249999999999886
20
-134.2624999999999886
11
108.3430789999999888
21
-134.1716130000000078
0
LINE
8
BLACK
6
CONTINUOUS
10
108.3430789999999888
20
-134.1716130000000078
11
108.3945619999999934
21
-134.0945619999999963
0
LINE
8
BLACK
6
CONTINUOUS
10
108.3945619999999934
20
-134.0945619999999963
11
108.4716129999999907
21
-134.0430790000000059
0
LINE
8
BLACK
6
CONTINUOUS
10
108.4716129999999907
20
-134.0430790000000059
11
108.5625
21
-134.0250000000000057
0
LINE
8
BLACK
6
CONTINUOUS
10
108.5625
20
-134.0250000000000057
11
109.1624999999999943
21
-134.0250000000000057
0
LINE
8
BLACK
6
CONTINUOUS
10
109.1624999999999943
20
-134.0250000000000057
11
109.2533869999999894
21
-134.0430790000000059
0
LINE
8
BLACK
6
CONTINUOUS
10
68.5174030000000016
20
-133.6364179999999919
11
68.5660659999999922
21
-133.6689340000000072
0
LINE
8
BLACK
6
CONTINUOUS
10
68.5660659999999922
20
-133.6689340000000072
11
68.5985819999999933
21
-133.7175969999999836
0
LINE
8
BLACK
6
CONTINUOUS
10
68.5985819999999933
20
-133.7175969999999836
11
68.6099999999999994
21
-133.7750000000000057
0
LINE
8
BLACK
6
CONTINUOUS
10
68.6099999999999994
20
-133.7750000000000057
11
68.6099999999999994
21
-134.625
0
LINE
8
BLACK
6
CONTINUOUS
10
68.6099999999999994
20
-134.625
11
68.5985819999999933
21
-134.6824029999999937
0
LINE
8
BLACK
6
CONTINUOUS
10
68.5985819999999933
20
-134.6824029999999937
11
68.5660659999999922
21
-134.7310659999999984
0
LINE
8
BLACK
6
CONTINUOUS
10
68.5660659999999922
20
-134.7310659999999984
11
68.5174030000000016
21
-134.7635819999999853
0
LINE
8
BLACK
6
CONTINUOUS
10
68.5174030000000016
20
-134.7635819999999853
11
68.4599999999999937
21
-134.7750000000000057
0
LINE
8
BLACK
6
CONTINUOUS
10
68.4599999999999937
20
-134.7750000000000057
11
68.1599999999999966
21
-134.7750000000000057
0
LINE
8
BLACK
6
CONTINUOUS
10
68.1599999999999966
20
-134.7750000000000057
11
68.1025970000000029
21
-134.7635819999999853
0
LINE
8
BLACK
6
CONTINUOUS
10
68.1025970000000029
20
-134.7635819999999853
11
68.0539339999999982
21
-134.7310659999999984
0
LINE
8
BLACK
6
CONTINUOUS
10
68.0539339999999982
20
-134.7310659999999984
11
68.0214179999999971
21
-134.6824029999999937
0
LINE
8
BLACK
6
CONTINUOUS
10
68.0214179999999971
20
-134.6824029999999937
11
68.0099999999999909
21
-134.625
0
LINE
8
BLACK
6
CONTINUOUS
10
68.0099999999999909
20
-134.625
11
68.0099999999999909
21
-133.7750000000000057
0
LINE
8
BLACK
6
CONTINUOUS
10
68.0099999999999909
20
-133.7750000000000057
11
68.0214179999999971
21
-133.7175969999999836
0
LINE
8
BLACK
6
CONTINUOUS
10
68.0214179999999971
20
-133.7175969999999836
11
68.0539339999999982
21
-133.6689340000000072
0
LINE
8
BLACK
6
CONTINUOUS
10
68.0539339999999982
20
-133.6689340000000072
11
68.1025970000000029
21
-133.6364179999999919
0
LINE
8
BLACK
6
CONTINUOUS
10
68.1025970000000029
20
-133.6364179999999919
11
68.1599999999999966
21
-133.625
0
LINE
8
BLACK
6
CONTINUOUS
10
68.1599999999999966
20
-133.625
11
68.4599999999999937
21
-133.625
0
LINE
8
BLACK
6
CONTINUOUS
10
68.4599999999999937
20
-133.625
11
68.5174030000000016
21
-133.6364179999999919
0
LINE
8
BLACK
6
CONTINUOUS
10
69.0637009999999947
20
-133.630708999999996
11
69.0880329999999958
21
-133.6469669999999894
0
LINE
8
BLACK
6
CONTINUOUS
10
69.0880329999999958
20
-133.6469669999999894
11
69.1042910000000035
21
-133.6712990000000048
0
LINE
8
BLACK
6
CONTINUOUS
10
69.1042910000000035
20
-133.6712990000000048
11
69.1099999999999994
21
-133.6999999999999886
0
LINE
8
BLACK
6
CONTINUOUS
10
69.1099999999999994
20
-133.6999999999999886
11
69.1099999999999994
21
-134.6999999999999886
0
LINE
8
BLACK
6
CONTINUOUS
10
69.1099999999999994
20
-134.6999999999999886
11
69.1042910000000035
21
-134.7287010000000009
0
LINE
8
BLACK
6
CONTINUOUS
10
69.1042910000000035
20
-134.7287010000000009
11
69.0880329999999958
21
-134.7530329999999879
0
LINE
8
BLACK
6
CONTINUOUS
10
69.0880329999999958
20
-134.7530329999999879
11
69.0637009999999947
21
-134.7692909999999813
0
LINE
8
BLACK
6
CONTINUOUS
10
69.0637009999999947
20
-134.7692909999999813
11
69.0349999999999966
21
-134.7750000000000057
0
LINE
8
BLACK
6
CONTINUOUS
10
69.0349999999999966
20
-134.7750000000000057
11
68.8849999999999909
21
-134.7750000000000057
0
LINE
8
BLACK
6
CONTINUOUS
10
68.8849999999999909
20
-134.7750000000000057
11
68.8562989999999928
21
-134.7692909999999813
0
LINE
8
BLACK
6
CONTINUOUS
10
68.8562989999999928
20
-134.7692909999999813
11
68.8319669999999917
21
-134.7530329999999879
0
LINE
8
BLACK
6
CONTINUOUS
10
68.8319669999999917
20
-134.7530329999999879
11
68.8157089999999982
21
-134.7287010000000009
0
LINE
8
BLACK
6
CONTINUOUS
10
68.8157089999999982
20
-134.7287010000000009
11
68.8100000000000023
21
-134.6999999999999886
0
LINE
8
BLACK
6
CONTINUOUS
10
68.8100000000000023
20
-134.6999999999999886
11
68.8100000000000023
21
-133.6999999999999886
0
LINE
8
BLACK
6
CONTINUOUS
10
68.8100000000000023
20
-133.6999999999999886
11
68.8157089999999982
21
-133.6712990000000048
0
LINE
8
BLACK
6
CONTINUOUS
10
68.8157089999999982
20
-133.6712990000000048
11
68.8319669999999917
21
-133.6469669999999894
0
LINE
8
BLACK
6
CONTINUOUS
10
68.8319669999999917
20
-133.6469669999999894
11
68.8562989999999928
21
-133.630708999999996
0
LINE
8
BLACK
6
CONTINUOUS
10
68.8562989999999928
20
-133.630708999999996
11
68.8849999999999909
21
-133.625
0
LINE
8
BLACK
6
CONTINUOUS
10
68.8849999999999909
20
-133.625
11
69.0349999999999966
21
-133.625
0
LINE
8
BLACK
6
CONTINUOUS
10
69.0349999999999966
20
-133.625
11
69.0637009999999947
21
-133.630708999999996
0
LINE
8
BLACK
6
CONTINUOUS
10
69.5637009999999947
20
-133.630708999999996
11
69.5880329999999958
21
-133.6469669999999894
0
LINE
8
BLACK
6
CONTINUOUS
10
69.5880329999999958
20
-133.6469669999999894
11
69.6042910000000035
21
-133.6712990000000048
0
LINE
8
BLACK
6
CONTINUOUS
10
69.6042910000000035
20
-133.6712990000000048
11
69.6099999999999994
21
-133.6999999999999886
0
LINE
8
BLACK
6
CONTINUOUS
10
69.6099999999999994
20
-133.6999999999999886
11
69.6099999999999994
21
-134.6999999999999886
0
LINE
8
BLACK
6
CONTINUOUS
10
69.6099999999999994
20
-134.6999999999999886
11
69.6042910000000035
21
-134.7287010000000009
0
LINE
8
BLACK
6
CONTINUOUS
10
69.6042910000000035
20
-134.7287010000000009
11
69.5880329999999958
21
-134.7530329999999879
0
LINE
8
BLACK
6
CONTINUOUS
10
69.5880329999999958
20
-134.7530329999999879
11
69.5637009999999947
21
-134.7692909999999813
0
LINE
8
BLACK
6
CONTINUOUS
10
69.5637009999999947
20
-134.7692909999999813
11
69.5349999999999966
21
-134.7750000000000057
0
LINE
8
BLACK
6
CONTINUOUS
10
69.5349999999999966
20
-134.7750000000000057
11
69.3849999999999909
21
-134.7750000000000057
0
LINE
8
BLACK
6
CONTINUOUS
10
69.3849999999999909
20
-134.7750000000000057
11
69.3562989999999928
21
-134.7692909999999813
0
LINE
8
BLACK
6
CONTINUOUS
10
69.3562989999999928
20
-134.7692909999999813
11
69.3319669999999917
21
-134.7530329999999879
0
LINE
8
BLACK
6
CONTINUOUS
10
69.3319669999999917
20
-134.7530329999999879
11
69.3157089999999982
21
-134.7287010000000009
0
LINE
8
BLACK
6
CONTINUOUS
10
69.3157089999999982
20
-134.7287010000000009
11
69.3100000000000023
21
-134.6999999999999886
0
LINE
8
BLACK
6
CONTINUOUS
10
69.3100000000000023
20
-134.6999999999999886
11
69.3100000000000023
21
-133.6999999999999886
0
LINE
8
BLACK
6
CONTINUOUS
10
69.3100000000000023
20
-133.6999999999999886
11
69.3157089999999982
21
-133.6712990000000048
0
LINE
8
BLACK
6
CONTINUOUS
10
69.3157089999999982
20
-133.6712990000000048
11
69.3319669999999917
21
-133.6469669999999894
0
LINE
8
BLACK
6
CONTINUOUS
10
69.3319669999999917
20
-133.6469669999999894
11
69.3562989999999928
21
-133.630708999999996
0
LINE
8
BLACK
6
CONTINUOUS
10
69.3562989999999928
20
-133.630708999999996
11
69.3849999999999909
21
-133.625
0
LINE
8
BLACK
6
CONTINUOUS
10
69.3849999999999909
20
-133.625
11
69.5349999999999966
21
-133.625
0
LINE
8
BLACK
6
CONTINUOUS
10
69.5349999999999966
20
-133.625
11
69.5637009999999947
21
-133.630708999999996
0
LINE
8
BLACK
6
CONTINUOUS
10
70.0637009999999947
20
-133.630708999999996
11
70.0880329999999958
21
-133.6469669999999894
0
LINE
8
BLACK
6
CONTINUOUS
10
70.0880329999999958
20
-133.6469669999999894
11
70.1042910000000035
21
-133.6712990000000048
0
LINE
8
BLACK
6
CONTINUOUS
10
70.1042910000000035
20
-133.6712990000000048
11
70.1099999999999994
21
-133.6999999999999886
0
LINE
8
BLACK
6
CONTINUOUS
10
70.1099999999999994
20
-133.6999999999999886
11
70.1099999999999994
21
-134.6999999999999886
0
LINE
8
BLACK
6
CONTINUOUS
10
70.1099999999999994
20
-134.6999999999999886
11
70.1042910000000035
21
-134.7287010000000009
0
LINE
8
BLACK
6
CONTINUOUS
10
70.1042910000000035
20
-134.7287010000000009
11
70.0880329999999958
21
-134.7530329999999879
0
LINE
8
BLACK
6
CONTINUOUS
10
70.0880329999999958
20
-134.7530329999999879
11
70.0637009999999947
21
-134.7692909999999813
0
LINE
8
BLACK
6
CONTINUOUS
10
70.0637009999999947
20
-134.7692909999999813
11
70.0349999999999966
21
-134.7750000000000057
0
LINE
8
BLACK
6
CONTINUOUS
10
70.0349999999999966
20
-134.7750000000000057
11
69.8849999999999909
21
-134.7750000000000057
0
LINE
8
BLACK
6
CONTINUOUS
10
69.8849999999999909
20
-134.7750000000000057
11
69.8562989999999928
21
-134.7692909999999813
0
LINE
8
BLACK
6
CONTINUOUS
10
69.8562989999999928
20
-134.7692909999999813
11
69.8319669999999917
21
-134.7530329999999879
0
LINE
8
BLACK
6
CONTINUOUS
10
69.8319669999999917
20
-134.7530329999999879
11
69.8157089999999982
21
-134.7287010000000009
0
LINE
8
BLACK
6
CONTINUOUS
10
69.8157089999999982
20
-134.7287010000000009
11
69.8100000000000023
21
-134.6999999999999886
0
LINE
8
BLACK
6
CONTINUOUS
10
69.8100000000000023
20
-134.6999999999999886
11
69.8100000000000023
21
-133.6999999999999886
0
LINE
8
BLACK
6
CONTINUOUS
10
69.8100000000000023
20
-133.6999999999999886
11
69.8157089999999982
21
-133.6712990000000048
0
LINE
8
BLACK
6
CONTINUOUS
10
69.8157089999999982
20
-133.6712990000000048
11
69.8319669999999917
21
-133.6469669999999894
0
LINE
8
BLACK
6
CONTINUOUS
10
69.8319669999999917
20
-133.6469669999999894
11
69.8562989999999928
21
-133.630708999999996
0
LINE
8
BLACK
6
CONTINUOUS
10
69.8562989999999928
20
-133.630708999999996
11
69.8849999999999909
21
-133.625
0
LINE
8
BLACK
6
CONTINUOUS
10
69.8849999999999909
20
-133.625
11
70.0349999999999966
21
-133.625
0
LINE
8
BLACK
6
CONTINUOUS
10
70.0349999999999966
20
-133.625
11
70.0637009999999947
21
-133.630708999999996
0
LINE
8
BLACK
6
CONTINUOUS
10
70.5637009999999947
20
-133.630708999999996
11
70.5880329999999958
21
-133.6469669999999894
0
LINE
8
BLACK
6
CONTINUOUS
10
70.5880329999999958
20
-133.6469669999999894
11
70.6042910000000035
21
-133.6712990000000048
0
LINE
8
BLACK
6
CONTINUOUS
10
70.6042910000000035
20
-133.6712990000000048
11
70.6099999999999994
21
-133.6999999999999886
0
LINE
8
BLACK
6
CONTINUOUS
10
70.6099999999999994
20
-133.6999999999999886
11
70.6099999999999994
21
-134.6999999999999886
0
LINE
8
BLACK
6
CONTINUOUS
10
70.6099999999999994
20
-134.6999999999999886
11
70.6042910000000035
21
-134.7287010000000009
0
LINE
8
BLACK
6
CONTINUOUS
10
70.6042910000000035
20
-134.7287010000000009
11
70.5880329999999958
21
-134.7530329999999879
0
LINE
8
BLACK
6
CONTINUOUS
10
70.5880329999999958
20
-134.7530329999999879
11
70.5637009999999947
21
-134.7692909999999813
0
LINE
8
BLACK
6
CONTINUOUS
10
70.5637009999999947
20
-134.7692909999999813
11
70.5349999999999966
21
-134.7750000000000057
0
LINE
8
BLACK
6
CONTINUOUS
10
70.5349999999999966
20
-134.7750000000000057
11
70.3849999999999909
21
-134.7750000000000057
0
LINE
8
BLACK
6
CONTINUOUS
10
70.3849999999999909
20
-134.7750000000000057
11
70.3562989999999928
21
-134.7692909999999813
0
LINE
8
BLACK
6
CONTINUOUS
10
70.3562989999999928
20
-134.7692909999999813
11
70.3319669999999917
21
-134.7530329999999879
0
LINE
8
BLACK
6
CONTINUOUS
10
70.3319669999999917
20
-134.7530329999999879
11
70.3157089999999982
21
-134.7287010000000009
0
LINE
8
BLACK
6
CONTINUOUS
10
70.3157089999999982
20
-134.7287010000000009
11
70.3100000000000023
21
-134.6999999999999886
0
LINE
8
BLACK
6
CONTINUOUS
10
70.3100000000000023
20
-134.6999999999999886
11
70.3100000000000023
21
-133.6999999999999886
0
LINE
8
BLACK
6
CONTINUOUS
10
70.3100000000000023
20
-133.6999999999999886
11
70.3157089999999982
21
-133.6712990000000048
0
LINE
8
BLACK
6
CONTINUOUS
10
70.3157089999999982
20
-133.6712990000000048
11
70.3319669999999917
21
-133.6469669999999894
0
LINE
8
BLACK
6
CONTINUOUS
10
70.3319669999999917
20
-133.6469669999999894
11
70.3562989999999928
21
-133.630708999999996
0
LINE
8
BLACK
6
CONTINUOUS
10
70.3562989999999928
20
-133.630708999999996
11
70.3849999999999909
21
-133.625
0
LINE
8
BLACK
6
CONTINUOUS
10
70.3849999999999909
20
-133.625
11
70.5349999999999966
21
-133.625
0
LINE
8
BLACK
6
CONTINUOUS
10
70.5349999999999966
20
-133.625
11
70.5637009999999947
21
-133.630708999999996
0
LINE
8
BLACK
6
CONTINUOUS
10
71.0637009999999947
20
-133.630708999999996
11
71.0880329999999958
21
-133.6469669999999894
0
LINE
8
BLACK
6
CONTINUOUS
10
71.0880329999999958
20
-133.6469669999999894
11
71.1042910000000035
21
-133.6712990000000048
0
LINE
8
BLACK
6
CONTINUOUS
10
71.1042910000000035
20
-133.6712990000000048
11
71.1099999999999994
21
-133.6999999999999886
0
LINE
8
BLACK
6
CONTINUOUS
10
71.1099999999999994
20
-133.6999999999999886
11
71.1099999999999994
21
-134.6999999999999886
0
LINE
8
BLACK
6
CONTINUOUS
10
71.1099999999999994
20
-134.6999999999999886
11
71.1042910000000035
21
-134.7287010000000009
0
LINE
8
BLACK
6
CONTINUOUS
10
71.1042910000000035
20
-134.7287010000000009
11
71.0880329999999958
21
-134.7530329999999879
0
LINE
8
BLACK
6
CONTINUOUS
10
71.0880329999999958
20
-134.7530329999999879
11
71.0637009999999947
21
-134.7692909999999813
0
LINE
8
BLACK
6
CONTINUOUS
10
71.0637009999999947
20
-134.7692909999999813
11
71.0349999999999966
21
-134.7750000000000057
0
LINE
8
BLACK
6
CONTINUOUS
10
71.0349999999999966
20
-134.7750000000000057
11
70.8849999999999909
21
-134.7750000000000057
0
LINE
8
BLACK
6
CONTINUOUS
10
70.8849999999999909
20
-134.7750000000000057
11
70.8562989999999928
21
-134.7692909999999813
0
LINE
8
BLACK
6
CONTINUOUS
10
70.8562989999999928
20
-134.7692909999999813
11
70.8319669999999917
21
-134.7530329999999879
0
LINE
8
BLACK
6
CONTINUOUS
10
70.8319669999999917
20
-134.7530329999999879
11
70.8157089999999982
21
-134.7287010000000009
0
LINE
8
BLACK
6
CONTINUOUS
10
70.8157089999999982
20
-134.7287010000000009
11
70.8100000000000023
21
-134.6999999999999886
0
LINE
8
BLACK
6
CONTINUOUS
10
70.8100000000000023
20
-134.6999999999999886
11
70.8100000000000023
21
-133.6999999999999886
0
LINE
8
BLACK
6
CONTINUOUS
10
70.8100000000000023
20
-133.6999999999999886
11
70.8157089999999982
21
-133.6712990000000048
0
LINE
8
BLACK
6
CONTINUOUS
10
70.8157089999999982
20
-133.6712990000000048
11
70.8319669999999917
21
-133.6469669999999894
0
LINE
8
BLACK
6
CONTINUOUS
10
70.8319669999999917
20
-133.6469669999999894
11
70.8562989999999928
21
-133.630708999999996
0
LINE
8
BLACK
6
CONTINUOUS
10
70.8562989999999928
20
-133.630708999999996
11
70.8849999999999909
21
-133.625
0
LINE
8
BLACK
6
CONTINUOUS
10
70.8849999999999909
20
-133.625
11
71.0349999999999966
21
-133.625
0
LINE
8
BLACK
6
CONTINUOUS
10
71.0349999999999966
20
-133.625
11
71.0637009999999947
21
-133.630708999999996
0
LINE
8
BLACK
6
CONTINUOUS
10
71.5637009999999947
20
-133.630708999999996
11
71.5880329999999958
21
-133.6469669999999894
0
LINE
8
BLACK
6
CONTINUOUS
10
71.5880329999999958
20
-133.6469669999999894
11
71.6042910000000035
21
-133.6712990000000048
0
LINE
8
BLACK
6
CONTINUOUS
10
71.6042910000000035
20
-133.6712990000000048
11
71.6099999999999994
21
-133.6999999999999886
0
LINE
8
BLACK
6
CONTINUOUS
10
71.6099999999999994
20
-133.6999999999999886
11
71.6099999999999994
21
-134.6999999999999886
0
LINE
8
BLACK
6
CONTINUOUS
10
71.6099999999999994
20
-134.6999999999999886
11
71.6042910000000035
21
-134.7287010000000009
0
LINE
8
BLACK
6
CONTINUOUS
10
71.6042910000000035
20
-134.7287010000000009
11
71.5880329999999958
21
-134.7530329999999879
0
LINE
8
BLACK
6
CONTINUOUS
10
71.5880329999999958
20
-134.7530329999999879
11
71.5637009999999947
21
-134.7692909999999813
0
LINE
8
BLACK
6
CONTINUOUS
10
71.5637009999999947
20
-134.7692909999999813
11
71.5349999999999966
21
-134.7750000000000057
0
LINE
8
BLACK
6
CONTINUOUS
10
71.5349999999999966
20
-134.7750000000000057
11
71.3849999999999909
21
-134.7750000000000057
0
LINE
8
BLACK
6
CONTINUOUS
10
71.3849999999999909
20
-134.7750000000000057
11
71.3562989999999928
21
-134.7692909999999813
0
LINE
8
BLACK
6
CONTINUOUS
10
71.3562989999999928
20
-134.7692909999999813
11
71.3319669999999917
21
-134.7530329999999879
0
LINE
8
BLACK
6
CONTINUOUS
10
71.3319669999999917
20
-134.7530329999999879
11
71.3157089999999982
21
-134.7287010000000009
0
LINE
8
BLACK
6
CONTINUOUS
10
71.3157089999999982
20
-134.7287010000000009
11
71.3100000000000023
21
-134.6999999999999886
0
LINE
8
BLACK
6
CONTINUOUS
10
71.3100000000000023
20
-134.6999999999999886
11
71.3100000000000023
21
-133.6999999999999886
0
LINE
8
BLACK
6
CONTINUOUS
10
71.3100000000000023
20
-133.6999999999999886
11
71.3157089999999982
21
-133.6712990000000048
0
LINE
8
BLACK
6
CONTINUOUS
10
71.3157089999999982
20
-133.6712990000000048
11
71.3319669999999917
21
-133.6469669999999894
0
LINE
8
BLACK
6
CONTINUOUS
10
71.3319669999999917
20
-133.6469669999999894
11
71.3562989999999928
21
-133.630708999999996
0
LINE
8
BLACK
6
CONTINUOUS
10
71.3562989999999928
20
-133.630708999999996
11
71.3849999999999909
21
-133.625
0
LINE
8
BLACK
6
CONTINUOUS
10
71.3849999999999909
20
-133.625
11
71.5349999999999966
21
-133.625
0
LINE
8
BLACK
6
CONTINUOUS
10
71.5349999999999966
20
-133.625
11
71.5637009999999947
21
-133.630708999999996
0
LINE
8
BLACK
6
CONTINUOUS
10
72.0637009999999947
20
-133.630708999999996
11
72.0880329999999958
21
-133.6469669999999894
0
LINE
8
BLACK
6
CONTINUOUS
10
72.0880329999999958
20
-133.6469669999999894
11
72.1042910000000035
21
-133.6712990000000048
0
LINE
8
BLACK
6
CONTINUOUS
10
72.1042910000000035
20
-133.6712990000000048
11
72.1099999999999994
21
-133.6999999999999886
0
LINE
8
BLACK
6
CONTINUOUS
10
72.1099999999999994
20
-133.6999999999999886
11
72.1099999999999994
21
-134.6999999999999886
0
LINE
8
BLACK
6
CONTINUOUS
10
72.1099999999999994
20
-134.6999999999999886
11
72.1042910000000035
21
-134.7287010000000009
0
LINE
8
BLACK
6
CONTINUOUS
10
72.1042910000000035
20
-134.7287010000000009
11
72.0880329999999958
21
-134.7530329999999879
0
LINE
8
BLACK
6
CONTINUOUS
10
72.0880329999999958
20
-134.7530329999999879
11
72.0637009999999947
21
-134.7692909999999813
0
LINE
8
BLACK
6
CONTINUOUS
10
72.0637009999999947
20
-134.7692909999999813
11
72.0349999999999966
21
-134.7750000000000057
0
LINE
8
BLACK
6
CONTINUOUS
10
72.0349999999999966
20
-134.7750000000000057
11
71.8849999999999909
21
-134.7750000000000057
0
LINE
8
BLACK
6
CONTINUOUS
10
71.8849999999999909
20
-134.7750000000000057
11
71.8562989999999928
21
-134.7692909999999813
0
LINE
8
BLACK
6
CONTINUOUS
10
71.8562989999999928
20
-134.7692909999999813
11
71.8319669999999917
21
-134.7530329999999879
0
LINE
8
BLACK
6
CONTINUOUS
10
71.8319669999999917
20
-134.7530329999999879
11
71.8157089999999982
21
-134.7287010000000009
0
LINE
8
BLACK
6
CONTINUOUS
10
71.8157089999999982
20
-134.7287010000000009
11
71.8100000000000023
21
-134.6999999999999886
0
LINE
8
BLACK
6
CONTINUOUS
10
71.8100000000000023
20
-134.6999999999999886
11
71.8100000000000023
21
-133.6999999999999886
0
LINE
8
BLACK
6
CONTINUOUS
10
71.8100000000000023
20
-133.6999999999999886
11
71.8157089999999982
21
-133.6712990000000048
0
LINE
8
BLACK
6
CONTINUOUS
10
71.8157089999999982
20
-133.6712990000000048
11
71.8319669999999917
21
-133.6469669999999894
0
LINE
8
BLACK
6
CONTINUOUS
10
71.8319669999999917
20
-133.6469669999999894
11
71.8562989999999928
21
-133.630708999999996
0
LINE
8
BLACK
6
CONTINUOUS
10
71.8562989999999928
20
-133.630708999999996
11
71.8849999999999909
21
-133.625
0
LINE
8
BLACK
6
CONTINUOUS
10
71.8849999999999909
20
-133.625
11
72.0349999999999966
21
-133.625
0
LINE
8
BLACK
6
CONTINUOUS
10
72.0349999999999966
20
-133.625
11
72.0637009999999947
21
-133.630708999999996
0
LINE
8
BLACK
6
CONTINUOUS
10
72.5637009999999947
20
-133.630708999999996
11
72.5880329999999958
21
-133.6469669999999894
0
LINE
8
BLACK
6
CONTINUOUS
10
72.5880329999999958
20
-133.6469669999999894
11
72.6042910000000035
21
-133.6712990000000048
0
LINE
8
BLACK
6
CONTINUOUS
10
72.6042910000000035
20
-133.6712990000000048
11
72.6099999999999994
21
-133.6999999999999886
0
LINE
8
BLACK
6
CONTINUOUS
10
72.6099999999999994
20
-133.6999999999999886
11
72.6099999999999994
21
-134.6999999999999886
0
LINE
8
BLACK
6
CONTINUOUS
10
72.6099999999999994
20
-134.6999999999999886
11
72.6042910000000035
21
-134.7287010000000009
0
LINE
8
BLACK
6
CONTINUOUS
10
72.6042910000000035
20
-134.7287010000000009
11
72.5880329999999958
21
-134.7530329999999879
0
LINE
8
BLACK
6
CONTINUOUS
10
72.5880329999999958
20
-134.7530329999999879
11
72.5637009999999947
21
-134.7692909999999813
0
LINE
8
BLACK
6
CONTINUOUS
10
72.5637009999999947
20
-134.7692909999999813
11
72.5349999999999966
21
-134.7750000000000057
0
LINE
8
BLACK
6
CONTINUOUS
10
72.5349999999999966
20
-134.7750000000000057
11
72.3849999999999909
21
-134.7750000000000057
0
LINE
8
BLACK
6
CONTINUOUS
10
72.3849999999999909
20
-134.7750000000000057
11
72.3562989999999928
21
-134.7692909999999813
0
LINE
8
BLACK
6
CONTINUOUS
10
72.3562989999999928
20
-134.7692909999999813
11
72.3319669999999917
21
-134.7530329999999879
0
LINE
8
BLACK
6
CONTINUOUS
10
72.3319669999999917
20
-134.7530329999999879
11
72.3157089999999982
21
-134.7287010000000009
0
LINE
8
BLACK
6
CONTINUOUS
10
72.3157089999999982
20
-134.7287010000000009
11
72.3100000000000023
21
-134.6999999999999886
0
LINE
8
BLACK
6
CONTINUOUS
10
72.3100000000000023
20
-134.6999999999999886
11
72.3100000000000023
21
-133.6999999999999886
0
LINE
8
BLACK
6
CONTINUOUS
10
72.3100000000000023
20
-133.6999999999999886
11
72.3157089999999982
21
-133.6712990000000048
0
LINE
8
BLACK
6
CONTINUOUS
10
72.3157089999999982
20
-133.6712990000000048
11
72.3319669999999917
21
-133.6469669999999894
0
LINE
8
BLACK
6
CONTINUOUS
10
72.3319669999999917
20
-133.6469669999999894
11
72.3562989999999928
21
-133.630708999999996
0
LINE
8
BLACK
6
CONTINUOUS
10
72.3562989999999928
20
-133.630708999999996
11
72.3849999999999909
21
-133.625
0
LINE
8
BLACK
6
CONTINUOUS
10
72.3849999999999909
20
-133.625
11
72.5349999999999966
21
-133.625
0
LINE
8
BLACK
6
CONTINUOUS
10
72.5349999999999966
20
-133.625
11
72.5637009999999947
21
-133.630708999999996
0
LINE
8
BLACK
6
CONTINUOUS
10
73.3174029999999988
20
-133.6364179999999919
11
73.3660660000000036
21
-133.6689340000000072
0
LINE
8
BLACK
6
CONTINUOUS
10
73.3660660000000036
20
-133.6689340000000072
11
73.3985819999999904
21
-133.7175969999999836
0
LINE
8
BLACK
6
CONTINUOUS
10
73.3985819999999904
20
-133.7175969999999836
11
73.4099999999999966
21
-133.7750000000000057
0
LINE
8
BLACK
6
CONTINUOUS
10
73.4099999999999966
20
-133.7750000000000057
11
73.4099999999999966
21
-134.625
0
LINE
8
BLACK
6
CONTINUOUS
10
73.4099999999999966
20
-134.625
11
73.3985819999999904
21
-134.6824029999999937
0
LINE
8
BLACK
6
CONTINUOUS
10
73.3985819999999904
20
-134.6824029999999937
11
73.3660660000000036
21
-134.7310659999999984
0
LINE
8
BLACK
6
CONTINUOUS
10
73.3660660000000036
20
-134.7310659999999984
11
73.3174029999999988
21
-134.7635819999999853
0
LINE
8
BLACK
6
CONTINUOUS
10
73.3174029999999988
20
-134.7635819999999853
11
73.2599999999999909
21
-134.7750000000000057
0
LINE
8
BLACK
6
CONTINUOUS
10
73.2599999999999909
20
-134.7750000000000057
11
72.9599999999999937
21
-134.7750000000000057
0
LINE
8
BLACK
6
CONTINUOUS
10
72.9599999999999937
20
-134.7750000000000057
11
72.9025970000000001
21
-134.7635819999999853
0
LINE
8
BLACK
6
CONTINUOUS
10
72.9025970000000001
20
-134.7635819999999853
11
72.8539339999999953
21
-134.7310659999999984
0
LINE
8
BLACK
6
CONTINUOUS
10
72.8539339999999953
20
-134.7310659999999984
11
72.8214179999999942
21
-134.6824029999999937
0
LINE
8
BLACK
6
CONTINUOUS
10
72.8214179999999942
20
-134.6824029999999937
11
72.8100000000000023
21
-134.625
0
LINE
8
BLACK
6
CONTINUOUS
10
72.8100000000000023
20
-134.625
11
72.8100000000000023
21
-133.7750000000000057
0
LINE
8
BLACK
6
CONTINUOUS
10
72.8100000000000023
20
-133.7750000000000057
11
72.8214179999999942
21
-133.7175969999999836
0
LINE
8
BLACK
6
CONTINUOUS
10
72.8214179999999942
20
-133.7175969999999836
11
72.8539339999999953
21
-133.6689340000000072
0
LINE
8
BLACK
6
CONTINUOUS
10
72.8539339999999953
20
-133.6689340000000072
11
72.9025970000000001
21
-133.6364179999999919
0
LINE
8
BLACK
6
CONTINUOUS
10
72.9025970000000001
20
-133.6364179999999919
11
72.9599999999999937
21
-133.625
0
LINE
8
BLACK
6
CONTINUOUS
10
72.9599999999999937
20
-133.625
11
73.2599999999999909
21
-133.625
0
LINE
8
BLACK
6
CONTINUOUS
10
73.2599999999999909
20
-133.625
11
73.3174029999999988
21
-133.6364179999999919
0
LINE
8
BLACK
6
CONTINUOUS
10
67.7174029999999902
20
-133.6364179999999919
11
67.766065999999995
21
-133.6689340000000072
0
LINE
8
BLACK
6
CONTINUOUS
10
67.766065999999995
20
-133.6689340000000072
11
67.7985819999999961
21
-133.7175969999999836
0
LINE
8
BLACK
6
CONTINUOUS
10
67.7985819999999961
20
-133.7175969999999836
11
67.8100000000000023
21
-133.7750000000000057
0
LINE
8
BLACK
6
CONTINUOUS
10
67.8100000000000023
20
-133.7750000000000057
11
67.8100000000000023
21
-134.5300000000000011
0
LINE
8
BLACK
6
CONTINUOUS
10
67.8100000000000023
20
-134.5300000000000011
11
67.7985819999999961
21
-134.5874029999999948
0
LINE
8
BLACK
6
CONTINUOUS
10
67.7985819999999961
20
-134.5874029999999948
11
67.766065999999995
21
-134.6360659999999996
0
LINE
8
BLACK
6
CONTINUOUS
10
67.766065999999995
20
-134.6360659999999996
11
67.7174029999999902
21
-134.6685819999999865
0
LINE
8
BLACK
6
CONTINUOUS
10
67.7174029999999902
20
-134.6685819999999865
11
67.6599999999999966
21
-134.6800000000000068
0
LINE
8
BLACK
6
CONTINUOUS
10
67.6599999999999966
20
-134.6800000000000068
11
67.3599999999999994
21
-134.6800000000000068
0
LINE
8
BLACK
6
CONTINUOUS
10
67.3599999999999994
20
-134.6800000000000068
11
67.3025969999999916
21
-134.6685819999999865
0
LINE
8
BLACK
6
CONTINUOUS
10
67.3025969999999916
20
-134.6685819999999865
11
67.253934000000001
21
-134.6360659999999996
0
LINE
8
BLACK
6
CONTINUOUS
10
67.253934000000001
20
-134.6360659999999996
11
67.2214179999999999
21
-134.5874029999999948
0
LINE
8
BLACK
6
CONTINUOUS
10
67.2214179999999999
20
-134.5874029999999948
11
67.2099999999999937
21
-134.5300000000000011
0
LINE
8
BLACK
6
CONTINUOUS
10
67.2099999999999937
20
-134.5300000000000011
11
67.2099999999999937
21
-133.7750000000000057
0
LINE
8
BLACK
6
CONTINUOUS
10
67.2099999999999937
20
-133.7750000000000057
11
67.2214179999999999
21
-133.7175969999999836
0
LINE
8
BLACK
6
CONTINUOUS
10
67.2214179999999999
20
-133.7175969999999836
11
67.253934000000001
21
-133.6689340000000072
0
LINE
8
BLACK
6
CONTINUOUS
10
67.253934000000001
20
-133.6689340000000072
11
67.3025969999999916
21
-133.6364179999999919
0
LINE
8
BLACK
6
CONTINUOUS
10
67.3025969999999916
20
-133.6364179999999919
11
67.3599999999999994
21
-133.625
0
LINE
8
BLACK
6
CONTINUOUS
10
67.3599999999999994
20
-133.625
11
67.6599999999999966
21
-133.625
0
LINE
8
BLACK
6
CONTINUOUS
10
67.6599999999999966
20
-133.625
11
67.7174029999999902
21
-133.6364179999999919
0
LINE
8
BLACK
6
CONTINUOUS
10
74.1174029999999959
20
-133.6364179999999919
11
74.1660660000000007
21
-133.6689340000000072
0
LINE
8
BLACK
6
CONTINUOUS
10
74.1660660000000007
20
-133.6689340000000072
11
74.1985820000000018
21
-133.7175969999999836
0
LINE
8
BLACK
6
CONTINUOUS
10
74.1985820000000018
20
-133.7175969999999836
11
74.2099999999999937
21
-133.7750000000000057
0
LINE
8
BLACK
6
CONTINUOUS
10
74.2099999999999937
20
-133.7750000000000057
11
74.2099999999999937
21
-134.5300000000000011
0
LINE
8
BLACK
6
CONTINUOUS
10
74.2099999999999937
20
-134.5300000000000011
11
74.1985820000000018
21
-134.5874029999999948
0
LINE
8
BLACK
6
CONTINUOUS
10
74.1985820000000018
20
-134.5874029999999948
11
74.1660660000000007
21
-134.6360659999999996
0
LINE
8
BLACK
6
CONTINUOUS
10
74.1660660000000007
20
-134.6360659999999996
11
74.1174029999999959
21
-134.6685819999999865
0
LINE
8
BLACK
6
CONTINUOUS
10
74.1174029999999959
20
-134.6685819999999865
11
74.0600000000000023
21
-134.6800000000000068
0
LINE
8
BLACK
6
CONTINUOUS
10
74.0600000000000023
20
-134.6800000000000068
11
73.7599999999999909
21
-134.6800000000000068
0
LINE
8
BLACK
6
CONTINUOUS
10
73.7599999999999909
20
-134.6800000000000068
11
73.7025969999999973
21
-134.6685819999999865
0
LINE
8
BLACK
6
CONTINUOUS
10
73.7025969999999973
20
-134.6685819999999865
11
73.6539339999999925
21
-134.6360659999999996
0
LINE
8
BLACK
6
CONTINUOUS
10
73.6539339999999925
20
-134.6360659999999996
11
73.6214179999999914
21
-134.5874029999999948
0
LINE
8
BLACK
6
CONTINUOUS
10
73.6214179999999914
20
-134.5874029999999948
11
73.6099999999999994
21
-134.5300000000000011
0
LINE
8
BLACK
6
CONTINUOUS
10
73.6099999999999994
20
-134.5300000000000011
11
73.6099999999999994
21
-133.7750000000000057
0
LINE
8
BLACK
6
CONTINUOUS
10
73.6099999999999994
20
-133.7750000000000057
11
73.6214179999999914
21
-133.7175969999999836
0
LINE
8
BLACK
6
CONTINUOUS
10
73.6214179999999914
20
-133.7175969999999836
11
73.6539339999999925
21
-133.6689340000000072
0
LINE
8
BLACK
6
CONTINUOUS
10
73.6539339999999925
20
-133.6689340000000072
11
73.7025969999999973
21
-133.6364179999999919
0
LINE
8
BLACK
6
CONTINUOUS
10
73.7025969999999973
20
-133.6364179999999919
11
73.7599999999999909
21
-133.625
0
LINE
8
BLACK
6
CONTINUOUS
10
73.7599999999999909
20
-133.625
11
74.0600000000000023
21
-133.625
0
LINE
8
BLACK
6
CONTINUOUS
10
74.0600000000000023
20
-133.625
11
74.1174029999999959
21
-133.6364179999999919
0
LINE
8
BLACK
6
CONTINUOUS
10
57.8735129999999955
20
-130.9442080000000033
11
58.112292999999994
21
-131.0217930000000024
0
LINE
8
BLACK
6
CONTINUOUS
10
58.112292999999994
20
-131.0217930000000024
11
58.3359979999999965
21
-131.1357759999999928
0
LINE
8
BLACK
6
CONTINUOUS
10
58.3359979999999965
20
-131.1357759999999928
11
58.5391169999999974
21
-131.2833499999999844
0
LINE
8
BLACK
6
CONTINUOUS
10
58.5391169999999974
20
-131.2833499999999844
11
58.7166499999999942
21
-131.4608829999999955
0
LINE
8
BLACK
6
CONTINUOUS
10
58.7166499999999942
20
-131.4608829999999955
11
58.8642240000000001
21
-131.6640019999999822
0
LINE
8
BLACK
6
CONTINUOUS
10
58.8642240000000001
20
-131.6640019999999822
11
58.9782069999999976
21
-131.887707000000006
0
LINE
8
BLACK
6
CONTINUOUS
10
58.9782069999999976
20
-131.887707000000006
11
59.0557919999999967
21
-132.1264869999999974
0
LINE
8
BLACK
6
CONTINUOUS
10
59.0557919999999967
20
-132.1264869999999974
11
59.0950679999999977
21
-132.3744649999999865
0
LINE
8
BLACK
6
CONTINUOUS
10
59.0950679999999977
20
-132.3744649999999865
11
59.0950679999999977
21
-132.6255349999999851
0
LINE
8
BLACK
6
CONTINUOUS
10
59.0950679999999977
20
-132.6255349999999851
11
59.0557919999999967
21
-132.8735130000000026
0
LINE
8
BLACK
6
CONTINUOUS
10
59.0557919999999967
20
-132.8735130000000026
11
58.9782069999999976
21
-133.112292999999994
0
LINE
8
BLACK
6
CONTINUOUS
10
58.9782069999999976
20
-133.112292999999994
11
58.8642240000000001
21
-133.3359979999999894
0
LINE
8
BLACK
6
CONTINUOUS
10
58.8642240000000001
20
-133.3359979999999894
11
58.7166499999999942
21
-133.5391170000000045
0
LINE
8
BLACK
6
CONTINUOUS
10
58.7166499999999942
20
-133.5391170000000045
11
58.5391169999999974
21
-133.7166499999999871
0
LINE
8
BLACK
6
CONTINUOUS
10
58.5391169999999974
20
-133.7166499999999871
11
58.3359979999999965
21
-133.8642240000000072
0
LINE
8
BLACK
6
CONTINUOUS
10
58.3359979999999965
20
-133.8642240000000072
11
58.112292999999994
21
-133.9782069999999976
0
LINE
8
BLACK
6
CONTINUOUS
10
58.112292999999994
20
-133.9782069999999976
11
57.8735129999999955
21
-134.0557919999999967
0
LINE
8
BLACK
6
CONTINUOUS
10
57.8735129999999955
20
-134.0557919999999967
11
57.6255349999999993
21
-134.0950679999999977
0
LINE
8
BLACK
6
CONTINUOUS
10
57.6255349999999993
20
-134.0950679999999977
11
57.3744650000000007
21
-134.0950679999999977
0
LINE
8
BLACK
6
CONTINUOUS
10
57.3744650000000007
20
-134.0950679999999977
11
57.1264869999999974
21
-134.0557919999999967
0
LINE
8
BLACK
6
CONTINUOUS
10
57.1264869999999974
20
-134.0557919999999967
11
56.8877069999999989
21
-133.9782069999999976
0
LINE
8
BLACK
6
CONTINUOUS
10
56.8877069999999989
20
-133.9782069999999976
11
56.6640019999999964
21
-133.8642240000000072
0
LINE
8
BLACK
6
CONTINUOUS
10
56.6640019999999964
20
-133.8642240000000072
11
56.4608829999999955
21
-133.7166499999999871
0
LINE
8
BLACK
6
CONTINUOUS
10
56.4608829999999955
20
-133.7166499999999871
11
56.2833499999999987
21
-133.5391170000000045
0
LINE
8
BLACK
6
CONTINUOUS
10
56.2833499999999987
20
-133.5391170000000045
11
56.1357759999999999
21
-133.3359979999999894
0
LINE
8
BLACK
6
CONTINUOUS
10
56.1357759999999999
20
-133.3359979999999894
11
56.0217929999999953
21
-133.112292999999994
0
LINE
8
BLACK
6
CONTINUOUS
10
56.0217929999999953
20
-133.112292999999994
11
55.9442079999999962
21
-132.8735130000000026
0
LINE
8
BLACK
6
CONTINUOUS
10
55.9442079999999962
20
-132.8735130000000026
11
55.9049319999999952
21
-132.6255349999999851
0
LINE
8
BLACK
6
CONTINUOUS
10
55.9049319999999952
20
-132.6255349999999851
11
55.9049319999999952
21
-132.3744649999999865
0
LINE
8
BLACK
6
CONTINUOUS
10
55.9049319999999952
20
-132.3744649999999865
11
55.9442079999999962
21
-132.1264869999999974
0
LINE
8
BLACK
6
CONTINUOUS
10
55.9442079999999962
20
-132.1264869999999974
11
56.0217929999999953
21
-131.887707000000006
0
LINE
8
BLACK
6
CONTINUOUS
10
56.0217929999999953
20
-131.887707000000006
11
56.1357759999999999
21
-131.6640019999999822
0
LINE
8
BLACK
6
CONTINUOUS
10
56.1357759999999999
20
-131.6640019999999822
11
56.2833499999999987
21
-131.4608829999999955
0
LINE
8
BLACK
6
CONTINUOUS
10
56.2833499999999987
20
-131.4608829999999955
11
56.4608829999999955
21
-131.2833499999999844
0
LINE
8
BLACK
6
CONTINUOUS
10
56.4608829999999955
20
-131.2833499999999844
11
56.6640019999999964
21
-131.1357759999999928
0
LINE
8
BLACK
6
CONTINUOUS
10
56.6640019999999964
20
-131.1357759999999928
11
56.8877069999999989
21
-131.0217930000000024
0
LINE
8
BLACK
6
CONTINUOUS
10
56.8877069999999989
20
-131.0217930000000024
11
57.1264869999999974
21
-130.9442080000000033
0
LINE
8
BLACK
6
CONTINUOUS
10
57.1264869999999974
20
-130.9442080000000033
11
57.3744650000000007
21
-130.9049320000000023
0
LINE
8
BLACK
6
CONTINUOUS
10
57.3744650000000007
20
-130.9049320000000023
11
57.6255349999999993
21
-130.9049320000000023
0
LINE
8
BLACK
6
CONTINUOUS
10
57.6255349999999993
20
-130.9049320000000023
11
57.8735129999999955
21
-130.9442080000000033
0
LINE
8
BLACK
6
CONTINUOUS
10
129.8735130000000026
20
-130.9442080000000033
11
130.112292999999994
21
-131.0217930000000024
0
LINE
8
BLACK
6
CONTINUOUS
10
130.112292999999994
20
-131.0217930000000024
11
130.3359979999999894
21
-131.1357759999999928
0
LINE
8
BLACK
6
CONTINUOUS
10
130.3359979999999894
20
-131.1357759999999928
11
130.5391170000000045
21
-131.2833499999999844
0
LINE
8
BLACK
6
CONTINUOUS
10
130.5391170000000045
20
-131.2833499999999844
11
130.7166499999999871
21
-131.4608829999999955
0
LINE
8
BLACK
6
CONTINUOUS
10
130.7166499999999871
20
-131.4608829999999955
11
130.8642240000000072
21
-131.6640019999999822
0
LINE
8
BLACK
6
CONTINUOUS
10
130.8642240000000072
20
-131.6640019999999822
11
130.9782069999999976
21
-131.887707000000006
0
LINE
8
BLACK
6
CONTINUOUS
10
130.9782069999999976
20
-131.887707000000006
11
131.0557919999999967
21
-132.1264869999999974
0
LINE
8
BLACK
6
CONTINUOUS
10
131.0557919999999967
20
-132.1264869999999974
11
131.0950679999999977
21
-132.3744649999999865
0
LINE
8
BLACK
6
CONTINUOUS
10
131.0950679999999977
20
-132.3744649999999865
11
131.0950679999999977
21
-132.6255349999999851
0
LINE
8
BLACK
6
CONTINUOUS
10
131.0950679999999977
20
-132.6255349999999851
11
131.0557919999999967
21
-132.8735130000000026
0
LINE
8
BLACK
6
CONTINUOUS
10
131.0557919999999967
20
-132.8735130000000026
11
130.9782069999999976
21
-133.112292999999994
0
LINE
8
BLACK
6
CONTINUOUS
10
130.9782069999999976
20
-133.112292999999994
11
130.8642240000000072
21
-133.3359979999999894
0
LINE
8
BLACK
6
CONTINUOUS
10
130.8642240000000072
20
-133.3359979999999894
11
130.7166499999999871
21
-133.5391170000000045
0
LINE
8
BLACK
6
CONTINUOUS
10
130.7166499999999871
20
-133.5391170000000045
11
130.5391170000000045
21
-133.7166499999999871
0
LINE
8
BLACK
6
CONTINUOUS
10
130.5391170000000045
20
-133.7166499999999871
11
130.3359979999999894
21
-133.8642240000000072
0
LINE
8
BLACK
6
CONTINUOUS
10
130.3359979999999894
20
-133.8642240000000072
11
130.112292999999994
21
-133.9782069999999976
0
LINE
8
BLACK
6
CONTINUOUS
10
130.112292999999994
20
-133.9782069999999976
11
129.8735130000000026
21
-134.0557919999999967
0
LINE
8
BLACK
6
CONTINUOUS
10
129.8735130000000026
20
-134.0557919999999967
11
129.6255349999999851
21
-134.0950679999999977
0
LINE
8
BLACK
6
CONTINUOUS
10
129.6255349999999851
20
-134.0950679999999977
11
129.3744649999999865
21
-134.0950679999999977
0
LINE
8
BLACK
6
CONTINUOUS
10
129.3744649999999865
20
-134.0950679999999977
11
129.1264869999999974
21
-134.0557919999999967
0
LINE
8
BLACK
6
CONTINUOUS
10
129.1264869999999974
20
-134.0557919999999967
11
128.887707000000006
21
-133.9782069999999976
0
LINE
8
BLACK
6
CONTINUOUS
10
128.887707000000006
20
-133.9782069999999976
11
128.6640019999999822
21
-133.8642240000000072
0
LINE
8
BLACK
6
CONTINUOUS
10
128.6640019999999822
20
-133.8642240000000072
11
128.4608829999999955
21
-133.7166499999999871
0
LINE
8
BLACK
6
CONTINUOUS
10
128.4608829999999955
20
-133.7166499999999871
11
128.2833499999999844
21
-133.5391170000000045
0
LINE
8
BLACK
6
CONTINUOUS
10
128.2833499999999844
20
-133.5391170000000045
11
128.1357759999999928
21
-133.3359979999999894
0
LINE
8
BLACK
6
CONTINUOUS
10
128.1357759999999928
20
-133.3359979999999894
11
128.0217930000000024
21
-133.112292999999994
0
LINE
8
BLACK
6
CONTINUOUS
10
128.0217930000000024
20
-133.112292999999994
11
127.9442079999999891
21
-132.8735130000000026
0
LINE
8
BLACK
6
CONTINUOUS
10
127.9442079999999891
20
-132.8735130000000026
11
127.9049319999999881
21
-132.6255349999999851
0
LINE
8
BLACK
6
CONTINUOUS
10
127.9049319999999881
20
-132.6255349999999851
11
127.9049319999999881
21
-132.3744649999999865
0
LINE
8
BLACK
6
CONTINUOUS
10
127.9049319999999881
20
-132.3744649999999865
11
127.9442079999999891
21
-132.1264869999999974
0
LINE
8
BLACK
6
CONTINUOUS
10
127.9442079999999891
20
-132.1264869999999974
11
128.0217930000000024
21
-131.887707000000006
0
LINE
8
BLACK
6
CONTINUOUS
10
128.0217930000000024
20
-131.887707000000006
11
128.1357759999999928
21
-131.6640019999999822
0
LINE
8
BLACK
6
CONTINUOUS
10
128.1357759999999928
20
-131.6640019999999822
11
128.2833499999999844
21
-131.4608829999999955
0
LINE
8
BLACK
6
CONTINUOUS
10
128.2833499999999844
20
-131.4608829999999955
11
128.4608829999999955
21
-131.2833499999999844
0
LINE
8
BLACK
6
CONTINUOUS
10
128.4608829999999955
20
-131.2833499999999844
11
128.6640019999999822
21
-131.1357759999999928
0
LINE
8
BLACK
6
CONTINUOUS
10
128.6640019999999822
20
-131.1357759999999928
11
128.887707000000006
21
-131.0217930000000024
0
LINE
8
BLACK
6
CONTINUOUS
10
128.887707000000006
20
-131.0217930000000024
11
129.1264869999999974
21
-130.9442080000000033
0
LINE
8
BLACK
6
CONTINUOUS
10
129.1264869999999974
20
-130.9442080000000033
11
129.3744649999999865
21
-130.9049320000000023
0
LINE
8
BLACK
6
CONTINUOUS
10
129.3744649999999865
20
-130.9049320000000023
11
129.6255349999999851
21
-130.9049320000000023
0
LINE
8
BLACK
6
CONTINUOUS
10
129.6255349999999851
20
-130.9049320000000023
11
129.8735130000000026
21
-130.9442080000000033
0
LINE
8
BLACK
6
CONTINUOUS
10
85.9283870000000007
20
-132.5430790000000059
11
86.0054379999999981
21
-132.5945619999999963
0
LINE
8
BLACK
6
CONTINUOUS
10
86.0054379999999981
20
-132.5945619999999963
11
86.0569210000000027
21
-132.6716130000000078
0
LINE
8
BLACK
6
CONTINUOUS
10
86.0569210000000027
20
-132.6716130000000078
11
86.0750000000000028
21
-132.7624999999999886
0
LINE
8
BLACK
6
CONTINUOUS
10
86.0750000000000028
20
-132.7624999999999886
11
86.0750000000000028
21
-133.2374999999999829
0
LINE
8
BLACK
6
CONTINUOUS
10
86.0750000000000028
20
-133.2374999999999829
11
86.0569210000000027
21
-133.3283869999999922
0
LINE
8
BLACK
6
CONTINUOUS
10
86.0569210000000027
20
-133.3283869999999922
11
86.0054379999999981
21
-133.4054380000000037
0
LINE
8
BLACK
6
CONTINUOUS
10
86.0054379999999981
20
-133.4054380000000037
11
85.9283870000000007
21
-133.4569209999999941
0
LINE
8
BLACK
6
CONTINUOUS
10
85.9283870000000007
20
-133.4569209999999941
11
85.8374999999999915
21
-133.4749999999999943
0
LINE
8
BLACK
6
CONTINUOUS
10
85.8374999999999915
20
-133.4749999999999943
11
85.3374999999999915
21
-133.4749999999999943
0
LINE
8
BLACK
6
CONTINUOUS
10
85.3374999999999915
20
-133.4749999999999943
11
85.2466129999999964
21
-133.4569209999999941
0
LINE
8
BLACK
6
CONTINUOUS
10
85.2466129999999964
20
-133.4569209999999941
11
85.1695619999999991
21
-133.4054380000000037
0
LINE
8
BLACK
6
CONTINUOUS
10
85.1695619999999991
20
-133.4054380000000037
11
85.1180789999999945
21
-133.3283869999999922
0
LINE
8
BLACK
6
CONTINUOUS
10
85.1180789999999945
20
-133.3283869999999922
11
85.0999999999999943
21
-133.2374999999999829
0
LINE
8
BLACK
6
CONTINUOUS
10
85.0999999999999943
20
-133.2374999999999829
11
85.0999999999999943
21
-132.7624999999999886
0
LINE
8
BLACK
6
CONTINUOUS
10
85.0999999999999943
20
-132.7624999999999886
11
85.1180789999999945
21
-132.6716130000000078
0
LINE
8
BLACK
6
CONTINUOUS
10
85.1180789999999945
20
-132.6716130000000078
11
85.1695619999999991
21
-132.5945619999999963
0
LINE
8
BLACK
6
CONTINUOUS
10
85.1695619999999991
20
-132.5945619999999963
11
85.2466129999999964
21
-132.5430790000000059
0
LINE
8
BLACK
6
CONTINUOUS
10
85.2466129999999964
20
-132.5430790000000059
11
85.3374999999999915
21
-132.5250000000000057
0
LINE
8
BLACK
6
CONTINUOUS
10
85.3374999999999915
20
-132.5250000000000057
11
85.8374999999999915
21
-132.5250000000000057
0
LINE
8
BLACK
6
CONTINUOUS
10
85.8374999999999915
20
-132.5250000000000057
11
85.9283870000000007
21
-132.5430790000000059
0
LINE
8
BLACK
6
CONTINUOUS
10
87.7533869999999894
20
-132.5430790000000059
11
87.8304380000000009
21
-132.5945619999999963
0
LINE
8
BLACK
6
CONTINUOUS
10
87.8304380000000009
20
-132.5945619999999963
11
87.8819209999999913
21
-132.6716130000000078
0
LINE
8
BLACK
6
CONTINUOUS
10
87.8819209999999913
20
-132.6716130000000078
11
87.8999999999999915
21
-132.7624999999999886
0
LINE
8
BLACK
6
CONTINUOUS
10
87.8999999999999915
20
-132.7624999999999886
11
87.8999999999999915
21
-133.2374999999999829
0
LINE
8
BLACK
6
CONTINUOUS
10
87.8999999999999915
20
-133.2374999999999829
11
87.8819209999999913
21
-133.3283869999999922
0
LINE
8
BLACK
6
CONTINUOUS
10
87.8819209999999913
20
-133.3283869999999922
11
87.8304380000000009
21
-133.4054380000000037
0
LINE
8
BLACK
6
CONTINUOUS
10
87.8304380000000009
20
-133.4054380000000037
11
87.7533869999999894
21
-133.4569209999999941
0
LINE
8
BLACK
6
CONTINUOUS
10
87.7533869999999894
20
-133.4569209999999941
11
87.6624999999999943
21
-133.4749999999999943
0
LINE
8
BLACK
6
CONTINUOUS
10
87.6624999999999943
20
-133.4749999999999943
11
87.1624999999999943
21
-133.4749999999999943
0
LINE
8
BLACK
6
CONTINUOUS
10
87.1624999999999943
20
-133.4749999999999943
11
87.0716129999999993
21
-133.4569209999999941
0
LINE
8
BLACK
6
CONTINUOUS
10
87.0716129999999993
20
-133.4569209999999941
11
86.9945620000000019
21
-133.4054380000000037
0
LINE
8
BLACK
6
CONTINUOUS
10
86.9945620000000019
20
-133.4054380000000037
11
86.9430789999999973
21
-133.3283869999999922
0
LINE
8
BLACK
6
CONTINUOUS
10
86.9430789999999973
20
-133.3283869999999922
11
86.9249999999999972
21
-133.2374999999999829
0
LINE
8
BLACK
6
CONTINUOUS
10
86.9249999999999972
20
-133.2374999999999829
11
86.9249999999999972
21
-132.7624999999999886
0
LINE
8
BLACK
6
CONTINUOUS
10
86.9249999999999972
20
-132.7624999999999886
11
86.9430789999999973
21
-132.6716130000000078
0
LINE
8
BLACK
6
CONTINUOUS
10
86.9430789999999973
20
-132.6716130000000078
11
86.9945620000000019
21
-132.5945619999999963
0
LINE
8
BLACK
6
CONTINUOUS
10
86.9945620000000019
20
-132.5945619999999963
11
87.0716129999999993
21
-132.5430790000000059
0
LINE
8
BLACK
6
CONTINUOUS
10
87.0716129999999993
20
-132.5430790000000059
11
87.1624999999999943
21
-132.5250000000000057
0
LINE
8
BLACK
6
CONTINUOUS
10
87.1624999999999943
20
-132.5250000000000057
11
87.6624999999999943
21
-132.5250000000000057
0
LINE
8
BLACK
6
CONTINUOUS
10
87.6624999999999943
20
-132.5250000000000057
11
87.7533869999999894
21
-132.5430790000000059
0
LINE
8
BLACK
6
CONTINUOUS
10
103.8033870000000007
20
-132.4430789999999831
11
103.8804379999999981
21
-132.4945620000000019
0
LINE
8
BLACK
6
CONTINUOUS
10
103.8804379999999981
20
-132.4945620000000019
11
103.9319209999999885
21
-132.571612999999985
0
LINE
8
BLACK
6
CONTINUOUS
10
103.9319209999999885
20
-132.571612999999985
11
103.9499999999999886
21
-132.6624999999999943
0
LINE
8
BLACK
6
CONTINUOUS
10
103.9499999999999886
20
-132.6624999999999943
11
103.9499999999999886
21
-133.1374999999999886
0
LINE
8
BLACK
6
CONTINUOUS
10
103.9499999999999886
20
-133.1374999999999886
11
103.9319209999999885
21
-133.2283869999999979
0
LINE
8
BLACK
6
CONTINUOUS
10
103.9319209999999885
20
-133.2283869999999979
11
103.8804379999999981
21
-133.305437999999981
0
LINE
8
BLACK
6
CONTINUOUS
10
103.8804379999999981
20
-133.305437999999981
11
103.8033870000000007
21
-133.3569209999999998
0
LINE
8
BLACK
6
CONTINUOUS
10
103.8033870000000007
20
-133.3569209999999998
11
103.7124999999999915
21
-133.375
0
LINE
8
BLACK
6
CONTINUOUS
10
103.7124999999999915
20
-133.375
11
103.2124999999999915
21
-133.375
0
LINE
8
BLACK
6
CONTINUOUS
10
103.2124999999999915
20
-133.375
11
103.1216129999999964
21
-133.3569209999999998
0
LINE
8
BLACK
6
CONTINUOUS
10
103.1216129999999964
20
-133.3569209999999998
11
103.0445619999999991
21
-133.305437999999981
0
LINE
8
BLACK
6
CONTINUOUS
10
103.0445619999999991
20
-133.305437999999981
11
102.9930789999999945
21
-133.2283869999999979
0
LINE
8
BLACK
6
CONTINUOUS
10
102.9930789999999945
20
-133.2283869999999979
11
102.9749999999999943
21
-133.1374999999999886
0
LINE
8
BLACK
6
CONTINUOUS
10
102.9749999999999943
20
-133.1374999999999886
11
102.9749999999999943
21
-132.6624999999999943
0
LINE
8
BLACK
6
CONTINUOUS
10
102.9749999999999943
20
-132.6624999999999943
11
102.9930789999999945
21
-132.571612999999985
0
LINE
8
BLACK
6
CONTINUOUS
10
102.9930789999999945
20
-132.571612999999985
11
103.0445619999999991
21
-132.4945620000000019
0
LINE
8
BLACK
6
CONTINUOUS
10
103.0445619999999991
20
-132.4945620000000019
11
103.1216129999999964
21
-132.4430789999999831
0
LINE
8
BLACK
6
CONTINUOUS
10
103.1216129999999964
20
-132.4430789999999831
11
103.2124999999999915
21
-132.4249999999999829
0
LINE
8
BLACK
6
CONTINUOUS
10
103.2124999999999915
20
-132.4249999999999829
11
103.7124999999999915
21
-132.4249999999999829
0
LINE
8
BLACK
6
CONTINUOUS
10
103.7124999999999915
20
-132.4249999999999829
11
103.8033870000000007
21
-132.4430789999999831
0
LINE
8
BLACK
6
CONTINUOUS
10
105.6283869999999894
20
-132.4430789999999831
11
105.7054380000000009
21
-132.4945620000000019
0
LINE
8
BLACK
6
CONTINUOUS
10
105.7054380000000009
20
-132.4945620000000019
11
105.7569209999999913
21
-132.571612999999985
0
LINE
8
BLACK
6
CONTINUOUS
10
105.7569209999999913
20
-132.571612999999985
11
105.7749999999999915
21
-132.6624999999999943
0
LINE
8
BLACK
6
CONTINUOUS
10
105.7749999999999915
20
-132.6624999999999943
11
105.7749999999999915
21
-133.1374999999999886
0
LINE
8
BLACK
6
CONTINUOUS
10
105.7749999999999915
20
-133.1374999999999886
11
105.7569209999999913
21
-133.2283869999999979
0
LINE
8
BLACK
6
CONTINUOUS
10
105.7569209999999913
20
-133.2283869999999979
11
105.7054380000000009
21
-133.305437999999981
0
LINE
8
BLACK
6
CONTINUOUS
10
105.7054380000000009
20
-133.305437999999981
11
105.6283869999999894
21
-133.3569209999999998
0
LINE
8
BLACK
6
CONTINUOUS
10
105.6283869999999894
20
-133.3569209999999998
11
105.5374999999999943
21
-133.375
0
LINE
8
BLACK
6
CONTINUOUS
10
105.5374999999999943
20
-133.375
11
105.0374999999999943
21
-133.375
0
LINE
8
BLACK
6
CONTINUOUS
10
105.0374999999999943
20
-133.375
11
104.9466129999999993
21
-133.3569209999999998
0
LINE
8
BLACK
6
CONTINUOUS
10
104.9466129999999993
20
-133.3569209999999998
11
104.8695620000000019
21
-133.305437999999981
0
LINE
8
BLACK
6
CONTINUOUS
10
104.8695620000000019
20
-133.305437999999981
11
104.8180789999999973
21
-133.2283869999999979
0
LINE
8
BLACK
6
CONTINUOUS
10
104.8180789999999973
20
-133.2283869999999979
11
104.7999999999999972
21
-133.1374999999999886
0
LINE
8
BLACK
6
CONTINUOUS
10
104.7999999999999972
20
-133.1374999999999886
11
104.7999999999999972
21
-132.6624999999999943
0
LINE
8
BLACK
6
CONTINUOUS
10
104.7999999999999972
20
-132.6624999999999943
11
104.8180789999999973
21
-132.571612999999985
0
LINE
8
BLACK
6
CONTINUOUS
10
104.8180789999999973
20
-132.571612999999985
11
104.8695620000000019
21
-132.4945620000000019
0
LINE
8
BLACK
6
CONTINUOUS
10
104.8695620000000019
20
-132.4945620000000019
11
104.9466129999999993
21
-132.4430789999999831
0
LINE
8
BLACK
6
CONTINUOUS
10
104.9466129999999993
20
-132.4430789999999831
11
105.0374999999999943
21
-132.4249999999999829
0
LINE
8
BLACK
6
CONTINUOUS
10
105.0374999999999943
20
-132.4249999999999829
11
105.5374999999999943
21
-132.4249999999999829
0
LINE
8
BLACK
6
CONTINUOUS
10
105.5374999999999943
20
-132.4249999999999829
11
105.6283869999999894
21
-132.4430789999999831
0
LINE
8
BLACK
6
CONTINUOUS
10
116.5158869999999922
20
-132.3868290000000059
11
116.5929379999999895
21
-132.4383119999999963
0
LINE
8
BLACK
6
CONTINUOUS
10
116.5929379999999895
20
-132.4383119999999963
11
116.6444209999999941
21
-132.5153630000000078
0
LINE
8
BLACK
6
CONTINUOUS
10
116.6444209999999941
20
-132.5153630000000078
11
116.6624999999999943
21
-132.6062499999999886
0
LINE
8
BLACK
6
CONTINUOUS
10
116.6624999999999943
20
-132.6062499999999886
11
116.6624999999999943
21
-133.0812499999999829
0
LINE
8
BLACK
6
CONTINUOUS
10
116.6624999999999943
20
-133.0812499999999829
11
116.6444209999999941
21
-133.1721369999999922
0
LINE
8
BLACK
6
CONTINUOUS
10
116.6444209999999941
20
-133.1721369999999922
11
116.5929379999999895
21
-133.2491880000000037
0
LINE
8
BLACK
6
CONTINUOUS
10
116.5929379999999895
20
-133.2491880000000037
11
116.5158869999999922
21
-133.3006709999999941
0
LINE
8
BLACK
6
CONTINUOUS
10
116.5158869999999922
20
-133.3006709999999941
11
116.4249999999999972
21
-133.3187499999999943
0
LINE
8
BLACK
6
CONTINUOUS
10
116.4249999999999972
20
-133.3187499999999943
11
115.9249999999999972
21
-133.3187499999999943
0
LINE
8
BLACK
6
CONTINUOUS
10
115.9249999999999972
20
-133.3187499999999943
11
115.8341129999999879
21
-133.3006709999999941
0
LINE
8
BLACK
6
CONTINUOUS
10
115.8341129999999879
20
-133.3006709999999941
11
115.7570619999999906
21
-133.2491880000000037
0
LINE
8
BLACK
6
CONTINUOUS
10
115.7570619999999906
20
-133.2491880000000037
11
115.7055790000000002
21
-133.1721369999999922
0
LINE
8
BLACK
6
CONTINUOUS
10
115.7055790000000002
20
-133.1721369999999922
11
115.6875
21
-133.0812499999999829
0
LINE
8
BLACK
6
CONTINUOUS
10
115.6875
20
-133.0812499999999829
11
115.6875
21
-132.6062499999999886
0
LINE
8
BLACK
6
CONTINUOUS
10
115.6875
20
-132.6062499999999886
11
115.7055790000000002
21
-132.5153630000000078
0
LINE
8
BLACK
6
CONTINUOUS
10
115.7055790000000002
20
-132.5153630000000078
11
115.7570619999999906
21
-132.4383119999999963
0
LINE
8
BLACK
6
CONTINUOUS
10
115.7570619999999906
20
-132.4383119999999963
11
115.8341129999999879
21
-132.3868290000000059
0
LINE
8
BLACK
6
CONTINUOUS
10
115.8341129999999879
20
-132.3868290000000059
11
115.9249999999999972
21
-132.3687500000000057
0
LINE
8
BLACK
6
CONTINUOUS
10
115.9249999999999972
20
-132.3687500000000057
11
116.4249999999999972
21
-132.3687500000000057
0
LINE
8
BLACK
6
CONTINUOUS
10
116.4249999999999972
20
-132.3687500000000057
11
116.5158869999999922
21
-132.3868290000000059
0
LINE
8
BLACK
6
CONTINUOUS
10
118.3408869999999951
20
-132.3868290000000059
11
118.4179379999999924
21
-132.4383119999999963
0
LINE
8
BLACK
6
CONTINUOUS
10
118.4179379999999924
20
-132.4383119999999963
11
118.469420999999997
21
-132.5153630000000078
0
LINE
8
BLACK
6
CONTINUOUS
10
118.469420999999997
20
-132.5153630000000078
11
118.4874999999999972
21
-132.6062499999999886
0
LINE
8
BLACK
6
CONTINUOUS
10
118.4874999999999972
20
-132.6062499999999886
11
118.4874999999999972
21
-133.0812499999999829
0
LINE
8
BLACK
6
CONTINUOUS
10
118.4874999999999972
20
-133.0812499999999829
11
118.469420999999997
21
-133.1721369999999922
0
LINE
8
BLACK
6
CONTINUOUS
10
118.469420999999997
20
-133.1721369999999922
11
118.4179379999999924
21
-133.2491880000000037
0
LINE
8
BLACK
6
CONTINUOUS
10
118.4179379999999924
20
-133.2491880000000037
11
118.3408869999999951
21
-133.3006709999999941
0
LINE
8
BLACK
6
CONTINUOUS
10
118.3408869999999951
20
-133.3006709999999941
11
118.25
21
-133.3187499999999943
0
LINE
8
BLACK
6
CONTINUOUS
10
118.25
20
-133.3187499999999943
11
117.75
21
-133.3187499999999943
0
LINE
8
BLACK
6
CONTINUOUS
10
117.75
20
-133.3187499999999943
11
117.6591129999999907
21
-133.3006709999999941
0
LINE
8
BLACK
6
CONTINUOUS
10
117.6591129999999907
20
-133.3006709999999941
11
117.5820619999999934
21
-133.2491880000000037
0
LINE
8
BLACK
6
CONTINUOUS
10
117.5820619999999934
20
-133.2491880000000037
11
117.5305789999999888
21
-133.1721369999999922
0
LINE
8
BLACK
6
CONTINUOUS
10
117.5305789999999888
20
-133.1721369999999922
11
117.5124999999999886
21
-133.0812499999999829
0
LINE
8
BLACK
6
CONTINUOUS
10
117.5124999999999886
20
-133.0812499999999829
11
117.5124999999999886
21
-132.6062499999999886
0
LINE
8
BLACK
6
CONTINUOUS
10
117.5124999999999886
20
-132.6062499999999886
11
117.5305789999999888
21
-132.5153630000000078
0
LINE
8
BLACK
6
CONTINUOUS
10
117.5305789999999888
20
-132.5153630000000078
11
117.5820619999999934
21
-132.4383119999999963
0
LINE
8
BLACK
6
CONTINUOUS
10
117.5820619999999934
20
-132.4383119999999963
11
117.6591129999999907
21
-132.3868290000000059
0
LINE
8
BLACK
6
CONTINUOUS
10
117.6591129999999907
20
-132.3868290000000059
11
117.75
21
-132.3687500000000057
0
LINE
8
BLACK
6
CONTINUOUS
10
117.75
20
-132.3687500000000057
11
118.25
21
-132.3687500000000057
0
LINE
8
BLACK
6
CONTINUOUS
10
118.25
20
-132.3687500000000057
11
118.3408869999999951
21
-132.3868290000000059
0
LINE
8
BLACK
6
CONTINUOUS
10
73.9283870000000007
20
-130.9430789999999831
11
74.0054379999999981
21
-130.9945620000000019
0
LINE
8
BLACK
6
CONTINUOUS
10
74.0054379999999981
20
-130.9945620000000019
11
74.0569210000000027
21
-131.071612999999985
0
LINE
8
BLACK
6
CONTINUOUS
10
74.0569210000000027
20
-131.071612999999985
11
74.0750000000000028
21
-131.1624999999999943
0
LINE
8
BLACK
6
CONTINUOUS
10
74.0750000000000028
20
-131.1624999999999943
11
74.0750000000000028
21
-131.7624999999999886
0
LINE
8
BLACK
6
CONTINUOUS
10
74.0750000000000028
20
-131.7624999999999886
11
74.0569210000000027
21
-131.8533869999999979
0
LINE
8
BLACK
6
CONTINUOUS
10
74.0569210000000027
20
-131.8533869999999979
11
74.0054379999999981
21
-131.930437999999981
0
LINE
8
BLACK
6
CONTINUOUS
10
74.0054379999999981
20
-131.930437999999981
11
73.9283870000000007
21
-131.9819209999999998
0
LINE
8
BLACK
6
CONTINUOUS
10
73.9283870000000007
20
-131.9819209999999998
11
73.8374999999999915
21
-132.
0
LINE
8
BLACK
6
CONTINUOUS
10
73.8374999999999915
20
-132.
11
73.3624999999999972
21
-132.
0
LINE
8
BLACK
6
CONTINUOUS
10
73.3624999999999972
20
-132.
11
73.2716130000000021
21
-131.9819209999999998
0
LINE
8
BLACK
6
CONTINUOUS
10
73.2716130000000021
20
-131.9819209999999998
11
73.1945619999999906
21
-131.930437999999981
0
LINE
8
BLACK
6
CONTINUOUS
10
73.1945619999999906
20
-131.930437999999981
11
73.1430790000000002
21
-131.8533869999999979
0
LINE
8
BLACK
6
CONTINUOUS
10
73.1430790000000002
20
-131.8533869999999979
11
73.125
21
-131.7624999999999886
0
LINE
8
BLACK
6
CONTINUOUS
10
73.125
20
-131.7624999999999886
11
73.125
21
-131.1624999999999943
0
LINE
8
BLACK
6
CONTINUOUS
10
73.125
20
-131.1624999999999943
11
73.1430790000000002
21
-131.071612999999985
0
LINE
8
BLACK
6
CONTINUOUS
10
73.1430790000000002
20
-131.071612999999985
11
73.1945619999999906
21
-130.9945620000000019
0
LINE
8
BLACK
6
CONTINUOUS
10
73.1945619999999906
20
-130.9945620000000019
11
73.2716130000000021
21
-130.9430789999999831
0
LINE
8
BLACK
6
CONTINUOUS
10
73.2716130000000021
20
-130.9430789999999831
11
73.3624999999999972
21
-130.9249999999999829
0
LINE
8
BLACK
6
CONTINUOUS
10
73.3624999999999972
20
-130.9249999999999829
11
73.8374999999999915
21
-130.9249999999999829
0
LINE
8
BLACK
6
CONTINUOUS
10
73.8374999999999915
20
-130.9249999999999829
11
73.9283870000000007
21
-130.9430789999999831
0
LINE
8
BLACK
6
CONTINUOUS
10
102.3033870000000007
20
-130.4430789999999831
11
102.3804379999999981
21
-130.4945620000000019
0
LINE
8
BLACK
6
CONTINUOUS
10
102.3804379999999981
20
-130.4945620000000019
11
102.4319209999999885
21
-130.571612999999985
0
LINE
8
BLACK
6
CONTINUOUS
10
102.4319209999999885
20
-130.571612999999985
11
102.4499999999999886
21
-130.6624999999999943
0
LINE
8
BLACK
6
CONTINUOUS
10
102.4499999999999886
20
-130.6624999999999943
11
102.4499999999999886
21
-131.1374999999999886
0
LINE
8
BLACK
6
CONTINUOUS
10
102.4499999999999886
20
-131.1374999999999886
11
102.4319209999999885
21
-131.2283869999999979
0
LINE
8
BLACK
6
CONTINUOUS
10
102.4319209999999885
20
-131.2283869999999979
11
102.3804379999999981
21
-131.305437999999981
0
LINE
8
BLACK
6
CONTINUOUS
10
102.3804379999999981
20
-131.305437999999981
11
102.3033870000000007
21
-131.3569209999999998
0
LINE
8
BLACK
6
CONTINUOUS
10
102.3033870000000007
20
-131.3569209999999998
11
102.2124999999999915
21
-131.375
0
LINE
8
BLACK
6
CONTINUOUS
10
102.2124999999999915
20
-131.375
11
101.7124999999999915
21
-131.375
0
LINE
8
BLACK
6
CONTINUOUS
10
101.7124999999999915
20
-131.375
11
101.6216129999999964
21
-131.3569209999999998
0
LINE
8
BLACK
6
CONTINUOUS
10
101.6216129999999964
20
-131.3569209999999998
11
101.5445619999999991
21
-131.305437999999981
0
LINE
8
BLACK
6
CONTINUOUS
10
101.5445619999999991
20
-131.305437999999981
11
101.4930789999999945
21
-131.2283869999999979
0
LINE
8
BLACK
6
CONTINUOUS
10
101.4930789999999945
20
-131.2283869999999979
11
101.4749999999999943
21
-131.1374999999999886
0
LINE
8
BLACK
6
CONTINUOUS
10
101.4749999999999943
20
-131.1374999999999886
11
101.4749999999999943
21
-130.6624999999999943
0
LINE
8
BLACK
6
CONTINUOUS
10
101.4749999999999943
20
-130.6624999999999943
11
101.4930789999999945
21
-130.571612999999985
0
LINE
8
BLACK
6
CONTINUOUS
10
101.4930789999999945
20
-130.571612999999985
11
101.5445619999999991
21
-130.4945620000000019
0
LINE
8
BLACK
6
CONTINUOUS
10
101.5445619999999991
20
-130.4945620000000019
11
101.6216129999999964
21
-130.4430789999999831
0
LINE
8
BLACK
6
CONTINUOUS
10
101.6216129999999964
20
-130.4430789999999831
11
101.7124999999999915
21
-130.4249999999999829
0
LINE
8
BLACK
6
CONTINUOUS
10
101.7124999999999915
20
-130.4249999999999829
11
102.2124999999999915
21
-130.4249999999999829
0
LINE
8
BLACK
6
CONTINUOUS
10
102.2124999999999915
20
-130.4249999999999829
11
102.3033870000000007
21
-130.4430789999999831
0
LINE
8
BLACK
6
CONTINUOUS
10
104.1283869999999894
20
-130.4430789999999831
11
104.2054380000000009
21
-130.4945620000000019
0
LINE
8
BLACK
6
CONTINUOUS
10
104.2054380000000009
20
-130.4945620000000019
11
104.2569209999999913
21
-130.571612999999985
0
LINE
8
BLACK
6
CONTINUOUS
10
104.2569209999999913
20
-130.571612999999985
11
104.2749999999999915
21
-130.6624999999999943
0
LINE
8
BLACK
6
CONTINUOUS
10
104.2749999999999915
20
-130.6624999999999943
11
104.2749999999999915
21
-131.1374999999999886
0
LINE
8
BLACK
6
CONTINUOUS
10
104.2749999999999915
20
-131.1374999999999886
11
104.2569209999999913
21
-131.2283869999999979
0
LINE
8
BLACK
6
CONTINUOUS
10
104.2569209999999913
20
-131.2283869999999979
11
104.2054380000000009
21
-131.305437999999981
0
LINE
8
BLACK
6
CONTINUOUS
10
104.2054380000000009
20
-131.305437999999981
11
104.1283869999999894
21
-131.3569209999999998
0
LINE
8
BLACK
6
CONTINUOUS
10
104.1283869999999894
20
-131.3569209999999998
11
104.0374999999999943
21
-131.375
0
LINE
8
BLACK
6
CONTINUOUS
10
104.0374999999999943
20
-131.375
11
103.5374999999999943
21
-131.375
0
LINE
8
BLACK
6
CONTINUOUS
10
103.5374999999999943
20
-131.375
11
103.4466129999999993
21
-131.3569209999999998
0
LINE
8
BLACK
6
CONTINUOUS
10
103.4466129999999993
20
-131.3569209999999998
11
103.3695620000000019
21
-131.305437999999981
0
LINE
8
BLACK
6
CONTINUOUS
10
103.3695620000000019
20
-131.305437999999981
11
103.3180789999999973
21
-131.2283869999999979
0
LINE
8
BLACK
6
CONTINUOUS
10
103.3180789999999973
20
-131.2283869999999979
11
103.2999999999999972
21
-131.1374999999999886
0
LINE
8
BLACK
6
CONTINUOUS
10
103.2999999999999972
20
-131.1374999999999886
11
103.2999999999999972
21
-130.6624999999999943
0
LINE
8
BLACK
6
CONTINUOUS
10
103.2999999999999972
20
-130.6624999999999943
11
103.3180789999999973
21
-130.571612999999985
0
LINE
8
BLACK
6
CONTINUOUS
10
103.3180789999999973
20
-130.571612999999985
11
103.3695620000000019
21
-130.4945620000000019
0
LINE
8
BLACK
6
CONTINUOUS
10
103.3695620000000019
20
-130.4945620000000019
11
103.4466129999999993
21
-130.4430789999999831
0
LINE
8
BLACK
6
CONTINUOUS
10
103.4466129999999993
20
-130.4430789999999831
11
103.5374999999999943
21
-130.4249999999999829
0
LINE
8
BLACK
6
CONTINUOUS
10
103.5374999999999943
20
-130.4249999999999829
11
104.0374999999999943
21
-130.4249999999999829
0
LINE
8
BLACK
6
CONTINUOUS
10
104.0374999999999943
20
-130.4249999999999829
11
104.1283869999999894
21
-130.4430789999999831
0
LINE
8
BLACK
6
CONTINUOUS
10
85.5750000000000028
20
-131.0999999999999943
11
85.125
21
-131.0999999999999943
0
LINE
8
BLACK
6
CONTINUOUS
10
85.125
20
-131.0999999999999943
11
85.125
21
-129.9000000000000057
0
LINE
8
BLACK
6
CONTINUOUS
10
85.125
20
-129.9000000000000057
11
85.5750000000000028
21
-129.9000000000000057
0
LINE
8
BLACK
6
CONTINUOUS
10
85.5750000000000028
20
-129.9000000000000057
11
85.5750000000000028
21
-131.0999999999999943
0
LINE
8
BLACK
6
CONTINUOUS
10
86.2249999999999943
20
-131.0999999999999943
11
85.7749999999999915
21
-131.0999999999999943
0
LINE
8
BLACK
6
CONTINUOUS
10
85.7749999999999915
20
-131.0999999999999943
11
85.7749999999999915
21
-129.9000000000000057
0
LINE
8
BLACK
6
CONTINUOUS
10
85.7749999999999915
20
-129.9000000000000057
11
86.2249999999999943
21
-129.9000000000000057
0
LINE
8
BLACK
6
CONTINUOUS
10
86.2249999999999943
20
-129.9000000000000057
11
86.2249999999999943
21
-131.0999999999999943
0
LINE
8
BLACK
6
CONTINUOUS
10
86.875
20
-131.0999999999999943
11
86.4249999999999972
21
-131.0999999999999943
0
LINE
8
BLACK
6
CONTINUOUS
10
86.4249999999999972
20
-131.0999999999999943
11
86.4249999999999972
21
-129.9000000000000057
0
LINE
8
BLACK
6
CONTINUOUS
10
86.4249999999999972
20
-129.9000000000000057
11
86.875
21
-129.9000000000000057
0
LINE
8
BLACK
6
CONTINUOUS
10
86.875
20
-129.9000000000000057
11
86.875
21
-131.0999999999999943
0
LINE
8
BLACK
6
CONTINUOUS
10
87.5249999999999915
20
-131.0999999999999943
11
87.0750000000000028
21
-131.0999999999999943
0
LINE
8
BLACK
6
CONTINUOUS
10
87.0750000000000028
20
-131.0999999999999943
11
87.0750000000000028
21
-129.9000000000000057
0
LINE
8
BLACK
6
CONTINUOUS
10
87.0750000000000028
20
-129.9000000000000057
11
87.5249999999999915
21
-129.9000000000000057
0
LINE
8
BLACK
6
CONTINUOUS
10
87.5249999999999915
20
-129.9000000000000057
11
87.5249999999999915
21
-131.0999999999999943
0
LINE
8
BLACK
6
CONTINUOUS
10
89.9783869999999979
20
-130.1430790000000002
11
90.0554379999999952
21
-130.1945619999999906
0
LINE
8
BLACK
6
CONTINUOUS
10
90.0554379999999952
20
-130.1945619999999906
11
90.1069209999999998
21
-130.2716130000000021
0
LINE
8
BLACK
6
CONTINUOUS
10
90.1069209999999998
20
-130.2716130000000021
11
90.125
21
-130.3624999999999829
0
LINE
8
BLACK
6
CONTINUOUS
10
90.125
20
-130.3624999999999829
11
90.125
21
-130.8624999999999829
0
LINE
8
BLACK
6
CONTINUOUS
10
90.125
20
-130.8624999999999829
11
90.1069209999999998
21
-130.9533869999999922
0
LINE
8
BLACK
6
CONTINUOUS
10
90.1069209999999998
20
-130.9533869999999922
11
90.0554379999999952
21
-131.0304380000000037
0
LINE
8
BLACK
6
CONTINUOUS
10
90.0554379999999952
20
-131.0304380000000037
11
89.9783869999999979
21
-131.0819209999999941
0
LINE
8
BLACK
6
CONTINUOUS
10
89.9783869999999979
20
-131.0819209999999941
11
89.8875000000000028
21
-131.0999999999999943
0
LINE
8
BLACK
6
CONTINUOUS
10
89.8875000000000028
20
-131.0999999999999943
11
89.4124999999999943
21
-131.0999999999999943
0
LINE
8
BLACK
6
CONTINUOUS
10
89.4124999999999943
20
-131.0999999999999943
11
89.3216129999999993
21
-131.0819209999999941
0
LINE
8
BLACK
6
CONTINUOUS
10
89.3216129999999993
20
-131.0819209999999941
11
89.2445620000000019
21
-131.0304380000000037
0
LINE
8
BLACK
6
CONTINUOUS
10
89.2445620000000019
20
-131.0304380000000037
11
89.1930789999999973
21
-130.9533869999999922
0
LINE
8
BLACK
6
CONTINUOUS
10
89.1930789999999973
20
-130.9533869999999922
11
89.1749999999999972
21
-130.8624999999999829
0
LINE
8
BLACK
6
CONTINUOUS
10
89.1749999999999972
20
-130.8624999999999829
11
89.1749999999999972
21
-130.3624999999999829
0
LINE
8
BLACK
6
CONTINUOUS
10
89.1749999999999972
20
-130.3624999999999829
11
89.1930789999999973
21
-130.2716130000000021
0
LINE
8
BLACK
6
CONTINUOUS
10
89.1930789999999973
20
-130.2716130000000021
11
89.2445620000000019
21
-130.1945619999999906
0
LINE
8
BLACK
6
CONTINUOUS
10
89.2445620000000019
20
-130.1945619999999906
11
89.3216129999999993
21
-130.1430790000000002
0
LINE
8
BLACK
6
CONTINUOUS
10
89.3216129999999993
20
-130.1430790000000002
11
89.4124999999999943
21
-130.125
0
LINE
8
BLACK
6
CONTINUOUS
10
89.4124999999999943
20
-130.125
11
89.8875000000000028
21
-130.125
0
LINE
8
BLACK
6
CONTINUOUS
10
89.8875000000000028
20
-130.125
11
89.9783869999999979
21
-130.1430790000000002
0
LINE
8
BLACK
6
CONTINUOUS
10
73.9283870000000007
20
-129.2180789999999888
11
74.0054379999999981
21
-129.2695620000000076
0
LINE
8
BLACK
6
CONTINUOUS
10
74.0054379999999981
20
-129.2695620000000076
11
74.0569210000000027
21
-129.3466129999999907
0
LINE
8
BLACK
6
CONTINUOUS
10
74.0569210000000027
20
-129.3466129999999907
11
74.0750000000000028
21
-129.4375
0
LINE
8
BLACK
6
CONTINUOUS
10
74.0750000000000028
20
-129.4375
11
74.0750000000000028
21
-130.0374999999999943
0
LINE
8
BLACK
6
CONTINUOUS
10
74.0750000000000028
20
-130.0374999999999943
11
74.0569210000000027
21
-130.1283870000000036
0
LINE
8
BLACK
6
CONTINUOUS
10
74.0569210000000027
20
-130.1283870000000036
11
74.0054379999999981
21
-130.2054379999999867
0
LINE
8
BLACK
6
CONTINUOUS
10
74.0054379999999981
20
-130.2054379999999867
11
73.9283870000000007
21
-130.2569210000000055
0
LINE
8
BLACK
6
CONTINUOUS
10
73.9283870000000007
20
-130.2569210000000055
11
73.8374999999999915
21
-130.2750000000000057
0
LINE
8
BLACK
6
CONTINUOUS
10
73.8374999999999915
20
-130.2750000000000057
11
73.3624999999999972
21
-130.2750000000000057
0
LINE
8
BLACK
6
CONTINUOUS
10
73.3624999999999972
20
-130.2750000000000057
11
73.2716130000000021
21
-130.2569210000000055
0
LINE
8
BLACK
6
CONTINUOUS
10
73.2716130000000021
20
-130.2569210000000055
11
73.1945619999999906
21
-130.2054379999999867
0
LINE
8
BLACK
6
CONTINUOUS
10
73.1945619999999906
20
-130.2054379999999867
11
73.1430790000000002
21
-130.1283870000000036
0
LINE
8
BLACK
6
CONTINUOUS
10
73.1430790000000002
20
-130.1283870000000036
11
73.125
21
-130.0374999999999943
0
LINE
8
BLACK
6
CONTINUOUS
10
73.125
20
-130.0374999999999943
11
73.125
21
-129.4375
0
LINE
8
BLACK
6
CONTINUOUS
10
73.125
20
-129.4375
11
73.1430790000000002
21
-129.3466129999999907
0
LINE
8
BLACK
6
CONTINUOUS
10
73.1430790000000002
20
-129.3466129999999907
11
73.1945619999999906
21
-129.2695620000000076
0
LINE
8
BLACK
6
CONTINUOUS
10
73.1945619999999906
20
-129.2695620000000076
11
73.2716130000000021
21
-129.2180789999999888
0
LINE
8
BLACK
6
CONTINUOUS
10
73.2716130000000021
20
-129.2180789999999888
11
73.3624999999999972
21
-129.1999999999999886
0
LINE
8
BLACK
6
CONTINUOUS
10
73.3624999999999972
20
-129.1999999999999886
11
73.8374999999999915
21
-129.1999999999999886
0
LINE
8
BLACK
6
CONTINUOUS
10
73.8374999999999915
20
-129.1999999999999886
11
73.9283870000000007
21
-129.2180789999999888
0
LINE
8
BLACK
6
CONTINUOUS
10
89.9783869999999979
20
-128.3180789999999831
11
90.0554379999999952
21
-128.3695620000000019
0
LINE
8
BLACK
6
CONTINUOUS
10
90.0554379999999952
20
-128.3695620000000019
11
90.1069209999999998
21
-128.446612999999985
0
LINE
8
BLACK
6
CONTINUOUS
10
90.1069209999999998
20
-128.446612999999985
11
90.125
21
-128.5374999999999943
0
LINE
8
BLACK
6
CONTINUOUS
10
90.125
20
-128.5374999999999943
11
90.125
21
-129.0374999999999943
0
LINE
8
BLACK
6
CONTINUOUS
10
90.125
20
-129.0374999999999943
11
90.1069209999999998
21
-129.1283870000000036
0
LINE
8
BLACK
6
CONTINUOUS
10
90.1069209999999998
20
-129.1283870000000036
11
90.0554379999999952
21
-129.2054379999999867
0
LINE
8
BLACK
6
CONTINUOUS
10
90.0554379999999952
20
-129.2054379999999867
11
89.9783869999999979
21
-129.2569210000000055
0
LINE
8
BLACK
6
CONTINUOUS
10
89.9783869999999979
20
-129.2569210000000055
11
89.8875000000000028
21
-129.2750000000000057
0
LINE
8
BLACK
6
CONTINUOUS
10
89.8875000000000028
20
-129.2750000000000057
11
89.4124999999999943
21
-129.2750000000000057
0
LINE
8
BLACK
6
CONTINUOUS
10
89.4124999999999943
20
-129.2750000000000057
11
89.3216129999999993
21
-129.2569210000000055
0
LINE
8
BLACK
6
CONTINUOUS
10
89.3216129999999993
20
-129.2569210000000055
11
89.2445620000000019
21
-129.2054379999999867
0
LINE
8
BLACK
6
CONTINUOUS
10
89.2445620000000019
20
-129.2054379999999867
11
89.1930789999999973
21
-129.1283870000000036
0
LINE
8
BLACK
6
CONTINUOUS
10
89.1930789999999973
20
-129.1283870000000036
11
89.1749999999999972
21
-129.0374999999999943
0
LINE
8
BLACK
6
CONTINUOUS
10
89.1749999999999972
20
-129.0374999999999943
11
89.1749999999999972
21
-128.5374999999999943
0
LINE
8
BLACK
6
CONTINUOUS
10
89.1749999999999972
20
-128.5374999999999943
11
89.1930789999999973
21
-128.446612999999985
0
LINE
8
BLACK
6
CONTINUOUS
10
89.1930789999999973
20
-128.446612999999985
11
89.2445620000000019
21
-128.3695620000000019
0
LINE
8
BLACK
6
CONTINUOUS
10
89.2445620000000019
20
-128.3695620000000019
11
89.3216129999999993
21
-128.3180789999999831
0
LINE
8
BLACK
6
CONTINUOUS
10
89.3216129999999993
20
-128.3180789999999831
11
89.4124999999999943
21
-128.2999999999999829
0
LINE
8
BLACK
6
CONTINUOUS
10
89.4124999999999943
20
-128.2999999999999829
11
89.8875000000000028
21
-128.2999999999999829
0
LINE
8
BLACK
6
CONTINUOUS
10
89.8875000000000028
20
-128.2999999999999829
11
89.9783869999999979
21
-128.3180789999999831
0
LINE
8
BLACK
6
CONTINUOUS
10
69.5600000000000023
20
-129.1999999999999886
11
68.9599999999999937
21
-129.1999999999999886
0
LINE
8
BLACK
6
CONTINUOUS
10
68.9599999999999937
20
-129.1999999999999886
11
68.9599999999999937
21
-128.
0
LINE
8
BLACK
6
CONTINUOUS
10
68.9599999999999937
20
-128.
11
69.5600000000000023
21
-128.
0
LINE
8
BLACK
6
CONTINUOUS
10
69.5600000000000023
20
-128.
11
69.5600000000000023
21
-129.1999999999999886
0
LINE
8
BLACK
6
CONTINUOUS
10
70.5099999999999909
20
-129.1999999999999886
11
69.9099999999999966
21
-129.1999999999999886
0
LINE
8
BLACK
6
CONTINUOUS
10
69.9099999999999966
20
-129.1999999999999886
11
69.9099999999999966
21
-128.
0
LINE
8
BLACK
6
CONTINUOUS
10
69.9099999999999966
20
-128.
11
70.5099999999999909
21
-128.
0
LINE
8
BLACK
6
CONTINUOUS
10
70.5099999999999909
20
-128.
11
70.5099999999999909
21
-129.1999999999999886
0
LINE
8
BLACK
6
CONTINUOUS
10
71.4599999999999937
20
-129.1999999999999886
11
70.8599999999999994
21
-129.1999999999999886
0
LINE
8
BLACK
6
CONTINUOUS
10
70.8599999999999994
20
-129.1999999999999886
11
70.8599999999999994
21
-128.
0
LINE
8
BLACK
6
CONTINUOUS
10
70.8599999999999994
20
-128.
11
71.4599999999999937
21
-128.
0
LINE
8
BLACK
6
CONTINUOUS
10
71.4599999999999937
20
-128.
11
71.4599999999999937
21
-129.1999999999999886
0
LINE
8
BLACK
6
CONTINUOUS
10
85.5750000000000028
20
-128.5999999999999943
11
85.125
21
-128.5999999999999943
0
LINE
8
BLACK
6
CONTINUOUS
10
85.125
20
-128.5999999999999943
11
85.125
21
-127.3999999999999915
0
LINE
8
BLACK
6
CONTINUOUS
10
85.125
20
-127.3999999999999915
11
85.5750000000000028
21
-127.3999999999999915
0
LINE
8
BLACK
6
CONTINUOUS
10
85.5750000000000028
20
-127.3999999999999915
11
85.5750000000000028
21
-128.5999999999999943
0
LINE
8
BLACK
6
CONTINUOUS
10
86.2249999999999943
20
-128.5999999999999943
11
85.7749999999999915
21
-128.5999999999999943
0
LINE
8
BLACK
6
CONTINUOUS
10
85.7749999999999915
20
-128.5999999999999943
11
85.7749999999999915
21
-127.3999999999999915
0
LINE
8
BLACK
6
CONTINUOUS
10
85.7749999999999915
20
-127.3999999999999915
11
86.2249999999999943
21
-127.3999999999999915
0
LINE
8
BLACK
6
CONTINUOUS
10
86.2249999999999943
20
-127.3999999999999915
11
86.2249999999999943
21
-128.5999999999999943
0
LINE
8
BLACK
6
CONTINUOUS
10
86.875
20
-128.5999999999999943
11
86.4249999999999972
21
-128.5999999999999943
0
LINE
8
BLACK
6
CONTINUOUS
10
86.4249999999999972
20
-128.5999999999999943
11
86.4249999999999972
21
-127.3999999999999915
0
LINE
8
BLACK
6
CONTINUOUS
10
86.4249999999999972
20
-127.3999999999999915
11
86.875
21
-127.3999999999999915
0
LINE
8
BLACK
6
CONTINUOUS
10
86.875
20
-127.3999999999999915
11
86.875
21
-128.5999999999999943
0
LINE
8
BLACK
6
CONTINUOUS
10
87.5249999999999915
20
-128.5999999999999943
11
87.0750000000000028
21
-128.5999999999999943
0
LINE
8
BLACK
6
CONTINUOUS
10
87.0750000000000028
20
-128.5999999999999943
11
87.0750000000000028
21
-127.3999999999999915
0
LINE
8
BLACK
6
CONTINUOUS
10
87.0750000000000028
20
-127.3999999999999915
11
87.5249999999999915
21
-127.3999999999999915
0
LINE
8
BLACK
6
CONTINUOUS
10
87.5249999999999915
20
-127.3999999999999915
11
87.5249999999999915
21
-128.5999999999999943
0
LINE
8
BLACK
6
CONTINUOUS
10
53.3268239999999949
20
-124.1386819999999886
11
53.5357569999999967
21
-124.2065689999999876
0
LINE
8
BLACK
6
CONTINUOUS
10
53.5357569999999967
20
-124.2065689999999876
11
53.7314979999999949
21
-124.3063039999999972
0
LINE
8
BLACK
6
CONTINUOUS
10
53.7314979999999949
20
-124.3063039999999972
11
53.9092269999999942
21
-124.4354319999999916
0
LINE
8
BLACK
6
CONTINUOUS
10
53.9092269999999942
20
-124.4354319999999916
11
54.0645679999999942
21
-124.5907729999999987
0
LINE
8
BLACK
6
CONTINUOUS
10
54.0645679999999942
20
-124.5907729999999987
11
54.1936959999999956
21
-124.768501999999998
0
LINE
8
BLACK
6
CONTINUOUS
10
54.1936959999999956
20
-124.768501999999998
11
54.2934309999999982
21
-124.9642429999999962
0
LINE
8
BLACK
6
CONTINUOUS
10
54.2934309999999982
20
-124.9642429999999962
11
54.3613179999999971
21
-125.173175999999998
0
LINE
8
BLACK
6
CONTINUOUS
10
54.3613179999999971
20
-125.173175999999998
11
54.3956839999999957
21
-125.3901569999999879
0
LINE
8
BLACK
6
CONTINUOUS
10
54.3956839999999957
20
-125.3901569999999879
11
54.3956839999999957
21
-125.6098429999999979
0
LINE
8
BLACK
6
CONTINUOUS
10
54.3956839999999957
20
-125.6098429999999979
11
54.3613179999999971
21
-125.8268239999999878
0
LINE
8
BLACK
6
CONTINUOUS
10
54.3613179999999971
20
-125.8268239999999878
11
54.2934309999999982
21
-126.0357569999999896
0
LINE
8
BLACK
6
CONTINUOUS
10
54.2934309999999982
20
-126.0357569999999896
11
54.1936959999999956
21
-126.2314979999999878
0
LINE
8
BLACK
6
CONTINUOUS
10
54.1936959999999956
20
-126.2314979999999878
11
54.0645679999999942
21
-126.4092270000000013
0
LINE
8
BLACK
6
CONTINUOUS
10
54.0645679999999942
20
-126.4092270000000013
11
53.9092269999999942
21
-126.5645679999999942
0
LINE
8
BLACK
6
CONTINUOUS
10
53.9092269999999942
20
-126.5645679999999942
11
53.7314979999999949
21
-126.6936959999999885
0
LINE
8
BLACK
6
CONTINUOUS
10
53.7314979999999949
20
-126.6936959999999885
11
53.5357569999999967
21
-126.7934309999999982
0
LINE
8
BLACK
6
CONTINUOUS
10
53.5357569999999967
20
-126.7934309999999982
11
53.3268239999999949
21
-126.8613179999999971
0
LINE
8
BLACK
6
CONTINUOUS
10
53.3268239999999949
20
-126.8613179999999971
11
53.1098429999999979
21
-126.8956839999999886
0
LINE
8
BLACK
6
CONTINUOUS
10
53.1098429999999979
20
-126.8956839999999886
11
52.890156999999995
21
-126.8956839999999886
0
LINE
8
BLACK
6
CONTINUOUS
10
52.890156999999995
20
-126.8956839999999886
11
52.673175999999998
21
-126.8613179999999971
0
LINE
8
BLACK
6
CONTINUOUS
10
52.673175999999998
20
-126.8613179999999971
11
52.4642429999999962
21
-126.7934309999999982
0
LINE
8
BLACK
6
CONTINUOUS
10
52.4642429999999962
20
-126.7934309999999982
11
52.268501999999998
21
-126.6936959999999885
0
LINE
8
BLACK
6
CONTINUOUS
10
52.268501999999998
20
-126.6936959999999885
11
52.0907729999999987
21
-126.5645679999999942
0
LINE
8
BLACK
6
CONTINUOUS
10
52.0907729999999987
20
-126.5645679999999942
11
51.9354319999999987
21
-126.4092270000000013
0
LINE
8
BLACK
6
CONTINUOUS
10
51.9354319999999987
20
-126.4092270000000013
11
51.8063039999999972
21
-126.2314979999999878
0
LINE
8
BLACK
6
CONTINUOUS
10
51.8063039999999972
20
-126.2314979999999878
11
51.7065689999999947
21
-126.0357569999999896
0
LINE
8
BLACK
6
CONTINUOUS
10
51.7065689999999947
20
-126.0357569999999896
11
51.6386819999999958
21
-125.8268239999999878
0
LINE
8
BLACK
6
CONTINUOUS
10
51.6386819999999958
20
-125.8268239999999878
11
51.6043159999999972
21
-125.6098429999999979
0
LINE
8
BLACK
6
CONTINUOUS
10
51.6043159999999972
20
-125.6098429999999979
11
51.6043159999999972
21
-125.3901569999999879
0
LINE
8
BLACK
6
CONTINUOUS
10
51.6043159999999972
20
-125.3901569999999879
11
51.6386819999999958
21
-125.173175999999998
0
LINE
8
BLACK
6
CONTINUOUS
10
51.6386819999999958
20
-125.173175999999998
11
51.7065689999999947
21
-124.9642429999999962
0
LINE
8
BLACK
6
CONTINUOUS
10
51.7065689999999947
20
-124.9642429999999962
11
51.8063039999999972
21
-124.768501999999998
0
LINE
8
BLACK
6
CONTINUOUS
10
51.8063039999999972
20
-124.768501999999998
11
51.9354319999999987
21
-124.5907729999999987
0
LINE
8
BLACK
6
CONTINUOUS
10
51.9354319999999987
20
-124.5907729999999987
11
52.0907729999999987
21
-124.4354319999999916
0
LINE
8
BLACK
6
CONTINUOUS
10
52.0907729999999987
20
-124.4354319999999916
11
52.268501999999998
21
-124.3063039999999972
0
LINE
8
BLACK
6
CONTINUOUS
10
52.268501999999998
20
-124.3063039999999972
11
52.4642429999999962
21
-124.2065689999999876
0
LINE
8
BLACK
6
CONTINUOUS
10
52.4642429999999962
20
-124.2065689999999876
11
52.673175999999998
21
-124.1386819999999886
0
LINE
8
BLACK
6
CONTINUOUS
10
52.673175999999998
20
-124.1386819999999886
11
52.890156999999995
21
-124.1043159999999972
0
LINE
8
BLACK
6
CONTINUOUS
10
52.890156999999995
20
-124.1043159999999972
11
53.1098429999999979
21
-124.1043159999999972
0
LINE
8
BLACK
6
CONTINUOUS
10
53.1098429999999979
20
-124.1043159999999972
11
53.3268239999999949
21
-124.1386819999999886
0
LINE
8
BLACK
6
CONTINUOUS
10
69.5600000000000023
20
-126.6999999999999886
11
68.9599999999999937
21
-126.6999999999999886
0
LINE
8
BLACK
6
CONTINUOUS
10
68.9599999999999937
20
-126.6999999999999886
11
68.9599999999999937
21
-125.5
0
LINE
8
BLACK
6
CONTINUOUS
10
68.9599999999999937
20
-125.5
11
69.5600000000000023
21
-125.5
0
LINE
8
BLACK
6
CONTINUOUS
10
69.5600000000000023
20
-125.5
11
69.5600000000000023
21
-126.6999999999999886
0
LINE
8
BLACK
6
CONTINUOUS
10
70.5099999999999909
20
-126.6999999999999886
11
69.9099999999999966
21
-126.6999999999999886
0
LINE
8
BLACK
6
CONTINUOUS
10
69.9099999999999966
20
-126.6999999999999886
11
69.9099999999999966
21
-125.5
0
LINE
8
BLACK
6
CONTINUOUS
10
69.9099999999999966
20
-125.5
11
70.5099999999999909
21
-125.5
0
LINE
8
BLACK
6
CONTINUOUS
10
70.5099999999999909
20
-125.5
11
70.5099999999999909
21
-126.6999999999999886
0
LINE
8
BLACK
6
CONTINUOUS
10
71.4599999999999937
20
-126.6999999999999886
11
70.8599999999999994
21
-126.6999999999999886
0
LINE
8
BLACK
6
CONTINUOUS
10
70.8599999999999994
20
-126.6999999999999886
11
70.8599999999999994
21
-125.5
0
LINE
8
BLACK
6
CONTINUOUS
10
70.8599999999999994
20
-125.5
11
71.4599999999999937
21
-125.5
0
LINE
8
BLACK
6
CONTINUOUS
10
71.4599999999999937
20
-125.5
11
71.4599999999999937
21
-126.6999999999999886
0
LINE
8
BLACK
6
CONTINUOUS
10
60.8883869999999945
20
-125.3180789999999973
11
60.9654379999999989
21
-125.3695619999999877
0
LINE
8
BLACK
6
CONTINUOUS
10
60.9654379999999989
20
-125.3695619999999877
11
61.0169209999999964
21
-125.4466129999999993
0
LINE
8
BLACK
6
CONTINUOUS
10
61.0169209999999964
20
-125.4466129999999993
11
61.0349999999999966
21
-125.5374999999999943
0
LINE
8
BLACK
6
CONTINUOUS
10
61.0349999999999966
20
-125.5374999999999943
11
61.0349999999999966
21
-126.1374999999999886
0
LINE
8
BLACK
6
CONTINUOUS
10
61.0349999999999966
20
-126.1374999999999886
11
61.0169209999999964
21
-126.2283869999999979
0
LINE
8
BLACK
6
CONTINUOUS
10
61.0169209999999964
20
-126.2283869999999979
11
60.9654379999999989
21
-126.3054379999999952
0
LINE
8
BLACK
6
CONTINUOUS
10
60.9654379999999989
20
-126.3054379999999952
11
60.8883869999999945
21
-126.3569209999999998
0
LINE
8
BLACK
6
CONTINUOUS
10
60.8883869999999945
20
-126.3569209999999998
11
60.7974999999999994
21
-126.375
0
LINE
8
BLACK
6
CONTINUOUS
10
60.7974999999999994
20
-126.375
11
60.322499999999998
21
-126.375
0
LINE
8
BLACK
6
CONTINUOUS
10
60.322499999999998
20
-126.375
11
60.2316129999999958
21
-126.3569209999999998
0
LINE
8
BLACK
6
CONTINUOUS
10
60.2316129999999958
20
-126.3569209999999998
11
60.1545619999999985
21
-126.3054379999999952
0
LINE
8
BLACK
6
CONTINUOUS
10
60.1545619999999985
20
-126.3054379999999952
11
60.1030789999999939
21
-126.2283869999999979
0
LINE
8
BLACK
6
CONTINUOUS
10
60.1030789999999939
20
-126.2283869999999979
11
60.0849999999999937
21
-126.1374999999999886
0
LINE
8
BLACK
6
CONTINUOUS
10
60.0849999999999937
20
-126.1374999999999886
11
60.0849999999999937
21
-125.5374999999999943
0
LINE
8
BLACK
6
CONTINUOUS
10
60.0849999999999937
20
-125.5374999999999943
11
60.1030789999999939
21
-125.4466129999999993
0
LINE
8
BLACK
6
CONTINUOUS
10
60.1030789999999939
20
-125.4466129999999993
11
60.1545619999999985
21
-125.3695619999999877
0
LINE
8
BLACK
6
CONTINUOUS
10
60.1545619999999985
20
-125.3695619999999877
11
60.2316129999999958
21
-125.3180789999999973
0
LINE
8
BLACK
6
CONTINUOUS
10
60.2316129999999958
20
-125.3180789999999973
11
60.322499999999998
21
-125.2999999999999972
0
LINE
8
BLACK
6
CONTINUOUS
10
60.322499999999998
20
-125.2999999999999972
11
60.7974999999999994
21
-125.2999999999999972
0
LINE
8
BLACK
6
CONTINUOUS
10
60.7974999999999994
20
-125.2999999999999972
11
60.8883869999999945
21
-125.3180789999999973
0
LINE
8
BLACK
6
CONTINUOUS
10
58.8283869999999993
20
-125.2430789999999945
11
58.9054379999999966
21
-125.2945619999999991
0
LINE
8
BLACK
6
CONTINUOUS
10
58.9054379999999966
20
-125.2945619999999991
11
58.9569209999999941
21
-125.3716129999999964
0
LINE
8
BLACK
6
CONTINUOUS
10
58.9569209999999941
20
-125.3716129999999964
11
58.9749999999999943
21
-125.4624999999999915
0
LINE
8
BLACK
6
CONTINUOUS
10
58.9749999999999943
20
-125.4624999999999915
11
58.9749999999999943
21
-125.9624999999999915
0
LINE
8
BLACK
6
CONTINUOUS
10
58.9749999999999943
20
-125.9624999999999915
11
58.9569209999999941
21
-126.0533870000000007
0
LINE
8
BLACK
6
CONTINUOUS
10
58.9569209999999941
20
-126.0533870000000007
11
58.9054379999999966
21
-126.1304379999999981
0
LINE
8
BLACK
6
CONTINUOUS
10
58.9054379999999966
20
-126.1304379999999981
11
58.8283869999999993
21
-126.1819209999999885
0
LINE
8
BLACK
6
CONTINUOUS
10
58.8283869999999993
20
-126.1819209999999885
11
58.7374999999999972
21
-126.1999999999999886
0
LINE
8
BLACK
6
CONTINUOUS
10
58.7374999999999972
20
-126.1999999999999886
11
58.2624999999999957
21
-126.1999999999999886
0
LINE
8
BLACK
6
CONTINUOUS
10
58.2624999999999957
20
-126.1999999999999886
11
58.1716130000000007
21
-126.1819209999999885
0
LINE
8
BLACK
6
CONTINUOUS
10
58.1716130000000007
20
-126.1819209999999885
11
58.0945619999999963
21
-126.1304379999999981
0
LINE
8
BLACK
6
CONTINUOUS
10
58.0945619999999963
20
-126.1304379999999981
11
58.0430789999999988
21
-126.0533870000000007
0
LINE
8
BLACK
6
CONTINUOUS
10
58.0430789999999988
20
-126.0533870000000007
11
58.0249999999999986
21
-125.9624999999999915
0
LINE
8
BLACK
6
CONTINUOUS
10
58.0249999999999986
20
-125.9624999999999915
11
58.0249999999999986
21
-125.4624999999999915
0
LINE
8
BLACK
6
CONTINUOUS
10
58.0249999999999986
20
-125.4624999999999915
11
58.0430789999999988
21
-125.3716129999999964
0
LINE
8
BLACK
6
CONTINUOUS
10
58.0430789999999988
20
-125.3716129999999964
11
58.0945619999999963
21
-125.2945619999999991
0
LINE
8
BLACK
6
CONTINUOUS
10
58.0945619999999963
20
-125.2945619999999991
11
58.1716130000000007
21
-125.2430789999999945
0
LINE
8
BLACK
6
CONTINUOUS
10
58.1716130000000007
20
-125.2430789999999945
11
58.2624999999999957
21
-125.2249999999999943
0
LINE
8
BLACK
6
CONTINUOUS
10
58.2624999999999957
20
-125.2249999999999943
11
58.7374999999999972
21
-125.2249999999999943
0
LINE
8
BLACK
6
CONTINUOUS
10
58.7374999999999972
20
-125.2249999999999943
11
58.8283869999999993
21
-125.2430789999999945
0
LINE
8
BLACK
6
CONTINUOUS
10
86.4783869999999979
20
-124.7930789999999917
11
86.5554379999999952
21
-124.8445619999999963
0
LINE
8
BLACK
6
CONTINUOUS
10
86.5554379999999952
20
-124.8445619999999963
11
86.6069209999999998
21
-124.9216129999999936
0
LINE
8
BLACK
6
CONTINUOUS
10
86.6069209999999998
20
-124.9216129999999936
11
86.625
21
-125.0124999999999886
0
LINE
8
BLACK
6
CONTINUOUS
10
86.625
20
-125.0124999999999886
11
86.625
21
-125.6124999999999972
0
LINE
8
BLACK
6
CONTINUOUS
10
86.625
20
-125.6124999999999972
11
86.6069209999999998
21
-125.7033869999999922
0
LINE
8
BLACK
6
CONTINUOUS
10
86.6069209999999998
20
-125.7033869999999922
11
86.5554379999999952
21
-125.7804379999999895
0
LINE
8
BLACK
6
CONTINUOUS
10
86.5554379999999952
20
-125.7804379999999895
11
86.4783869999999979
21
-125.8319209999999941
0
LINE
8
BLACK
6
CONTINUOUS
10
86.4783869999999979
20
-125.8319209999999941
11
86.3875000000000028
21
-125.8499999999999943
0
LINE
8
BLACK
6
CONTINUOUS
10
86.3875000000000028
20
-125.8499999999999943
11
85.9124999999999943
21
-125.8499999999999943
0
LINE
8
BLACK
6
CONTINUOUS
10
85.9124999999999943
20
-125.8499999999999943
11
85.8216129999999993
21
-125.8319209999999941
0
LINE
8
BLACK
6
CONTINUOUS
10
85.8216129999999993
20
-125.8319209999999941
11
85.7445620000000019
21
-125.7804379999999895
0
LINE
8
BLACK
6
CONTINUOUS
10
85.7445620000000019
20
-125.7804379999999895
11
85.6930789999999973
21
-125.7033869999999922
0
LINE
8
BLACK
6
CONTINUOUS
10
85.6930789999999973
20
-125.7033869999999922
11
85.6749999999999972
21
-125.6124999999999972
0
LINE
8
BLACK
6
CONTINUOUS
10
85.6749999999999972
20
-125.6124999999999972
11
85.6749999999999972
21
-125.0124999999999886
0
LINE
8
BLACK
6
CONTINUOUS
10
85.6749999999999972
20
-125.0124999999999886
11
85.6930789999999973
21
-124.9216129999999936
0
LINE
8
BLACK
6
CONTINUOUS
10
85.6930789999999973
20
-124.9216129999999936
11
85.7445620000000019
21
-124.8445619999999963
0
LINE
8
BLACK
6
CONTINUOUS
10
85.7445620000000019
20
-124.8445619999999963
11
85.8216129999999993
21
-124.7930789999999917
0
LINE
8
BLACK
6
CONTINUOUS
10
85.8216129999999993
20
-124.7930789999999917
11
85.9124999999999943
21
-124.7749999999999915
0
LINE
8
BLACK
6
CONTINUOUS
10
85.9124999999999943
20
-124.7749999999999915
11
86.3875000000000028
21
-124.7749999999999915
0
LINE
8
BLACK
6
CONTINUOUS
10
86.3875000000000028
20
-124.7749999999999915
11
86.4783869999999979
21
-124.7930789999999917
0
LINE
8
BLACK
6
CONTINUOUS
10
60.8883869999999945
20
-123.5930789999999888
11
60.9654379999999989
21
-123.6445619999999934
0
LINE
8
BLACK
6
CONTINUOUS
10
60.9654379999999989
20
-123.6445619999999934
11
61.0169209999999964
21
-123.7216129999999907
0
LINE
8
BLACK
6
CONTINUOUS
10
61.0169209999999964
20
-123.7216129999999907
11
61.0349999999999966
21
-123.8125
0
LINE
8
BLACK
6
CONTINUOUS
10
61.0349999999999966
20
-123.8125
11
61.0349999999999966
21
-124.4124999999999943
0
LINE
8
BLACK
6
CONTINUOUS
10
61.0349999999999966
20
-124.4124999999999943
11
61.0169209999999964
21
-124.5033869999999894
0
LINE
8
BLACK
6
CONTINUOUS
10
61.0169209999999964
20
-124.5033869999999894
11
60.9654379999999989
21
-124.5804380000000009
0
LINE
8
BLACK
6
CONTINUOUS
10
60.9654379999999989
20
-124.5804380000000009
11
60.8883869999999945
21
-124.6319209999999913
0
LINE
8
BLACK
6
CONTINUOUS
10
60.8883869999999945
20
-124.6319209999999913
11
60.7974999999999994
21
-124.6499999999999915
0
LINE
8
BLACK
6
CONTINUOUS
10
60.7974999999999994
20
-124.6499999999999915
11
60.322499999999998
21
-124.6499999999999915
0
LINE
8
BLACK
6
CONTINUOUS
10
60.322499999999998
20
-124.6499999999999915
11
60.2316129999999958
21
-124.6319209999999913
0
LINE
8
BLACK
6
CONTINUOUS
10
60.2316129999999958
20
-124.6319209999999913
11
60.1545619999999985
21
-124.5804380000000009
0
LINE
8
BLACK
6
CONTINUOUS
10
60.1545619999999985
20
-124.5804380000000009
11
60.1030789999999939
21
-124.5033869999999894
0
LINE
8
BLACK
6
CONTINUOUS
10
60.1030789999999939
20
-124.5033869999999894
11
60.0849999999999937
21
-124.4124999999999943
0
LINE
8
BLACK
6
CONTINUOUS
10
60.0849999999999937
20
-124.4124999999999943
11
60.0849999999999937
21
-123.8125
0
LINE
8
BLACK
6
CONTINUOUS
10
60.0849999999999937
20
-123.8125
11
60.1030789999999939
21
-123.7216129999999907
0
LINE
8
BLACK
6
CONTINUOUS
10
60.1030789999999939
20
-123.7216129999999907
11
60.1545619999999985
21
-123.6445619999999934
0
LINE
8
BLACK
6
CONTINUOUS
10
60.1545619999999985
20
-123.6445619999999934
11
60.2316129999999958
21
-123.5930789999999888
0
LINE
8
BLACK
6
CONTINUOUS
10
60.2316129999999958
20
-123.5930789999999888
11
60.322499999999998
21
-123.5749999999999886
0
LINE
8
BLACK
6
CONTINUOUS
10
60.322499999999998
20
-123.5749999999999886
11
60.7974999999999994
21
-123.5749999999999886
0
LINE
8
BLACK
6
CONTINUOUS
10
60.7974999999999994
20
-123.5749999999999886
11
60.8883869999999945
21
-123.5930789999999888
0
LINE
8
BLACK
6
CONTINUOUS
10
58.8283869999999993
20
-123.4180789999999917
11
58.9054379999999966
21
-123.4695619999999963
0
LINE
8
BLACK
6
CONTINUOUS
10
58.9054379999999966
20
-123.4695619999999963
11
58.9569209999999941
21
-123.5466129999999936
0
LINE
8
BLACK
6
CONTINUOUS
10
58.9569209999999941
20
-123.5466129999999936
11
58.9749999999999943
21
-123.6374999999999886
0
LINE
8
BLACK
6
CONTINUOUS
10
58.9749999999999943
20
-123.6374999999999886
11
58.9749999999999943
21
-124.1374999999999886
0
LINE
8
BLACK
6
CONTINUOUS
10
58.9749999999999943
20
-124.1374999999999886
11
58.9569209999999941
21
-124.2283869999999979
0
LINE
8
BLACK
6
CONTINUOUS
10
58.9569209999999941
20
-124.2283869999999979
11
58.9054379999999966
21
-124.3054379999999952
0
LINE
8
BLACK
6
CONTINUOUS
10
58.9054379999999966
20
-124.3054379999999952
11
58.8283869999999993
21
-124.3569209999999998
0
LINE
8
BLACK
6
CONTINUOUS
10
58.8283869999999993
20
-124.3569209999999998
11
58.7374999999999972
21
-124.375
0
LINE
8
BLACK
6
CONTINUOUS
10
58.7374999999999972
20
-124.375
11
58.2624999999999957
21
-124.375
0
LINE
8
BLACK
6
CONTINUOUS
10
58.2624999999999957
20
-124.375
11
58.1716130000000007
21
-124.3569209999999998
0
LINE
8
BLACK
6
CONTINUOUS
10
58.1716130000000007
20
-124.3569209999999998
11
58.0945619999999963
21
-124.3054379999999952
0
LINE
8
BLACK
6
CONTINUOUS
10
58.0945619999999963
20
-124.3054379999999952
11
58.0430789999999988
21
-124.2283869999999979
0
LINE
8
BLACK
6
CONTINUOUS
10
58.0430789999999988
20
-124.2283869999999979
11
58.0249999999999986
21
-124.1374999999999886
0
LINE
8
BLACK
6
CONTINUOUS
10
58.0249999999999986
20
-124.1374999999999886
11
58.0249999999999986
21
-123.6374999999999886
0
LINE
8
BLACK
6
CONTINUOUS
10
58.0249999999999986
20
-123.6374999999999886
11
58.0430789999999988
21
-123.5466129999999936
0
LINE
8
BLACK
6
CONTINUOUS
10
58.0430789999999988
20
-123.5466129999999936
11
58.0945619999999963
21
-123.4695619999999963
0
LINE
8
BLACK
6
CONTINUOUS
10
58.0945619999999963
20
-123.4695619999999963
11
58.1716130000000007
21
-123.4180789999999917
0
LINE
8
BLACK
6
CONTINUOUS
10
58.1716130000000007
20
-123.4180789999999917
11
58.2624999999999957
21
-123.3999999999999915
0
LINE
8
BLACK
6
CONTINUOUS
10
58.2624999999999957
20
-123.3999999999999915
11
58.7374999999999972
21
-123.3999999999999915
0
LINE
8
BLACK
6
CONTINUOUS
10
58.7374999999999972
20
-123.3999999999999915
11
58.8283869999999993
21
-123.4180789999999917
0
LINE
8
BLACK
6
CONTINUOUS
10
93.5533870000000007
20
-123.2930789999999917
11
93.6304379999999981
21
-123.3445619999999963
0
LINE
8
BLACK
6
CONTINUOUS
10
93.6304379999999981
20
-123.3445619999999963
11
93.6819210000000027
21
-123.4216129999999936
0
LINE
8
BLACK
6
CONTINUOUS
10
93.6819210000000027
20
-123.4216129999999936
11
93.7000000000000028
21
-123.5124999999999886
0
LINE
8
BLACK
6
CONTINUOUS
10
93.7000000000000028
20
-123.5124999999999886
11
93.7000000000000028
21
-123.9874999999999972
0
LINE
8
BLACK
6
CONTINUOUS
10
93.7000000000000028
20
-123.9874999999999972
11
93.6819210000000027
21
-124.0783869999999922
0
LINE
8
BLACK
6
CONTINUOUS
10
93.6819210000000027
20
-124.0783869999999922
11
93.6304379999999981
21
-124.1554379999999895
0
LINE
8
BLACK
6
CONTINUOUS
10
93.6304379999999981
20
-124.1554379999999895
11
93.5533870000000007
21
-124.2069209999999941
0
LINE
8
BLACK
6
CONTINUOUS
10
93.5533870000000007
20
-124.2069209999999941
11
93.4624999999999915
21
-124.2249999999999943
0
LINE
8
BLACK
6
CONTINUOUS
10
93.4624999999999915
20
-124.2249999999999943
11
92.9624999999999915
21
-124.2249999999999943
0
LINE
8
BLACK
6
CONTINUOUS
10
92.9624999999999915
20
-124.2249999999999943
11
92.8716129999999964
21
-124.2069209999999941
0
LINE
8
BLACK
6
CONTINUOUS
10
92.8716129999999964
20
-124.2069209999999941
11
92.7945619999999991
21
-124.1554379999999895
0
LINE
8
BLACK
6
CONTINUOUS
10
92.7945619999999991
20
-124.1554379999999895
11
92.7430789999999945
21
-124.0783869999999922
0
LINE
8
BLACK
6
CONTINUOUS
10
92.7430789999999945
20
-124.0783869999999922
11
92.7249999999999943
21
-123.9874999999999972
0
LINE
8
BLACK
6
CONTINUOUS
10
92.7249999999999943
20
-123.9874999999999972
11
92.7249999999999943
21
-123.5124999999999886
0
LINE
8
BLACK
6
CONTINUOUS
10
92.7249999999999943
20
-123.5124999999999886
11
92.7430789999999945
21
-123.4216129999999936
0
LINE
8
BLACK
6
CONTINUOUS
10
92.7430789999999945
20
-123.4216129999999936
11
92.7945619999999991
21
-123.3445619999999963
0
LINE
8
BLACK
6
CONTINUOUS
10
92.7945619999999991
20
-123.3445619999999963
11
92.8716129999999964
21
-123.2930789999999917
0
LINE
8
BLACK
6
CONTINUOUS
10
92.8716129999999964
20
-123.2930789999999917
11
92.9624999999999915
21
-123.2749999999999915
0
LINE
8
BLACK
6
CONTINUOUS
10
92.9624999999999915
20
-123.2749999999999915
11
93.4624999999999915
21
-123.2749999999999915
0
LINE
8
BLACK
6
CONTINUOUS
10
93.4624999999999915
20
-123.2749999999999915
11
93.5533870000000007
21
-123.2930789999999917
0
LINE
8
BLACK
6
CONTINUOUS
10
95.3783869999999894
20
-123.2930789999999917
11
95.4554380000000009
21
-123.3445619999999963
0
LINE
8
BLACK
6
CONTINUOUS
10
95.4554380000000009
20
-123.3445619999999963
11
95.5069209999999913
21
-123.4216129999999936
0
LINE
8
BLACK
6
CONTINUOUS
10
95.5069209999999913
20
-123.4216129999999936
11
95.5249999999999915
21
-123.5124999999999886
0
LINE
8
BLACK
6
CONTINUOUS
10
95.5249999999999915
20
-123.5124999999999886
11
95.5249999999999915
21
-123.9874999999999972
0
LINE
8
BLACK
6
CONTINUOUS
10
95.5249999999999915
20
-123.9874999999999972
11
95.5069209999999913
21
-124.0783869999999922
0
LINE
8
BLACK
6
CONTINUOUS
10
95.5069209999999913
20
-124.0783869999999922
11
95.4554380000000009
21
-124.1554379999999895
0
LINE
8
BLACK
6
CONTINUOUS
10
95.4554380000000009
20
-124.1554379999999895
11
95.3783869999999894
21
-124.2069209999999941
0
LINE
8
BLACK
6
CONTINUOUS
10
95.3783869999999894
20
-124.2069209999999941
11
95.2874999999999943
21
-124.2249999999999943
0
LINE
8
BLACK
6
CONTINUOUS
10
95.2874999999999943
20
-124.2249999999999943
11
94.7874999999999943
21
-124.2249999999999943
0
LINE
8
BLACK
6
CONTINUOUS
10
94.7874999999999943
20
-124.2249999999999943
11
94.6966129999999993
21
-124.2069209999999941
0
LINE
8
BLACK
6
CONTINUOUS
10
94.6966129999999993
20
-124.2069209999999941
11
94.6195620000000019
21
-124.1554379999999895
0
LINE
8
BLACK
6
CONTINUOUS
10
94.6195620000000019
20
-124.1554379999999895
11
94.5680789999999973
21
-124.0783869999999922
0
LINE
8
BLACK
6
CONTINUOUS
10
94.5680789999999973
20
-124.0783869999999922
11
94.5499999999999972
21
-123.9874999999999972
0
LINE
8
BLACK
6
CONTINUOUS
10
94.5499999999999972
20
-123.9874999999999972
11
94.5499999999999972
21
-123.5124999999999886
0
LINE
8
BLACK
6
CONTINUOUS
10
94.5499999999999972
20
-123.5124999999999886
11
94.5680789999999973
21
-123.4216129999999936
0
LINE
8
BLACK
6
CONTINUOUS
10
94.5680789999999973
20
-123.4216129999999936
11
94.6195620000000019
21
-123.3445619999999963
0
LINE
8
BLACK
6
CONTINUOUS
10
94.6195620000000019
20
-123.3445619999999963
11
94.6966129999999993
21
-123.2930789999999917
0
LINE
8
BLACK
6
CONTINUOUS
10
94.6966129999999993
20
-123.2930789999999917
11
94.7874999999999943
21
-123.2749999999999915
0
LINE
8
BLACK
6
CONTINUOUS
10
94.7874999999999943
20
-123.2749999999999915
11
95.2874999999999943
21
-123.2749999999999915
0
LINE
8
BLACK
6
CONTINUOUS
10
95.2874999999999943
20
-123.2749999999999915
11
95.3783869999999894
21
-123.2930789999999917
0
LINE
8
BLACK
6
CONTINUOUS
10
97.8408869999999951
20
-123.2930789999999917
11
97.9179379999999924
21
-123.3445619999999963
0
LINE
8
BLACK
6
CONTINUOUS
10
97.9179379999999924
20
-123.3445619999999963
11
97.969420999999997
21
-123.4216129999999936
0
LINE
8
BLACK
6
CONTINUOUS
10
97.969420999999997
20
-123.4216129999999936
11
97.9874999999999972
21
-123.5124999999999886
0
LINE
8
BLACK
6
CONTINUOUS
10
97.9874999999999972
20
-123.5124999999999886
11
97.9874999999999972
21
-123.9874999999999972
0
LINE
8
BLACK
6
CONTINUOUS
10
97.9874999999999972
20
-123.9874999999999972
11
97.969420999999997
21
-124.0783869999999922
0
LINE
8
BLACK
6
CONTINUOUS
10
97.969420999999997
20
-124.0783869999999922
11
97.9179379999999924
21
-124.1554379999999895
0
LINE
8
BLACK
6
CONTINUOUS
10
97.9179379999999924
20
-124.1554379999999895
11
97.8408869999999951
21
-124.2069209999999941
0
LINE
8
BLACK
6
CONTINUOUS
10
97.8408869999999951
20
-124.2069209999999941
11
97.75
21
-124.2249999999999943
0
LINE
8
BLACK
6
CONTINUOUS
10
97.75
20
-124.2249999999999943
11
97.1749999999999972
21
-124.2249999999999943
0
LINE
8
BLACK
6
CONTINUOUS
10
97.1749999999999972
20
-124.2249999999999943
11
97.0841130000000021
21
-124.2069209999999941
0
LINE
8
BLACK
6
CONTINUOUS
10
97.0841130000000021
20
-124.2069209999999941
11
97.0070619999999906
21
-124.1554379999999895
0
LINE
8
BLACK
6
CONTINUOUS
10
97.0070619999999906
20
-124.1554379999999895
11
96.9555790000000002
21
-124.0783869999999922
0
LINE
8
BLACK
6
CONTINUOUS
10
96.9555790000000002
20
-124.0783869999999922
11
96.9375
21
-123.9874999999999972
0
LINE
8
BLACK
6
CONTINUOUS
10
96.9375
20
-123.9874999999999972
11
96.9375
21
-123.5124999999999886
0
LINE
8
BLACK
6
CONTINUOUS
10
96.9375
20
-123.5124999999999886
11
96.9555790000000002
21
-123.4216129999999936
0
LINE
8
BLACK
6
CONTINUOUS
10
96.9555790000000002
20
-123.4216129999999936
11
97.0070619999999906
21
-123.3445619999999963
0
LINE
8
BLACK
6
CONTINUOUS
10
97.0070619999999906
20
-123.3445619999999963
11
97.0841130000000021
21
-123.2930789999999917
0
LINE
8
BLACK
6
CONTINUOUS
10
97.0841130000000021
20
-123.2930789999999917
11
97.1749999999999972
21
-123.2749999999999915
0
LINE
8
BLACK
6
CONTINUOUS
10
97.1749999999999972
20
-123.2749999999999915
11
97.75
21
-123.2749999999999915
0
LINE
8
BLACK
6
CONTINUOUS
10
97.75
20
-123.2749999999999915
11
97.8408869999999951
21
-123.2930789999999917
0
LINE
8
BLACK
6
CONTINUOUS
10
99.5908869999999951
20
-123.2930789999999917
11
99.6679379999999924
21
-123.3445619999999963
0
LINE
8
BLACK
6
CONTINUOUS
10
99.6679379999999924
20
-123.3445619999999963
11
99.719420999999997
21
-123.4216129999999936
0
LINE
8
BLACK
6
CONTINUOUS
10
99.719420999999997
20
-123.4216129999999936
11
99.7374999999999972
21
-123.5124999999999886
0
LINE
8
BLACK
6
CONTINUOUS
10
99.7374999999999972
20
-123.5124999999999886
11
99.7374999999999972
21
-123.9874999999999972
0
LINE
8
BLACK
6
CONTINUOUS
10
99.7374999999999972
20
-123.9874999999999972
11
99.719420999999997
21
-124.0783869999999922
0
LINE
8
BLACK
6
CONTINUOUS
10
99.719420999999997
20
-124.0783869999999922
11
99.6679379999999924
21
-124.1554379999999895
0
LINE
8
BLACK
6
CONTINUOUS
10
99.6679379999999924
20
-124.1554379999999895
11
99.5908869999999951
21
-124.2069209999999941
0
LINE
8
BLACK
6
CONTINUOUS
10
99.5908869999999951
20
-124.2069209999999941
11
99.5
21
-124.2249999999999943
0
LINE
8
BLACK
6
CONTINUOUS
10
99.5
20
-124.2249999999999943
11
98.9249999999999972
21
-124.2249999999999943
0
LINE
8
BLACK
6
CONTINUOUS
10
98.9249999999999972
20
-124.2249999999999943
11
98.8341130000000021
21
-124.2069209999999941
0
LINE
8
BLACK
6
CONTINUOUS
10
98.8341130000000021
20
-124.2069209999999941
11
98.7570619999999906
21
-124.1554379999999895
0
LINE
8
BLACK
6
CONTINUOUS
10
98.7570619999999906
20
-124.1554379999999895
11
98.7055790000000002
21
-124.0783869999999922
0
LINE
8
BLACK
6
CONTINUOUS
10
98.7055790000000002
20
-124.0783869999999922
11
98.6875
21
-123.9874999999999972
0
LINE
8
BLACK
6
CONTINUOUS
10
98.6875
20
-123.9874999999999972
11
98.6875
21
-123.5124999999999886
0
LINE
8
BLACK
6
CONTINUOUS
10
98.6875
20
-123.5124999999999886
11
98.7055790000000002
21
-123.4216129999999936
0
LINE
8
BLACK
6
CONTINUOUS
10
98.7055790000000002
20
-123.4216129999999936
11
98.7570619999999906
21
-123.3445619999999963
0
LINE
8
BLACK
6
CONTINUOUS
10
98.7570619999999906
20
-123.3445619999999963
11
98.8341130000000021
21
-123.2930789999999917
0
LINE
8
BLACK
6
CONTINUOUS
10
98.8341130000000021
20
-123.2930789999999917
11
98.9249999999999972
21
-123.2749999999999915
0
LINE
8
BLACK
6
CONTINUOUS
10
98.9249999999999972
20
-123.2749999999999915
11
99.5
21
-123.2749999999999915
0
LINE
8
BLACK
6
CONTINUOUS
10
99.5
20
-123.2749999999999915
11
99.5908869999999951
21
-123.2930789999999917
0
LINE
8
BLACK
6
CONTINUOUS
10
86.4783869999999979
20
-123.0680789999999973
11
86.5554379999999952
21
-123.1195619999999877
0
LINE
8
BLACK
6
CONTINUOUS
10
86.5554379999999952
20
-123.1195619999999877
11
86.6069209999999998
21
-123.1966129999999993
0
LINE
8
BLACK
6
CONTINUOUS
10
86.6069209999999998
20
-123.1966129999999993
11
86.625
21
-123.2874999999999943
0
LINE
8
BLACK
6
CONTINUOUS
10
86.625
20
-123.2874999999999943
11
86.625
21
-123.8874999999999886
0
LINE
8
BLACK
6
CONTINUOUS
10
86.625
20
-123.8874999999999886
11
86.6069209999999998
21
-123.9783869999999979
0
LINE
8
BLACK
6
CONTINUOUS
10
86.6069209999999998
20
-123.9783869999999979
11
86.5554379999999952
21
-124.0554379999999952
0
LINE
8
BLACK
6
CONTINUOUS
10
86.5554379999999952
20
-124.0554379999999952
11
86.4783869999999979
21
-124.1069209999999998
0
LINE
8
BLACK
6
CONTINUOUS
10
86.4783869999999979
20
-124.1069209999999998
11
86.3875000000000028
21
-124.125
0
LINE
8
BLACK
6
CONTINUOUS
10
86.3875000000000028
20
-124.125
11
85.9124999999999943
21
-124.125
0
LINE
8
BLACK
6
CONTINUOUS
10
85.9124999999999943
20
-124.125
11
85.8216129999999993
21
-124.1069209999999998
0
LINE
8
BLACK
6
CONTINUOUS
10
85.8216129999999993
20
-124.1069209999999998
11
85.7445620000000019
21
-124.0554379999999952
0
LINE
8
BLACK
6
CONTINUOUS
10
85.7445620000000019
20
-124.0554379999999952
11
85.6930789999999973
21
-123.9783869999999979
0
LINE
8
BLACK
6
CONTINUOUS
10
85.6930789999999973
20
-123.9783869999999979
11
85.6749999999999972
21
-123.8874999999999886
0
LINE
8
BLACK
6
CONTINUOUS
10
85.6749999999999972
20
-123.8874999999999886
11
85.6749999999999972
21
-123.2874999999999943
0
LINE
8
BLACK
6
CONTINUOUS
10
85.6749999999999972
20
-123.2874999999999943
11
85.6930789999999973
21
-123.1966129999999993
0
LINE
8
BLACK
6
CONTINUOUS
10
85.6930789999999973
20
-123.1966129999999993
11
85.7445620000000019
21
-123.1195619999999877
0
LINE
8
BLACK
6
CONTINUOUS
10
85.7445620000000019
20
-123.1195619999999877
11
85.8216129999999993
21
-123.0680789999999973
0
LINE
8
BLACK
6
CONTINUOUS
10
85.8216129999999993
20
-123.0680789999999973
11
85.9124999999999943
21
-123.0499999999999972
0
LINE
8
BLACK
6
CONTINUOUS
10
85.9124999999999943
20
-123.0499999999999972
11
86.3875000000000028
21
-123.0499999999999972
0
LINE
8
BLACK
6
CONTINUOUS
10
86.3875000000000028
20
-123.0499999999999972
11
86.4783869999999979
21
-123.0680789999999973
0
LINE
8
BLACK
6
CONTINUOUS
10
54.2456699999999969
20
-119.1190299999999951
11
54.3267759999999953
21
-119.1732239999999905
0
LINE
8
BLACK
6
CONTINUOUS
10
54.3267759999999953
20
-119.1732239999999905
11
54.3809699999999978
21
-119.2543299999999959
0
LINE
8
BLACK
6
CONTINUOUS
10
54.3809699999999978
20
-119.2543299999999959
11
54.399998999999994
21
-119.3500019999999893
0
LINE
8
BLACK
6
CONTINUOUS
10
54.399998999999994
20
-119.3500019999999893
11
54.3999999999999986
21
-121.649998999999994
0
LINE
8
BLACK
6
CONTINUOUS
10
54.3999999999999986
20
-121.649998999999994
11
54.3809699999999978
21
-121.7456699999999898
0
LINE
8
BLACK
6
CONTINUOUS
10
54.3809699999999978
20
-121.7456699999999898
11
54.3267759999999953
21
-121.8267759999999953
0
LINE
8
BLACK
6
CONTINUOUS
10
54.3267759999999953
20
-121.8267759999999953
11
54.2456699999999969
21
-121.8809699999999907
0
LINE
8
BLACK
6
CONTINUOUS
10
54.2456699999999969
20
-121.8809699999999907
11
54.1499979999999965
21
-121.899998999999994
0
LINE
8
BLACK
6
CONTINUOUS
10
54.1499979999999965
20
-121.899998999999994
11
51.8500009999999989
21
-121.8999999999999915
0
LINE
8
BLACK
6
CONTINUOUS
10
51.8500009999999989
20
-121.8999999999999915
11
51.7543299999999959
21
-121.8809699999999907
0
LINE
8
BLACK
6
CONTINUOUS
10
51.7543299999999959
20
-121.8809699999999907
11
51.6732239999999976
21
-121.8267759999999953
0
LINE
8
BLACK
6
CONTINUOUS
10
51.6732239999999976
20
-121.8267759999999953
11
51.6190299999999951
21
-121.7456699999999898
0
LINE
8
BLACK
6
CONTINUOUS
10
51.6190299999999951
20
-121.7456699999999898
11
51.6000009999999989
21
-121.6499979999999965
0
LINE
8
BLACK
6
CONTINUOUS
10
51.6000009999999989
20
-121.6499979999999965
11
51.5999999999999943
21
-119.3500009999999918
0
LINE
8
BLACK
6
CONTINUOUS
10
51.5999999999999943
20
-119.3500009999999918
11
51.6190299999999951
21
-119.2543299999999959
0
LINE
8
BLACK
6
CONTINUOUS
10
51.6190299999999951
20
-119.2543299999999959
11
51.6732239999999976
21
-119.1732239999999905
0
LINE
8
BLACK
6
CONTINUOUS
10
51.6732239999999976
20
-119.1732239999999905
11
51.7543299999999959
21
-119.1190299999999951
0
LINE
8
BLACK
6
CONTINUOUS
10
51.7543299999999959
20
-119.1190299999999951
11
51.8500019999999964
21
-119.1000009999999918
0
LINE
8
BLACK
6
CONTINUOUS
10
51.8500019999999964
20
-119.1000009999999918
11
54.149998999999994
21
-119.0999999999999943
0
LINE
8
BLACK
6
CONTINUOUS
10
54.149998999999994
20
-119.0999999999999943
11
54.2456699999999969
21
-119.1190299999999951
0
LINE
8
BLACK
6
CONTINUOUS
10
75.3283869999999922
20
-120.3430789999999888
11
75.4054379999999895
21
-120.3945619999999934
0
LINE
8
BLACK
6
CONTINUOUS
10
75.4054379999999895
20
-120.3945619999999934
11
75.4569209999999941
21
-120.4716129999999907
0
LINE
8
BLACK
6
CONTINUOUS
10
75.4569209999999941
20
-120.4716129999999907
11
75.4749999999999943
21
-120.5625
0
LINE
8
BLACK
6
CONTINUOUS
10
75.4749999999999943
20
-120.5625
11
75.4749999999999943
21
-121.1624999999999943
0
LINE
8
BLACK
6
CONTINUOUS
10
75.4749999999999943
20
-121.1624999999999943
11
75.4569209999999941
21
-121.2533869999999894
0
LINE
8
BLACK
6
CONTINUOUS
10
75.4569209999999941
20
-121.2533869999999894
11
75.4054379999999895
21
-121.3304380000000009
0
LINE
8
BLACK
6
CONTINUOUS
10
75.4054379999999895
20
-121.3304380000000009
11
75.3283869999999922
21
-121.3819209999999913
0
LINE
8
BLACK
6
CONTINUOUS
10
75.3283869999999922
20
-121.3819209999999913
11
75.2374999999999972
21
-121.3999999999999915
0
LINE
8
BLACK
6
CONTINUOUS
10
75.2374999999999972
20
-121.3999999999999915
11
74.7625000000000028
21
-121.3999999999999915
0
LINE
8
BLACK
6
CONTINUOUS
10
74.7625000000000028
20
-121.3999999999999915
11
74.6716129999999936
21
-121.3819209999999913
0
LINE
8
BLACK
6
CONTINUOUS
10
74.6716129999999936
20
-121.3819209999999913
11
74.5945619999999963
21
-121.3304380000000009
0
LINE
8
BLACK
6
CONTINUOUS
10
74.5945619999999963
20
-121.3304380000000009
11
74.5430789999999917
21
-121.2533869999999894
0
LINE
8
BLACK
6
CONTINUOUS
10
74.5430789999999917
20
-121.2533869999999894
11
74.5249999999999915
21
-121.1624999999999943
0
LINE
8
BLACK
6
CONTINUOUS
10
74.5249999999999915
20
-121.1624999999999943
11
74.5249999999999915
21
-120.5625
0
LINE
8
BLACK
6
CONTINUOUS
10
74.5249999999999915
20
-120.5625
11
74.5430789999999917
21
-120.4716129999999907
0
LINE
8
BLACK
6
CONTINUOUS
10
74.5430789999999917
20
-120.4716129999999907
11
74.5945619999999963
21
-120.3945619999999934
0
LINE
8
BLACK
6
CONTINUOUS
10
74.5945619999999963
20
-120.3945619999999934
11
74.6716129999999936
21
-120.3430789999999888
0
LINE
8
BLACK
6
CONTINUOUS
10
74.6716129999999936
20
-120.3430789999999888
11
74.7625000000000028
21
-120.3249999999999886
0
LINE
8
BLACK
6
CONTINUOUS
10
74.7625000000000028
20
-120.3249999999999886
11
75.2374999999999972
21
-120.3249999999999886
0
LINE
8
BLACK
6
CONTINUOUS
10
75.2374999999999972
20
-120.3249999999999886
11
75.3283869999999922
21
-120.3430789999999888
0
LINE
8
BLACK
6
CONTINUOUS
10
93.5533870000000007
20
-120.2930789999999917
11
93.6304379999999981
21
-120.3445619999999963
0
LINE
8
BLACK
6
CONTINUOUS
10
93.6304379999999981
20
-120.3445619999999963
11
93.6819210000000027
21
-120.4216129999999936
0
LINE
8
BLACK
6
CONTINUOUS
10
93.6819210000000027
20
-120.4216129999999936
11
93.7000000000000028
21
-120.5124999999999886
0
LINE
8
BLACK
6
CONTINUOUS
10
93.7000000000000028
20
-120.5124999999999886
11
93.7000000000000028
21
-120.9874999999999972
0
LINE
8
BLACK
6
CONTINUOUS
10
93.7000000000000028
20
-120.9874999999999972
11
93.6819210000000027
21
-121.0783869999999922
0
LINE
8
BLACK
6
CONTINUOUS
10
93.6819210000000027
20
-121.0783869999999922
11
93.6304379999999981
21
-121.1554379999999895
0
LINE
8
BLACK
6
CONTINUOUS
10
93.6304379999999981
20
-121.1554379999999895
11
93.5533870000000007
21
-121.2069209999999941
0
LINE
8
BLACK
6
CONTINUOUS
10
93.5533870000000007
20
-121.2069209999999941
11
93.4624999999999915
21
-121.2249999999999943
0
LINE
8
BLACK
6
CONTINUOUS
10
93.4624999999999915
20
-121.2249999999999943
11
92.9624999999999915
21
-121.2249999999999943
0
LINE
8
BLACK
6
CONTINUOUS
10
92.9624999999999915
20
-121.2249999999999943
11
92.8716129999999964
21
-121.2069209999999941
0
LINE
8
BLACK
6
CONTINUOUS
10
92.8716129999999964
20
-121.2069209999999941
11
92.7945619999999991
21
-121.1554379999999895
0
LINE
8
BLACK
6
CONTINUOUS
10
92.7945619999999991
20
-121.1554379999999895
11
92.7430789999999945
21
-121.0783869999999922
0
LINE
8
BLACK
6
CONTINUOUS
10
92.7430789999999945
20
-121.0783869999999922
11
92.7249999999999943
21
-120.9874999999999972
0
LINE
8
BLACK
6
CONTINUOUS
10
92.7249999999999943
20
-120.9874999999999972
11
92.7249999999999943
21
-120.5124999999999886
0
LINE
8
BLACK
6
CONTINUOUS
10
92.7249999999999943
20
-120.5124999999999886
11
92.7430789999999945
21
-120.4216129999999936
0
LINE
8
BLACK
6
CONTINUOUS
10
92.7430789999999945
20
-120.4216129999999936
11
92.7945619999999991
21
-120.3445619999999963
0
LINE
8
BLACK
6
CONTINUOUS
10
92.7945619999999991
20
-120.3445619999999963
11
92.8716129999999964
21
-120.2930789999999917
0
LINE
8
BLACK
6
CONTINUOUS
10
92.8716129999999964
20
-120.2930789999999917
11
92.9624999999999915
21
-120.2749999999999915
0
LINE
8
BLACK
6
CONTINUOUS
10
92.9624999999999915
20
-120.2749999999999915
11
93.4624999999999915
21
-120.2749999999999915
0
LINE
8
BLACK
6
CONTINUOUS
10
93.4624999999999915
20
-120.2749999999999915
11
93.5533870000000007
21
-120.2930789999999917
0
LINE
8
BLACK
6
CONTINUOUS
10
95.3783869999999894
20
-120.2930789999999917
11
95.4554380000000009
21
-120.3445619999999963
0
LINE
8
BLACK
6
CONTINUOUS
10
95.4554380000000009
20
-120.3445619999999963
11
95.5069209999999913
21
-120.4216129999999936
0
LINE
8
BLACK
6
CONTINUOUS
10
95.5069209999999913
20
-120.4216129999999936
11
95.5249999999999915
21
-120.5124999999999886
0
LINE
8
BLACK
6
CONTINUOUS
10
95.5249999999999915
20
-120.5124999999999886
11
95.5249999999999915
21
-120.9874999999999972
0
LINE
8
BLACK
6
CONTINUOUS
10
95.5249999999999915
20
-120.9874999999999972
11
95.5069209999999913
21
-121.0783869999999922
0
LINE
8
BLACK
6
CONTINUOUS
10
95.5069209999999913
20
-121.0783869999999922
11
95.4554380000000009
21
-121.1554379999999895
0
LINE
8
BLACK
6
CONTINUOUS
10
95.4554380000000009
20
-121.1554379999999895
11
95.3783869999999894
21
-121.2069209999999941
0
LINE
8
BLACK
6
CONTINUOUS
10
95.3783869999999894
20
-121.2069209999999941
11
95.2874999999999943
21
-121.2249999999999943
0
LINE
8
BLACK
6
CONTINUOUS
10
95.2874999999999943
20
-121.2249999999999943
11
94.7874999999999943
21
-121.2249999999999943
0
LINE
8
BLACK
6
CONTINUOUS
10
94.7874999999999943
20
-121.2249999999999943
11
94.6966129999999993
21
-121.2069209999999941
0
LINE
8
BLACK
6
CONTINUOUS
10
94.6966129999999993
20
-121.2069209999999941
11
94.6195620000000019
21
-121.1554379999999895
0
LINE
8
BLACK
6
CONTINUOUS
10
94.6195620000000019
20
-121.1554379999999895
11
94.5680789999999973
21
-121.0783869999999922
0
LINE
8
BLACK
6
CONTINUOUS
10
94.5680789999999973
20
-121.0783869999999922
11
94.5499999999999972
21
-120.9874999999999972
0
LINE
8
BLACK
6
CONTINUOUS
10
94.5499999999999972
20
-120.9874999999999972
11
94.5499999999999972
21
-120.5124999999999886
0
LINE
8
BLACK
6
CONTINUOUS
10
94.5499999999999972
20
-120.5124999999999886
11
94.5680789999999973
21
-120.4216129999999936
0
LINE
8
BLACK
6
CONTINUOUS
10
94.5680789999999973
20
-120.4216129999999936
11
94.6195620000000019
21
-120.3445619999999963
0
LINE
8
BLACK
6
CONTINUOUS
10
94.6195620000000019
20
-120.3445619999999963
11
94.6966129999999993
21
-120.2930789999999917
0
LINE
8
BLACK
6
CONTINUOUS
10
94.6966129999999993
20
-120.2930789999999917
11
94.7874999999999943
21
-120.2749999999999915
0
LINE
8
BLACK
6
CONTINUOUS
10
94.7874999999999943
20
-120.2749999999999915
11
95.2874999999999943
21
-120.2749999999999915
0
LINE
8
BLACK
6
CONTINUOUS
10
95.2874999999999943
20
-120.2749999999999915
11
95.3783869999999894
21
-120.2930789999999917
0
LINE
8
BLACK
6
CONTINUOUS
10
97.8408869999999951
20
-120.2930789999999917
11
97.9179379999999924
21
-120.3445619999999963
0
LINE
8
BLACK
6
CONTINUOUS
10
97.9179379999999924
20
-120.3445619999999963
11
97.969420999999997
21
-120.4216129999999936
0
LINE
8
BLACK
6
CONTINUOUS
10
97.969420999999997
20
-120.4216129999999936
11
97.9874999999999972
21
-120.5124999999999886
0
LINE
8
BLACK
6
CONTINUOUS
10
97.9874999999999972
20
-120.5124999999999886
11
97.9874999999999972
21
-120.9874999999999972
0
LINE
8
BLACK
6
CONTINUOUS
10
97.9874999999999972
20
-120.9874999999999972
11
97.969420999999997
21
-121.0783869999999922
0
LINE
8
BLACK
6
CONTINUOUS
10
97.969420999999997
20
-121.0783869999999922
11
97.9179379999999924
21
-121.1554379999999895
0
LINE
8
BLACK
6
CONTINUOUS
10
97.9179379999999924
20
-121.1554379999999895
11
97.8408869999999951
21
-121.2069209999999941
0
LINE
8
BLACK
6
CONTINUOUS
10
97.8408869999999951
20
-121.2069209999999941
11
97.75
21
-121.2249999999999943
0
LINE
8
BLACK
6
CONTINUOUS
10
97.75
20
-121.2249999999999943
11
97.1749999999999972
21
-121.2249999999999943
0
LINE
8
BLACK
6
CONTINUOUS
10
97.1749999999999972
20
-121.2249999999999943
11
97.0841130000000021
21
-121.2069209999999941
0
LINE
8
BLACK
6
CONTINUOUS
10
97.0841130000000021
20
-121.2069209999999941
11
97.0070619999999906
21
-121.1554379999999895
0
LINE
8
BLACK
6
CONTINUOUS
10
97.0070619999999906
20
-121.1554379999999895
11
96.9555790000000002
21
-121.0783869999999922
0
LINE
8
BLACK
6
CONTINUOUS
10
96.9555790000000002
20
-121.0783869999999922
11
96.9375
21
-120.9874999999999972
0
LINE
8
BLACK
6
CONTINUOUS
10
96.9375
20
-120.9874999999999972
11
96.9375
21
-120.5124999999999886
0
LINE
8
BLACK
6
CONTINUOUS
10
96.9375
20
-120.5124999999999886
11
96.9555790000000002
21
-120.4216129999999936
0
LINE
8
BLACK
6
CONTINUOUS
10
96.9555790000000002
20
-120.4216129999999936
11
97.0070619999999906
21
-120.3445619999999963
0
LINE
8
BLACK
6
CONTINUOUS
10
97.0070619999999906
20
-120.3445619999999963
11
97.0841130000000021
21
-120.2930789999999917
0
LINE
8
BLACK
6
CONTINUOUS
10
97.0841130000000021
20
-120.2930789999999917
11
97.1749999999999972
21
-120.2749999999999915
0
LINE
8
BLACK
6
CONTINUOUS
10
97.1749999999999972
20
-120.2749999999999915
11
97.75
21
-120.2749999999999915
0
LINE
8
BLACK
6
CONTINUOUS
10
97.75
20
-120.2749999999999915
11
97.8408869999999951
21
-120.2930789999999917
0
LINE
8
BLACK
6
CONTINUOUS
10
99.5908869999999951
20
-120.2930789999999917
11
99.6679379999999924
21
-120.3445619999999963
0
LINE
8
BLACK
6
CONTINUOUS
10
99.6679379999999924
20
-120.3445619999999963
11
99.719420999999997
21
-120.4216129999999936
0
LINE
8
BLACK
6
CONTINUOUS
10
99.719420999999997
20
-120.4216129999999936
11
99.7374999999999972
21
-120.5124999999999886
0
LINE
8
BLACK
6
CONTINUOUS
10
99.7374999999999972
20
-120.5124999999999886
11
99.7374999999999972
21
-120.9874999999999972
0
LINE
8
BLACK
6
CONTINUOUS
10
99.7374999999999972
20
-120.9874999999999972
11
99.719420999999997
21
-121.0783869999999922
0
LINE
8
BLACK
6
CONTINUOUS
10
99.719420999999997
20
-121.0783869999999922
11
99.6679379999999924
21
-121.1554379999999895
0
LINE
8
BLACK
6
CONTINUOUS
10
99.6679379999999924
20
-121.1554379999999895
11
99.5908869999999951
21
-121.2069209999999941
0
LINE
8
BLACK
6
CONTINUOUS
10
99.5908869999999951
20
-121.2069209999999941
11
99.5
21
-121.2249999999999943
0
LINE
8
BLACK
6
CONTINUOUS
10
99.5
20
-121.2249999999999943
11
98.9249999999999972
21
-121.2249999999999943
0
LINE
8
BLACK
6
CONTINUOUS
10
98.9249999999999972
20
-121.2249999999999943
11
98.8341130000000021
21
-121.2069209999999941
0
LINE
8
BLACK
6
CONTINUOUS
10
98.8341130000000021
20
-121.2069209999999941
11
98.7570619999999906
21
-121.1554379999999895
0
LINE
8
BLACK
6
CONTINUOUS
10
98.7570619999999906
20
-121.1554379999999895
11
98.7055790000000002
21
-121.0783869999999922
0
LINE
8
BLACK
6
CONTINUOUS
10
98.7055790000000002
20
-121.0783869999999922
11
98.6875
21
-120.9874999999999972
0
LINE
8
BLACK
6
CONTINUOUS
10
98.6875
20
-120.9874999999999972
11
98.6875
21
-120.5124999999999886
0
LINE
8
BLACK
6
CONTINUOUS
10
98.6875
20
-120.5124999999999886
11
98.7055790000000002
21
-120.4216129999999936
0
LINE
8
BLACK
6
CONTINUOUS
10
98.7055790000000002
20
-120.4216129999999936
11
98.7570619999999906
21
-120.3445619999999963
0
LINE
8
BLACK
6
CONTINUOUS
10
98.7570619999999906
20
-120.3445619999999963
11
98.8341130000000021
21
-120.2930789999999917
0
LINE
8
BLACK
6
CONTINUOUS
10
98.8341130000000021
20
-120.2930789999999917
11
98.9249999999999972
21
-120.2749999999999915
0
LINE
8
BLACK
6
CONTINUOUS
10
98.9249999999999972
20
-120.2749999999999915
11
99.5
21
-120.2749999999999915
0
LINE
8
BLACK
6
CONTINUOUS
10
99.5
20
-120.2749999999999915
11
99.5908869999999951
21
-120.2930789999999917
0
LINE
8
BLACK
6
CONTINUOUS
10
126.9499999999999886
20
-119.6999999999999886
11
123.9499999999999886
21
-119.6999999999999886
0
LINE
8
BLACK
6
CONTINUOUS
10
123.9499999999999886
20
-119.6999999999999886
11
123.9499999999999886
21
-116.6999999999999886
0
LINE
8
BLACK
6
CONTINUOUS
10
123.9499999999999886
20
-116.6999999999999886
11
126.9499999999999886
21
-116.6999999999999886
0
LINE
8
BLACK
6
CONTINUOUS
10
126.9499999999999886
20
-116.6999999999999886
11
126.9499999999999886
21
-119.6999999999999886
0
LINE
8
BLACK
6
CONTINUOUS
10
118.3001679999999993
20
-116.7414449999999988
11
118.5240249999999946
21
-116.8141809999999907
0
LINE
8
BLACK
6
CONTINUOUS
10
118.5240249999999946
20
-116.8141809999999907
11
118.7337479999999914
21
-116.9210399999999908
0
LINE
8
BLACK
6
CONTINUOUS
10
118.7337479999999914
20
-116.9210399999999908
11
118.9241719999999987
21
-117.0593909999999909
0
LINE
8
BLACK
6
CONTINUOUS
10
118.9241719999999987
20
-117.0593909999999909
11
119.0906090000000006
21
-117.2258279999999928
0
LINE
8
BLACK
6
CONTINUOUS
10
119.0906090000000006
20
-117.2258279999999928
11
119.2289600000000007
21
-117.4162520000000001
0
LINE
8
BLACK
6
CONTINUOUS
10
119.2289600000000007
20
-117.4162520000000001
11
119.3358190000000008
21
-117.6259749999999968
0
LINE
8
BLACK
6
CONTINUOUS
10
119.3358190000000008
20
-117.6259749999999968
11
119.4085549999999927
21
-117.8498319999999921
0
LINE
8
BLACK
6
CONTINUOUS
10
119.4085549999999927
20
-117.8498319999999921
11
119.445375999999996
21
-118.08231099999999
0
LINE
8
BLACK
6
CONTINUOUS
10
119.445375999999996
20
-118.08231099999999
11
119.445375999999996
21
-118.3176890000000014
0
LINE
8
BLACK
6
CONTINUOUS
10
119.445375999999996
20
-118.3176890000000014
11
119.4085549999999927
21
-118.5501679999999993
0
LINE
8
BLACK
6
CONTINUOUS
10
119.4085549999999927
20
-118.5501679999999993
11
119.3358190000000008
21
-118.7740249999999946
0
LINE
8
BLACK
6
CONTINUOUS
10
119.3358190000000008
20
-118.7740249999999946
11
119.2289600000000007
21
-118.9837479999999914
0
LINE
8
BLACK
6
CONTINUOUS
10
119.2289600000000007
20
-118.9837479999999914
11
119.0906090000000006
21
-119.1741719999999987
0
LINE
8
BLACK
6
CONTINUOUS
10
119.0906090000000006
20
-119.1741719999999987
11
118.9241719999999987
21
-119.3406090000000006
0
LINE
8
BLACK
6
CONTINUOUS
10
118.9241719999999987
20
-119.3406090000000006
11
118.7337479999999914
21
-119.4789600000000007
0
LINE
8
BLACK
6
CONTINUOUS
10
118.7337479999999914
20
-119.4789600000000007
11
118.5240249999999946
21
-119.5858190000000008
0
LINE
8
BLACK
6
CONTINUOUS
10
118.5240249999999946
20
-119.5858190000000008
11
118.3001679999999993
21
-119.6585549999999927
0
LINE
8
BLACK
6
CONTINUOUS
10
118.3001679999999993
20
-119.6585549999999927
11
118.0676890000000014
21
-119.695375999999996
0
LINE
8
BLACK
6
CONTINUOUS
10
118.0676890000000014
20
-119.695375999999996
11
117.83231099999999
21
-119.695375999999996
0
LINE
8
BLACK
6
CONTINUOUS
10
117.83231099999999
20
-119.695375999999996
11
117.5998319999999921
21
-119.6585549999999927
0
LINE
8
BLACK
6
CONTINUOUS
10
117.5998319999999921
20
-119.6585549999999927
11
117.3759749999999968
21
-119.5858190000000008
0
LINE
8
BLACK
6
CONTINUOUS
10
117.3759749999999968
20
-119.5858190000000008
11
117.1662520000000001
21
-119.4789600000000007
0
LINE
8
BLACK
6
CONTINUOUS
10
117.1662520000000001
20
-119.4789600000000007
11
116.9758279999999928
21
-119.3406090000000006
0
LINE
8
BLACK
6
CONTINUOUS
10
116.9758279999999928
20
-119.3406090000000006
11
116.8093909999999909
21
-119.1741719999999987
0
LINE
8
BLACK
6
CONTINUOUS
10
116.8093909999999909
20
-119.1741719999999987
11
116.6710399999999908
21
-118.9837479999999914
0
LINE
8
BLACK
6
CONTINUOUS
10
116.6710399999999908
20
-118.9837479999999914
11
116.5641809999999907
21
-118.7740249999999946
0
LINE
8
BLACK
6
CONTINUOUS
10
116.5641809999999907
20
-118.7740249999999946
11
116.4914449999999988
21
-118.5501679999999993
0
LINE
8
BLACK
6
CONTINUOUS
10
116.4914449999999988
20
-118.5501679999999993
11
116.4546239999999955
21
-118.3176890000000014
0
LINE
8
BLACK
6
CONTINUOUS
10
116.4546239999999955
20
-118.3176890000000014
11
116.4546239999999955
21
-118.08231099999999
0
LINE
8
BLACK
6
CONTINUOUS
10
116.4546239999999955
20
-118.08231099999999
11
116.4914449999999988
21
-117.8498319999999921
0
LINE
8
BLACK
6
CONTINUOUS
10
116.4914449999999988
20
-117.8498319999999921
11
116.5641809999999907
21
-117.6259749999999968
0
LINE
8
BLACK
6
CONTINUOUS
10
116.5641809999999907
20
-117.6259749999999968
11
116.6710399999999908
21
-117.4162520000000001
0
LINE
8
BLACK
6
CONTINUOUS
10
116.6710399999999908
20
-117.4162520000000001
11
116.8093909999999909
21
-117.2258279999999928
0
LINE
8
BLACK
6
CONTINUOUS
10
116.8093909999999909
20
-117.2258279999999928
11
116.9758279999999928
21
-117.0593909999999909
0
LINE
8
BLACK
6
CONTINUOUS
10
116.9758279999999928
20
-117.0593909999999909
11
117.1662520000000001
21
-116.9210399999999908
0
LINE
8
BLACK
6
CONTINUOUS
10
117.1662520000000001
20
-116.9210399999999908
11
117.3759749999999968
21
-116.8141809999999907
0
LINE
8
BLACK
6
CONTINUOUS
10
117.3759749999999968
20
-116.8141809999999907
11
117.5998319999999921
21
-116.7414449999999988
0
LINE
8
BLACK
6
CONTINUOUS
10
117.5998319999999921
20
-116.7414449999999988
11
117.83231099999999
21
-116.7046239999999955
0
LINE
8
BLACK
6
CONTINUOUS
10
117.83231099999999
20
-116.7046239999999955
11
118.0676890000000014
21
-116.7046239999999955
0
LINE
8
BLACK
6
CONTINUOUS
10
118.0676890000000014
20
-116.7046239999999955
11
118.3001679999999993
21
-116.7414449999999988
0
LINE
8
BLACK
6
CONTINUOUS
10
75.3283869999999922
20
-118.6180789999999945
11
75.4054379999999895
21
-118.6695619999999991
0
LINE
8
BLACK
6
CONTINUOUS
10
75.4054379999999895
20
-118.6695619999999991
11
75.4569209999999941
21
-118.7466129999999964
0
LINE
8
BLACK
6
CONTINUOUS
10
75.4569209999999941
20
-118.7466129999999964
11
75.4749999999999943
21
-118.8374999999999915
0
LINE
8
BLACK
6
CONTINUOUS
10
75.4749999999999943
20
-118.8374999999999915
11
75.4749999999999943
21
-119.4375
0
LINE
8
BLACK
6
CONTINUOUS
10
75.4749999999999943
20
-119.4375
11
75.4569209999999941
21
-119.5283869999999951
0
LINE
8
BLACK
6
CONTINUOUS
10
75.4569209999999941
20
-119.5283869999999951
11
75.4054379999999895
21
-119.6054379999999924
0
LINE
8
BLACK
6
CONTINUOUS
10
75.4054379999999895
20
-119.6054379999999924
11
75.3283869999999922
21
-119.656920999999997
0
LINE
8
BLACK
6
CONTINUOUS
10
75.3283869999999922
20
-119.656920999999997
11
75.2374999999999972
21
-119.6749999999999972
0
LINE
8
BLACK
6
CONTINUOUS
10
75.2374999999999972
20
-119.6749999999999972
11
74.7625000000000028
21
-119.6749999999999972
0
LINE
8
BLACK
6
CONTINUOUS
10
74.7625000000000028
20
-119.6749999999999972
11
74.6716129999999936
21
-119.656920999999997
0
LINE
8
BLACK
6
CONTINUOUS
10
74.6716129999999936
20
-119.656920999999997
11
74.5945619999999963
21
-119.6054379999999924
0
LINE
8
BLACK
6
CONTINUOUS
10
74.5945619999999963
20
-119.6054379999999924
11
74.5430789999999917
21
-119.5283869999999951
0
LINE
8
BLACK
6
CONTINUOUS
10
74.5430789999999917
20
-119.5283869999999951
11
74.5249999999999915
21
-119.4375
0
LINE
8
BLACK
6
CONTINUOUS
10
74.5249999999999915
20
-119.4375
11
74.5249999999999915
21
-118.8374999999999915
0
LINE
8
BLACK
6
CONTINUOUS
10
74.5249999999999915
20
-118.8374999999999915
11
74.5430789999999917
21
-118.7466129999999964
0
LINE
8
BLACK
6
CONTINUOUS
10
74.5430789999999917
20
-118.7466129999999964
11
74.5945619999999963
21
-118.6695619999999991
0
LINE
8
BLACK
6
CONTINUOUS
10
74.5945619999999963
20
-118.6695619999999991
11
74.6716129999999936
21
-118.6180789999999945
0
LINE
8
BLACK
6
CONTINUOUS
10
74.6716129999999936
20
-118.6180789999999945
11
74.7625000000000028
21
-118.5999999999999943
0
LINE
8
BLACK
6
CONTINUOUS
10
74.7625000000000028
20
-118.5999999999999943
11
75.2374999999999972
21
-118.5999999999999943
0
LINE
8
BLACK
6
CONTINUOUS
10
75.2374999999999972
20
-118.5999999999999943
11
75.3283869999999922
21
-118.6180789999999945
0
LINE
8
BLACK
6
CONTINUOUS
10
84.5283869999999951
20
-118.7430789999999945
11
84.6054379999999924
21
-118.7945619999999991
0
LINE
8
BLACK
6
CONTINUOUS
10
84.6054379999999924
20
-118.7945619999999991
11
84.656920999999997
21
-118.8716129999999964
0
LINE
8
BLACK
6
CONTINUOUS
10
84.656920999999997
20
-118.8716129999999964
11
84.6749999999999972
21
-118.9624999999999915
0
LINE
8
BLACK
6
CONTINUOUS
10
84.6749999999999972
20
-118.9624999999999915
11
84.6749999999999972
21
-119.4375
0
LINE
8
BLACK
6
CONTINUOUS
10
84.6749999999999972
20
-119.4375
11
84.656920999999997
21
-119.5283869999999951
0
LINE
8
BLACK
6
CONTINUOUS
10
84.656920999999997
20
-119.5283869999999951
11
84.6054379999999924
21
-119.6054379999999924
0
LINE
8
BLACK
6
CONTINUOUS
10
84.6054379999999924
20
-119.6054379999999924
11
84.5283869999999951
21
-119.656920999999997
0
LINE
8
BLACK
6
CONTINUOUS
10
84.5283869999999951
20
-119.656920999999997
11
84.4375
21
-119.6749999999999972
0
LINE
8
BLACK
6
CONTINUOUS
10
84.4375
20
-119.6749999999999972
11
83.8374999999999915
21
-119.6749999999999972
0
LINE
8
BLACK
6
CONTINUOUS
10
83.8374999999999915
20
-119.6749999999999972
11
83.7466129999999964
21
-119.656920999999997
0
LINE
8
BLACK
6
CONTINUOUS
10
83.7466129999999964
20
-119.656920999999997
11
83.6695619999999991
21
-119.6054379999999924
0
LINE
8
BLACK
6
CONTINUOUS
10
83.6695619999999991
20
-119.6054379999999924
11
83.6180789999999945
21
-119.5283869999999951
0
LINE
8
BLACK
6
CONTINUOUS
10
83.6180789999999945
20
-119.5283869999999951
11
83.5999999999999943
21
-119.4375
0
LINE
8
BLACK
6
CONTINUOUS
10
83.5999999999999943
20
-119.4375
11
83.5999999999999943
21
-118.9624999999999915
0
LINE
8
BLACK
6
CONTINUOUS
10
83.5999999999999943
20
-118.9624999999999915
11
83.6180789999999945
21
-118.8716129999999964
0
LINE
8
BLACK
6
CONTINUOUS
10
83.6180789999999945
20
-118.8716129999999964
11
83.6695619999999991
21
-118.7945619999999991
0
LINE
8
BLACK
6
CONTINUOUS
10
83.6695619999999991
20
-118.7945619999999991
11
83.7466129999999964
21
-118.7430789999999945
0
LINE
8
BLACK
6
CONTINUOUS
10
83.7466129999999964
20
-118.7430789999999945
11
83.8374999999999915
21
-118.7249999999999943
0
LINE
8
BLACK
6
CONTINUOUS
10
83.8374999999999915
20
-118.7249999999999943
11
84.4375
21
-118.7249999999999943
0
LINE
8
BLACK
6
CONTINUOUS
10
84.4375
20
-118.7249999999999943
11
84.5283869999999951
21
-118.7430789999999945
0
LINE
8
BLACK
6
CONTINUOUS
10
86.2533869999999894
20
-118.7430789999999945
11
86.3304380000000009
21
-118.7945619999999991
0
LINE
8
BLACK
6
CONTINUOUS
10
86.3304380000000009
20
-118.7945619999999991
11
86.3819209999999913
21
-118.8716129999999964
0
LINE
8
BLACK
6
CONTINUOUS
10
86.3819209999999913
20
-118.8716129999999964
11
86.3999999999999915
21
-118.9624999999999915
0
LINE
8
BLACK
6
CONTINUOUS
10
86.3999999999999915
20
-118.9624999999999915
11
86.3999999999999915
21
-119.4375
0
LINE
8
BLACK
6
CONTINUOUS
10
86.3999999999999915
20
-119.4375
11
86.3819209999999913
21
-119.5283869999999951
0
LINE
8
BLACK
6
CONTINUOUS
10
86.3819209999999913
20
-119.5283869999999951
11
86.3304380000000009
21
-119.6054379999999924
0
LINE
8
BLACK
6
CONTINUOUS
10
86.3304380000000009
20
-119.6054379999999924
11
86.2533869999999894
21
-119.656920999999997
0
LINE
8
BLACK
6
CONTINUOUS
10
86.2533869999999894
20
-119.656920999999997
11
86.1624999999999943
21
-119.6749999999999972
0
LINE
8
BLACK
6
CONTINUOUS
10
86.1624999999999943
20
-119.6749999999999972
11
85.5625
21
-119.6749999999999972
0
LINE
8
BLACK
6
CONTINUOUS
10
85.5625
20
-119.6749999999999972
11
85.4716129999999907
21
-119.656920999999997
0
LINE
8
BLACK
6
CONTINUOUS
10
85.4716129999999907
20
-119.656920999999997
11
85.3945619999999934
21
-119.6054379999999924
0
LINE
8
BLACK
6
CONTINUOUS
10
85.3945619999999934
20
-119.6054379999999924
11
85.343079000000003
21
-119.5283869999999951
0
LINE
8
BLACK
6
CONTINUOUS
10
85.343079000000003
20
-119.5283869999999951
11
85.3250000000000028
21
-119.4375
0
LINE
8
BLACK
6
CONTINUOUS
10
85.3250000000000028
20
-119.4375
11
85.3250000000000028
21
-118.9624999999999915
0
LINE
8
BLACK
6
CONTINUOUS
10
85.3250000000000028
20
-118.9624999999999915
11
85.343079000000003
21
-118.8716129999999964
0
LINE
8
BLACK
6
CONTINUOUS
10
85.343079000000003
20
-118.8716129999999964
11
85.3945619999999934
21
-118.7945619999999991
0
LINE
8
BLACK
6
CONTINUOUS
10
85.3945619999999934
20
-118.7945619999999991
11
85.4716129999999907
21
-118.7430789999999945
0
LINE
8
BLACK
6
CONTINUOUS
10
85.4716129999999907
20
-118.7430789999999945
11
85.5625
21
-118.7249999999999943
0
LINE
8
BLACK
6
CONTINUOUS
10
85.5625
20
-118.7249999999999943
11
86.1624999999999943
21
-118.7249999999999943
0
LINE
8
BLACK
6
CONTINUOUS
10
86.1624999999999943
20
-118.7249999999999943
11
86.2533869999999894
21
-118.7430789999999945
0
LINE
8
BLACK
6
CONTINUOUS
10
78.9324029999999937
20
-118.9114179999999976
11
78.9810659999999984
21
-118.9439339999999987
0
LINE
8
BLACK
6
CONTINUOUS
10
78.9810659999999984
20
-118.9439339999999987
11
79.0135819999999995
21
-118.9925969999999893
0
LINE
8
BLACK
6
CONTINUOUS
10
79.0135819999999995
20
-118.9925969999999893
11
79.0249999999999915
21
-119.0499999999999972
0
LINE
8
BLACK
6
CONTINUOUS
10
79.0249999999999915
20
-119.0499999999999972
11
79.0249999999999915
21
-119.3499999999999943
0
LINE
8
BLACK
6
CONTINUOUS
10
79.0249999999999915
20
-119.3499999999999943
11
79.0135819999999995
21
-119.407402999999988
0
LINE
8
BLACK
6
CONTINUOUS
10
79.0135819999999995
20
-119.407402999999988
11
78.9810659999999984
21
-119.4560659999999928
0
LINE
8
BLACK
6
CONTINUOUS
10
78.9810659999999984
20
-119.4560659999999928
11
78.9324029999999937
21
-119.4885819999999939
0
LINE
8
BLACK
6
CONTINUOUS
10
78.9324029999999937
20
-119.4885819999999939
11
78.875
21
-119.5
0
LINE
8
BLACK
6
CONTINUOUS
10
78.875
20
-119.5
11
77.8499999999999943
21
-119.5
0
LINE
8
BLACK
6
CONTINUOUS
10
77.8499999999999943
20
-119.5
11
77.7925970000000007
21
-119.4885819999999939
0
LINE
8
BLACK
6
CONTINUOUS
10
77.7925970000000007
20
-119.4885819999999939
11
77.7439339999999959
21
-119.4560659999999928
0
LINE
8
BLACK
6
CONTINUOUS
10
77.7439339999999959
20
-119.4560659999999928
11
77.7114179999999948
21
-119.407402999999988
0
LINE
8
BLACK
6
CONTINUOUS
10
77.7114179999999948
20
-119.407402999999988
11
77.7000000000000028
21
-119.3499999999999943
0
LINE
8
BLACK
6
CONTINUOUS
10
77.7000000000000028
20
-119.3499999999999943
11
77.7000000000000028
21
-119.0499999999999972
0
LINE
8
BLACK
6
CONTINUOUS
10
77.7000000000000028
20
-119.0499999999999972
11
77.7114179999999948
21
-118.9925969999999893
0
LINE
8
BLACK
6
CONTINUOUS
10
77.7114179999999948
20
-118.9925969999999893
11
77.7439339999999959
21
-118.9439339999999987
0
LINE
8
BLACK
6
CONTINUOUS
10
77.7439339999999959
20
-118.9439339999999987
11
77.7925970000000007
21
-118.9114179999999976
0
LINE
8
BLACK
6
CONTINUOUS
10
77.7925970000000007
20
-118.9114179999999976
11
77.8499999999999943
21
-118.8999999999999915
0
LINE
8
BLACK
6
CONTINUOUS
10
77.8499999999999943
20
-118.8999999999999915
11
78.875
21
-118.8999999999999915
0
LINE
8
BLACK
6
CONTINUOUS
10
78.875
20
-118.8999999999999915
11
78.9324029999999937
21
-118.9114179999999976
0
LINE
8
BLACK
6
CONTINUOUS
10
81.2074029999999993
20
-118.9114179999999976
11
81.2560659999999899
21
-118.9439339999999987
0
LINE
8
BLACK
6
CONTINUOUS
10
81.2560659999999899
20
-118.9439339999999987
11
81.288581999999991
21
-118.9925969999999893
0
LINE
8
BLACK
6
CONTINUOUS
10
81.288581999999991
20
-118.9925969999999893
11
81.2999999999999972
21
-119.0499999999999972
0
LINE
8
BLACK
6
CONTINUOUS
10
81.2999999999999972
20
-119.0499999999999972
11
81.2999999999999972
21
-119.3499999999999943
0
LINE
8
BLACK
6
CONTINUOUS
10
81.2999999999999972
20
-119.3499999999999943
11
81.288581999999991
21
-119.407402999999988
0
LINE
8
BLACK
6
CONTINUOUS
10
81.288581999999991
20
-119.407402999999988
11
81.2560659999999899
21
-119.4560659999999928
0
LINE
8
BLACK
6
CONTINUOUS
10
81.2560659999999899
20
-119.4560659999999928
11
81.2074029999999993
21
-119.4885819999999939
0
LINE
8
BLACK
6
CONTINUOUS
10
81.2074029999999993
20
-119.4885819999999939
11
81.1499999999999915
21
-119.5
0
LINE
8
BLACK
6
CONTINUOUS
10
81.1499999999999915
20
-119.5
11
80.125
21
-119.5
0
LINE
8
BLACK
6
CONTINUOUS
10
80.125
20
-119.5
11
80.0675969999999921
21
-119.4885819999999939
0
LINE
8
BLACK
6
CONTINUOUS
10
80.0675969999999921
20
-119.4885819999999939
11
80.0189340000000016
21
-119.4560659999999928
0
LINE
8
BLACK
6
CONTINUOUS
10
80.0189340000000016
20
-119.4560659999999928
11
79.9864180000000005
21
-119.407402999999988
0
LINE
8
BLACK
6
CONTINUOUS
10
79.9864180000000005
20
-119.407402999999988
11
79.9749999999999943
21
-119.3499999999999943
0
LINE
8
BLACK
6
CONTINUOUS
10
79.9749999999999943
20
-119.3499999999999943
11
79.9749999999999943
21
-119.0499999999999972
0
LINE
8
BLACK
6
CONTINUOUS
10
79.9749999999999943
20
-119.0499999999999972
11
79.9864180000000005
21
-118.9925969999999893
0
LINE
8
BLACK
6
CONTINUOUS
10
79.9864180000000005
20
-118.9925969999999893
11
80.0189340000000016
21
-118.9439339999999987
0
LINE
8
BLACK
6
CONTINUOUS
10
80.0189340000000016
20
-118.9439339999999987
11
80.0675969999999921
21
-118.9114179999999976
0
LINE
8
BLACK
6
CONTINUOUS
10
80.0675969999999921
20
-118.9114179999999976
11
80.125
21
-118.8999999999999915
0
LINE
8
BLACK
6
CONTINUOUS
10
80.125
20
-118.8999999999999915
11
81.1499999999999915
21
-118.8999999999999915
0
LINE
8
BLACK
6
CONTINUOUS
10
81.1499999999999915
20
-118.8999999999999915
11
81.2074029999999993
21
-118.9114179999999976
0
LINE
8
BLACK
6
CONTINUOUS
10
69.2533870000000036
20
-118.4430789999999973
11
69.3304380000000009
21
-118.4945619999999877
0
LINE
8
BLACK
6
CONTINUOUS
10
69.3304380000000009
20
-118.4945619999999877
11
69.3819209999999913
21
-118.5716129999999993
0
LINE
8
BLACK
6
CONTINUOUS
10
69.3819209999999913
20
-118.5716129999999993
11
69.3999999999999915
21
-118.6624999999999943
0
LINE
8
BLACK
6
CONTINUOUS
10
69.3999999999999915
20
-118.6624999999999943
11
69.3999999999999915
21
-119.1374999999999886
0
LINE
8
BLACK
6
CONTINUOUS
10
69.3999999999999915
20
-119.1374999999999886
11
69.3819209999999913
21
-119.2283869999999979
0
LINE
8
BLACK
6
CONTINUOUS
10
69.3819209999999913
20
-119.2283869999999979
11
69.3304380000000009
21
-119.3054379999999952
0
LINE
8
BLACK
6
CONTINUOUS
10
69.3304380000000009
20
-119.3054379999999952
11
69.2533870000000036
21
-119.3569209999999998
0
LINE
8
BLACK
6
CONTINUOUS
10
69.2533870000000036
20
-119.3569209999999998
11
69.1624999999999943
21
-119.375
0
LINE
8
BLACK
6
CONTINUOUS
10
69.1624999999999943
20
-119.375
11
68.5874999999999915
21
-119.375
0
LINE
8
BLACK
6
CONTINUOUS
10
68.5874999999999915
20
-119.375
11
68.4966129999999964
21
-119.3569209999999998
0
LINE
8
BLACK
6
CONTINUOUS
10
68.4966129999999964
20
-119.3569209999999998
11
68.4195619999999991
21
-119.3054379999999952
0
LINE
8
BLACK
6
CONTINUOUS
10
68.4195619999999991
20
-119.3054379999999952
11
68.3680789999999945
21
-119.2283869999999979
0
LINE
8
BLACK
6
CONTINUOUS
10
68.3680789999999945
20
-119.2283869999999979
11
68.3499999999999943
21
-119.1374999999999886
0
LINE
8
BLACK
6
CONTINUOUS
10
68.3499999999999943
20
-119.1374999999999886
11
68.3499999999999943
21
-118.6624999999999943
0
LINE
8
BLACK
6
CONTINUOUS
10
68.3499999999999943
20
-118.6624999999999943
11
68.3680789999999945
21
-118.5716129999999993
0
LINE
8
BLACK
6
CONTINUOUS
10
68.3680789999999945
20
-118.5716129999999993
11
68.4195619999999991
21
-118.4945619999999877
0
LINE
8
BLACK
6
CONTINUOUS
10
68.4195619999999991
20
-118.4945619999999877
11
68.4966129999999964
21
-118.4430789999999973
0
LINE
8
BLACK
6
CONTINUOUS
10
68.4966129999999964
20
-118.4430789999999973
11
68.5874999999999915
21
-118.4249999999999972
0
LINE
8
BLACK
6
CONTINUOUS
10
68.5874999999999915
20
-118.4249999999999972
11
69.1624999999999943
21
-118.4249999999999972
0
LINE
8
BLACK
6
CONTINUOUS
10
69.1624999999999943
20
-118.4249999999999972
11
69.2533870000000036
21
-118.4430789999999973
0
LINE
8
BLACK
6
CONTINUOUS
10
71.0033870000000036
20
-118.4430789999999973
11
71.0804380000000009
21
-118.4945619999999877
0
LINE
8
BLACK
6
CONTINUOUS
10
71.0804380000000009
20
-118.4945619999999877
11
71.1319209999999913
21
-118.5716129999999993
0
LINE
8
BLACK
6
CONTINUOUS
10
71.1319209999999913
20
-118.5716129999999993
11
71.1499999999999915
21
-118.6624999999999943
0
LINE
8
BLACK
6
CONTINUOUS
10
71.1499999999999915
20
-118.6624999999999943
11
71.1499999999999915
21
-119.1374999999999886
0
LINE
8
BLACK
6
CONTINUOUS
10
71.1499999999999915
20
-119.1374999999999886
11
71.1319209999999913
21
-119.2283869999999979
0
LINE
8
BLACK
6
CONTINUOUS
10
71.1319209999999913
20
-119.2283869999999979
11
71.0804380000000009
21
-119.3054379999999952
0
LINE
8
BLACK
6
CONTINUOUS
10
71.0804380000000009
20
-119.3054379999999952
11
71.0033870000000036
21
-119.3569209999999998
0
LINE
8
BLACK
6
CONTINUOUS
10
71.0033870000000036
20
-119.3569209999999998
11
70.9124999999999943
21
-119.375
0
LINE
8
BLACK
6
CONTINUOUS
10
70.9124999999999943
20
-119.375
11
70.3374999999999915
21
-119.375
0
LINE
8
BLACK
6
CONTINUOUS
10
70.3374999999999915
20
-119.375
11
70.2466129999999964
21
-119.3569209999999998
0
LINE
8
BLACK
6
CONTINUOUS
10
70.2466129999999964
20
-119.3569209999999998
11
70.1695619999999991
21
-119.3054379999999952
0
LINE
8
BLACK
6
CONTINUOUS
10
70.1695619999999991
20
-119.3054379999999952
11
70.1180789999999945
21
-119.2283869999999979
0
LINE
8
BLACK
6
CONTINUOUS
10
70.1180789999999945
20
-119.2283869999999979
11
70.0999999999999943
21
-119.1374999999999886
0
LINE
8
BLACK
6
CONTINUOUS
10
70.0999999999999943
20
-119.1374999999999886
11
70.0999999999999943
21
-118.6624999999999943
0
LINE
8
BLACK
6
CONTINUOUS
10
70.0999999999999943
20
-118.6624999999999943
11
70.1180789999999945
21
-118.5716129999999993
0
LINE
8
BLACK
6
CONTINUOUS
10
70.1180789999999945
20
-118.5716129999999993
11
70.1695619999999991
21
-118.4945619999999877
0
LINE
8
BLACK
6
CONTINUOUS
10
70.1695619999999991
20
-118.4945619999999877
11
70.2466129999999964
21
-118.4430789999999973
0
LINE
8
BLACK
6
CONTINUOUS
10
70.2466129999999964
20
-118.4430789999999973
11
70.3374999999999915
21
-118.4249999999999972
0
LINE
8
BLACK
6
CONTINUOUS
10
70.3374999999999915
20
-118.4249999999999972
11
70.9124999999999943
21
-118.4249999999999972
0
LINE
8
BLACK
6
CONTINUOUS
10
70.9124999999999943
20
-118.4249999999999972
11
71.0033870000000036
21
-118.4430789999999973
0
LINE
8
BLACK
6
CONTINUOUS
10
81.2074029999999993
20
-117.9614179999999948
11
81.2560659999999899
21
-117.9939339999999959
0
LINE
8
BLACK
6
CONTINUOUS
10
81.2560659999999899
20
-117.9939339999999959
11
81.288581999999991
21
-118.0425970000000007
0
LINE
8
BLACK
6
CONTINUOUS
10
81.288581999999991
20
-118.0425970000000007
11
81.2999999999999972
21
-118.0999999999999943
0
LINE
8
BLACK
6
CONTINUOUS
10
81.2999999999999972
20
-118.0999999999999943
11
81.2999999999999972
21
-118.3999999999999915
0
LINE
8
BLACK
6
CONTINUOUS
10
81.2999999999999972
20
-118.3999999999999915
11
81.288581999999991
21
-118.4574029999999993
0
LINE
8
BLACK
6
CONTINUOUS
10
81.288581999999991
20
-118.4574029999999993
11
81.2560659999999899
21
-118.5060659999999899
0
LINE
8
BLACK
6
CONTINUOUS
10
81.2560659999999899
20
-118.5060659999999899
11
81.2074029999999993
21
-118.538581999999991
0
LINE
8
BLACK
6
CONTINUOUS
10
81.2074029999999993
20
-118.538581999999991
11
81.1499999999999915
21
-118.5499999999999972
0
LINE
8
BLACK
6
CONTINUOUS
10
81.1499999999999915
20
-118.5499999999999972
11
80.125
21
-118.5499999999999972
0
LINE
8
BLACK
6
CONTINUOUS
10
80.125
20
-118.5499999999999972
11
80.0675969999999921
21
-118.538581999999991
0
LINE
8
BLACK
6
CONTINUOUS
10
80.0675969999999921
20
-118.538581999999991
11
80.0189340000000016
21
-118.5060659999999899
0
LINE
8
BLACK
6
CONTINUOUS
10
80.0189340000000016
20
-118.5060659999999899
11
79.9864180000000005
21
-118.4574029999999993
0
LINE
8
BLACK
6
CONTINUOUS
10
79.9864180000000005
20
-118.4574029999999993
11
79.9749999999999943
21
-118.3999999999999915
0
LINE
8
BLACK
6
CONTINUOUS
10
79.9749999999999943
20
-118.3999999999999915
11
79.9749999999999943
21
-118.0999999999999943
0
LINE
8
BLACK
6
CONTINUOUS
10
79.9749999999999943
20
-118.0999999999999943
11
79.9864180000000005
21
-118.0425970000000007
0
LINE
8
BLACK
6
CONTINUOUS
10
79.9864180000000005
20
-118.0425970000000007
11
80.0189340000000016
21
-117.9939339999999959
0
LINE
8
BLACK
6
CONTINUOUS
10
80.0189340000000016
20
-117.9939339999999959
11
80.0675969999999921
21
-117.9614179999999948
0
LINE
8
BLACK
6
CONTINUOUS
10
80.0675969999999921
20
-117.9614179999999948
11
80.125
21
-117.9499999999999886
0
LINE
8
BLACK
6
CONTINUOUS
10
80.125
20
-117.9499999999999886
11
81.1499999999999915
21
-117.9499999999999886
0
LINE
8
BLACK
6
CONTINUOUS
10
81.1499999999999915
20
-117.9499999999999886
11
81.2074029999999993
21
-117.9614179999999948
0
LINE
8
BLACK
6
CONTINUOUS
10
93.5533870000000007
20
-117.2930789999999917
11
93.6304379999999981
21
-117.3445619999999963
0
LINE
8
BLACK
6
CONTINUOUS
10
93.6304379999999981
20
-117.3445619999999963
11
93.6819210000000027
21
-117.4216129999999936
0
LINE
8
BLACK
6
CONTINUOUS
10
93.6819210000000027
20
-117.4216129999999936
11
93.7000000000000028
21
-117.5124999999999886
0
LINE
8
BLACK
6
CONTINUOUS
10
93.7000000000000028
20
-117.5124999999999886
11
93.7000000000000028
21
-117.9874999999999972
0
LINE
8
BLACK
6
CONTINUOUS
10
93.7000000000000028
20
-117.9874999999999972
11
93.6819210000000027
21
-118.0783869999999922
0
LINE
8
BLACK
6
CONTINUOUS
10
93.6819210000000027
20
-118.0783869999999922
11
93.6304379999999981
21
-118.1554379999999895
0
LINE
8
BLACK
6
CONTINUOUS
10
93.6304379999999981
20
-118.1554379999999895
11
93.5533870000000007
21
-118.2069209999999941
0
LINE
8
BLACK
6
CONTINUOUS
10
93.5533870000000007
20
-118.2069209999999941
11
93.4624999999999915
21
-118.2249999999999943
0
LINE
8
BLACK
6
CONTINUOUS
10
93.4624999999999915
20
-118.2249999999999943
11
92.9624999999999915
21
-118.2249999999999943
0
LINE
8
BLACK
6
CONTINUOUS
10
92.9624999999999915
20
-118.2249999999999943
11
92.8716129999999964
21
-118.2069209999999941
0
LINE
8
BLACK
6
CONTINUOUS
10
92.8716129999999964
20
-118.2069209999999941
11
92.7945619999999991
21
-118.1554379999999895
0
LINE
8
BLACK
6
CONTINUOUS
10
92.7945619999999991
20
-118.1554379999999895
11
92.7430789999999945
21
-118.0783869999999922
0
LINE
8
BLACK
6
CONTINUOUS
10
92.7430789999999945
20
-118.0783869999999922
11
92.7249999999999943
21
-117.9874999999999972
0
LINE
8
BLACK
6
CONTINUOUS
10
92.7249999999999943
20
-117.9874999999999972
11
92.7249999999999943
21
-117.5124999999999886
0
LINE
8
BLACK
6
CONTINUOUS
10
92.7249999999999943
20
-117.5124999999999886
11
92.7430789999999945
21
-117.4216129999999936
0
LINE
8
BLACK
6
CONTINUOUS
10
92.7430789999999945
20
-117.4216129999999936
11
92.7945619999999991
21
-117.3445619999999963
0
LINE
8
BLACK
6
CONTINUOUS
10
92.7945619999999991
20
-117.3445619999999963
11
92.8716129999999964
21
-117.2930789999999917
0
LINE
8
BLACK
6
CONTINUOUS
10
92.8716129999999964
20
-117.2930789999999917
11
92.9624999999999915
21
-117.2749999999999915
0
LINE
8
BLACK
6
CONTINUOUS
10
92.9624999999999915
20
-117.2749999999999915
11
93.4624999999999915
21
-117.2749999999999915
0
LINE
8
BLACK
6
CONTINUOUS
10
93.4624999999999915
20
-117.2749999999999915
11
93.5533870000000007
21
-117.2930789999999917
0
LINE
8
BLACK
6
CONTINUOUS
10
95.3783869999999894
20
-117.2930789999999917
11
95.4554380000000009
21
-117.3445619999999963
0
LINE
8
BLACK
6
CONTINUOUS
10
95.4554380000000009
20
-117.3445619999999963
11
95.5069209999999913
21
-117.4216129999999936
0
LINE
8
BLACK
6
CONTINUOUS
10
95.5069209999999913
20
-117.4216129999999936
11
95.5249999999999915
21
-117.5124999999999886
0
LINE
8
BLACK
6
CONTINUOUS
10
95.5249999999999915
20
-117.5124999999999886
11
95.5249999999999915
21
-117.9874999999999972
0
LINE
8
BLACK
6
CONTINUOUS
10
95.5249999999999915
20
-117.9874999999999972
11
95.5069209999999913
21
-118.0783869999999922
0
LINE
8
BLACK
6
CONTINUOUS
10
95.5069209999999913
20
-118.0783869999999922
11
95.4554380000000009
21
-118.1554379999999895
0
LINE
8
BLACK
6
CONTINUOUS
10
95.4554380000000009
20
-118.1554379999999895
11
95.3783869999999894
21
-118.2069209999999941
0
LINE
8
BLACK
6
CONTINUOUS
10
95.3783869999999894
20
-118.2069209999999941
11
95.2874999999999943
21
-118.2249999999999943
0
LINE
8
BLACK
6
CONTINUOUS
10
95.2874999999999943
20
-118.2249999999999943
11
94.7874999999999943
21
-118.2249999999999943
0
LINE
8
BLACK
6
CONTINUOUS
10
94.7874999999999943
20
-118.2249999999999943
11
94.6966129999999993
21
-118.2069209999999941
0
LINE
8
BLACK
6
CONTINUOUS
10
94.6966129999999993
20
-118.2069209999999941
11
94.6195620000000019
21
-118.1554379999999895
0
LINE
8
BLACK
6
CONTINUOUS
10
94.6195620000000019
20
-118.1554379999999895
11
94.5680789999999973
21
-118.0783869999999922
0
LINE
8
BLACK
6
CONTINUOUS
10
94.5680789999999973
20
-118.0783869999999922
11
94.5499999999999972
21
-117.9874999999999972
0
LINE
8
BLACK
6
CONTINUOUS
10
94.5499999999999972
20
-117.9874999999999972
11
94.5499999999999972
21
-117.5124999999999886
0
LINE
8
BLACK
6
CONTINUOUS
10
94.5499999999999972
20
-117.5124999999999886
11
94.5680789999999973
21
-117.4216129999999936
0
LINE
8
BLACK
6
CONTINUOUS
10
94.5680789999999973
20
-117.4216129999999936
11
94.6195620000000019
21
-117.3445619999999963
0
LINE
8
BLACK
6
CONTINUOUS
10
94.6195620000000019
20
-117.3445619999999963
11
94.6966129999999993
21
-117.2930789999999917
0
LINE
8
BLACK
6
CONTINUOUS
10
94.6966129999999993
20
-117.2930789999999917
11
94.7874999999999943
21
-117.2749999999999915
0
LINE
8
BLACK
6
CONTINUOUS
10
94.7874999999999943
20
-117.2749999999999915
11
95.2874999999999943
21
-117.2749999999999915
0
LINE
8
BLACK
6
CONTINUOUS
10
95.2874999999999943
20
-117.2749999999999915
11
95.3783869999999894
21
-117.2930789999999917
0
LINE
8
BLACK
6
CONTINUOUS
10
97.8408869999999951
20
-117.2930789999999917
11
97.9179379999999924
21
-117.3445619999999963
0
LINE
8
BLACK
6
CONTINUOUS
10
97.9179379999999924
20
-117.3445619999999963
11
97.969420999999997
21
-117.4216129999999936
0
LINE
8
BLACK
6
CONTINUOUS
10
97.969420999999997
20
-117.4216129999999936
11
97.9874999999999972
21
-117.5124999999999886
0
LINE
8
BLACK
6
CONTINUOUS
10
97.9874999999999972
20
-117.5124999999999886
11
97.9874999999999972
21
-117.9874999999999972
0
LINE
8
BLACK
6
CONTINUOUS
10
97.9874999999999972
20
-117.9874999999999972
11
97.969420999999997
21
-118.0783869999999922
0
LINE
8
BLACK
6
CONTINUOUS
10
97.969420999999997
20
-118.0783869999999922
11
97.9179379999999924
21
-118.1554379999999895
0
LINE
8
BLACK
6
CONTINUOUS
10
97.9179379999999924
20
-118.1554379999999895
11
97.8408869999999951
21
-118.2069209999999941
0
LINE
8
BLACK
6
CONTINUOUS
10
97.8408869999999951
20
-118.2069209999999941
11
97.75
21
-118.2249999999999943
0
LINE
8
BLACK
6
CONTINUOUS
10
97.75
20
-118.2249999999999943
11
97.1749999999999972
21
-118.2249999999999943
0
LINE
8
BLACK
6
CONTINUOUS
10
97.1749999999999972
20
-118.2249999999999943
11
97.0841130000000021
21
-118.2069209999999941
0
LINE
8
BLACK
6
CONTINUOUS
10
97.0841130000000021
20
-118.2069209999999941
11
97.0070619999999906
21
-118.1554379999999895
0
LINE
8
BLACK
6
CONTINUOUS
10
97.0070619999999906
20
-118.1554379999999895
11
96.9555790000000002
21
-118.0783869999999922
0
LINE
8
BLACK
6
CONTINUOUS
10
96.9555790000000002
20
-118.0783869999999922
11
96.9375
21
-117.9874999999999972
0
LINE
8
BLACK
6
CONTINUOUS
10
96.9375
20
-117.9874999999999972
11
96.9375
21
-117.5124999999999886
0
LINE
8
BLACK
6
CONTINUOUS
10
96.9375
20
-117.5124999999999886
11
96.9555790000000002
21
-117.4216129999999936
0
LINE
8
BLACK
6
CONTINUOUS
10
96.9555790000000002
20
-117.4216129999999936
11
97.0070619999999906
21
-117.3445619999999963
0
LINE
8
BLACK
6
CONTINUOUS
10
97.0070619999999906
20
-117.3445619999999963
11
97.0841130000000021
21
-117.2930789999999917
0
LINE
8
BLACK
6
CONTINUOUS
10
97.0841130000000021
20
-117.2930789999999917
11
97.1749999999999972
21
-117.2749999999999915
0
LINE
8
BLACK
6
CONTINUOUS
10
97.1749999999999972
20
-117.2749999999999915
11
97.75
21
-117.2749999999999915
0
LINE
8
BLACK
6
CONTINUOUS
10
97.75
20
-117.2749999999999915
11
97.8408869999999951
21
-117.2930789999999917
0
LINE
8
BLACK
6
CONTINUOUS
10
99.5908869999999951
20
-117.2930789999999917
11
99.6679379999999924
21
-117.3445619999999963
0
LINE
8
BLACK
6
CONTINUOUS
10
99.6679379999999924
20
-117.3445619999999963
11
99.719420999999997
21
-117.4216129999999936
0
LINE
8
BLACK
6
CONTINUOUS
10
99.719420999999997
20
-117.4216129999999936
11
99.7374999999999972
21
-117.5124999999999886
0
LINE
8
BLACK
6
CONTINUOUS
10
99.7374999999999972
20
-117.5124999999999886
11
99.7374999999999972
21
-117.9874999999999972
0
LINE
8
BLACK
6
CONTINUOUS
10
99.7374999999999972
20
-117.9874999999999972
11
99.719420999999997
21
-118.0783869999999922
0
LINE
8
BLACK
6
CONTINUOUS
10
99.719420999999997
20
-118.0783869999999922
11
99.6679379999999924
21
-118.1554379999999895
0
LINE
8
BLACK
6
CONTINUOUS
10
99.6679379999999924
20
-118.1554379999999895
11
99.5908869999999951
21
-118.2069209999999941
0
LINE
8
BLACK
6
CONTINUOUS
10
99.5908869999999951
20
-118.2069209999999941
11
99.5
21
-118.2249999999999943
0
LINE
8
BLACK
6
CONTINUOUS
10
99.5
20
-118.2249999999999943
11
98.9249999999999972
21
-118.2249999999999943
0
LINE
8
BLACK
6
CONTINUOUS
10
98.9249999999999972
20
-118.2249999999999943
11
98.8341130000000021
21
-118.2069209999999941
0
LINE
8
BLACK
6
CONTINUOUS
10
98.8341130000000021
20
-118.2069209999999941
11
98.7570619999999906
21
-118.1554379999999895
0
LINE
8
BLACK
6
CONTINUOUS
10
98.7570619999999906
20
-118.1554379999999895
11
98.7055790000000002
21
-118.0783869999999922
0
LINE
8
BLACK
6
CONTINUOUS
10
98.7055790000000002
20
-118.0783869999999922
11
98.6875
21
-117.9874999999999972
0
LINE
8
BLACK
6
CONTINUOUS
10
98.6875
20
-117.9874999999999972
11
98.6875
21
-117.5124999999999886
0
LINE
8
BLACK
6
CONTINUOUS
10
98.6875
20
-117.5124999999999886
11
98.7055790000000002
21
-117.4216129999999936
0
LINE
8
BLACK
6
CONTINUOUS
10
98.7055790000000002
20
-117.4216129999999936
11
98.7570619999999906
21
-117.3445619999999963
0
LINE
8
BLACK
6
CONTINUOUS
10
98.7570619999999906
20
-117.3445619999999963
11
98.8341130000000021
21
-117.2930789999999917
0
LINE
8
BLACK
6
CONTINUOUS
10
98.8341130000000021
20
-117.2930789999999917
11
98.9249999999999972
21
-117.2749999999999915
0
LINE
8
BLACK
6
CONTINUOUS
10
98.9249999999999972
20
-117.2749999999999915
11
99.5
21
-117.2749999999999915
0
LINE
8
BLACK
6
CONTINUOUS
10
99.5
20
-117.2749999999999915
11
99.5908869999999951
21
-117.2930789999999917
0
LINE
8
BLACK
6
CONTINUOUS
10
62.1283869999999965
20
-116.7555789999999973
11
62.2054379999999938
21
-116.8070619999999877
0
LINE
8
BLACK
6
CONTINUOUS
10
62.2054379999999938
20
-116.8070619999999877
11
62.2569209999999984
21
-116.8841129999999993
0
LINE
8
BLACK
6
CONTINUOUS
10
62.2569209999999984
20
-116.8841129999999993
11
62.2749999999999986
21
-116.9749999999999943
0
LINE
8
BLACK
6
CONTINUOUS
10
62.2749999999999986
20
-116.9749999999999943
11
62.2749999999999986
21
-117.4749999999999943
0
LINE
8
BLACK
6
CONTINUOUS
10
62.2749999999999986
20
-117.4749999999999943
11
62.2569209999999984
21
-117.5658869999999894
0
LINE
8
BLACK
6
CONTINUOUS
10
62.2569209999999984
20
-117.5658869999999894
11
62.2054379999999938
21
-117.6429380000000009
0
LINE
8
BLACK
6
CONTINUOUS
10
62.2054379999999938
20
-117.6429380000000009
11
62.1283869999999965
21
-117.6944209999999913
0
LINE
8
BLACK
6
CONTINUOUS
10
62.1283869999999965
20
-117.6944209999999913
11
62.0374999999999943
21
-117.7124999999999915
0
LINE
8
BLACK
6
CONTINUOUS
10
62.0374999999999943
20
-117.7124999999999915
11
61.5625
21
-117.7124999999999915
0
LINE
8
BLACK
6
CONTINUOUS
10
61.5625
20
-117.7124999999999915
11
61.4716129999999978
21
-117.6944209999999913
0
LINE
8
BLACK
6
CONTINUOUS
10
61.4716129999999978
20
-117.6944209999999913
11
61.3945620000000005
21
-117.6429380000000009
0
LINE
8
BLACK
6
CONTINUOUS
10
61.3945620000000005
20
-117.6429380000000009
11
61.3430789999999959
21
-117.5658869999999894
0
LINE
8
BLACK
6
CONTINUOUS
10
61.3430789999999959
20
-117.5658869999999894
11
61.3249999999999957
21
-117.4749999999999943
0
LINE
8
BLACK
6
CONTINUOUS
10
61.3249999999999957
20
-117.4749999999999943
11
61.3249999999999957
21
-116.9749999999999943
0
LINE
8
BLACK
6
CONTINUOUS
10
61.3249999999999957
20
-116.9749999999999943
11
61.3430789999999959
21
-116.8841129999999993
0
LINE
8
BLACK
6
CONTINUOUS
10
61.3430789999999959
20
-116.8841129999999993
11
61.3945620000000005
21
-116.8070619999999877
0
LINE
8
BLACK
6
CONTINUOUS
10
61.3945620000000005
20
-116.8070619999999877
11
61.4716129999999978
21
-116.7555789999999973
0
LINE
8
BLACK
6
CONTINUOUS
10
61.4716129999999978
20
-116.7555789999999973
11
61.5625
21
-116.7374999999999972
0
LINE
8
BLACK
6
CONTINUOUS
10
61.5625
20
-116.7374999999999972
11
62.0374999999999943
21
-116.7374999999999972
0
LINE
8
BLACK
6
CONTINUOUS
10
62.0374999999999943
20
-116.7374999999999972
11
62.1283869999999965
21
-116.7555789999999973
0
LINE
8
BLACK
6
CONTINUOUS
10
60.3283869999999993
20
-116.5930789999999888
11
60.4054379999999966
21
-116.6445619999999934
0
LINE
8
BLACK
6
CONTINUOUS
10
60.4054379999999966
20
-116.6445619999999934
11
60.4569209999999941
21
-116.7216129999999907
0
LINE
8
BLACK
6
CONTINUOUS
10
60.4569209999999941
20
-116.7216129999999907
11
60.4749999999999943
21
-116.8125
0
LINE
8
BLACK
6
CONTINUOUS
10
60.4749999999999943
20
-116.8125
11
60.4749999999999943
21
-117.4124999999999943
0
LINE
8
BLACK
6
CONTINUOUS
10
60.4749999999999943
20
-117.4124999999999943
11
60.4569209999999941
21
-117.5033869999999894
0
LINE
8
BLACK
6
CONTINUOUS
10
60.4569209999999941
20
-117.5033869999999894
11
60.4054379999999966
21
-117.5804380000000009
0
LINE
8
BLACK
6
CONTINUOUS
10
60.4054379999999966
20
-117.5804380000000009
11
60.3283869999999993
21
-117.6319209999999913
0
LINE
8
BLACK
6
CONTINUOUS
10
60.3283869999999993
20
-117.6319209999999913
11
60.2374999999999972
21
-117.6499999999999915
0
LINE
8
BLACK
6
CONTINUOUS
10
60.2374999999999972
20
-117.6499999999999915
11
59.7624999999999957
21
-117.6499999999999915
0
LINE
8
BLACK
6
CONTINUOUS
10
59.7624999999999957
20
-117.6499999999999915
11
59.6716130000000007
21
-117.6319209999999913
0
LINE
8
BLACK
6
CONTINUOUS
10
59.6716130000000007
20
-117.6319209999999913
11
59.5945619999999963
21
-117.5804380000000009
0
LINE
8
BLACK
6
CONTINUOUS
10
59.5945619999999963
20
-117.5804380000000009
11
59.5430789999999988
21
-117.5033869999999894
0
LINE
8
BLACK
6
CONTINUOUS
10
59.5430789999999988
20
-117.5033869999999894
11
59.5249999999999986
21
-117.4124999999999943
0
LINE
8
BLACK
6
CONTINUOUS
10
59.5249999999999986
20
-117.4124999999999943
11
59.5249999999999986
21
-116.8125
0
LINE
8
BLACK
6
CONTINUOUS
10
59.5249999999999986
20
-116.8125
11
59.5430789999999988
21
-116.7216129999999907
0
LINE
8
BLACK
6
CONTINUOUS
10
59.5430789999999988
20
-116.7216129999999907
11
59.5945619999999963
21
-116.6445619999999934
0
LINE
8
BLACK
6
CONTINUOUS
10
59.5945619999999963
20
-116.6445619999999934
11
59.6716130000000007
21
-116.5930789999999888
0
LINE
8
BLACK
6
CONTINUOUS
10
59.6716130000000007
20
-116.5930789999999888
11
59.7624999999999957
21
-116.5749999999999886
0
LINE
8
BLACK
6
CONTINUOUS
10
59.7624999999999957
20
-116.5749999999999886
11
60.2374999999999972
21
-116.5749999999999886
0
LINE
8
BLACK
6
CONTINUOUS
10
60.2374999999999972
20
-116.5749999999999886
11
60.3283869999999993
21
-116.5930789999999888
0
LINE
8
BLACK
6
CONTINUOUS
10
78.9324029999999937
20
-117.0114179999999919
11
78.9810659999999984
21
-117.043933999999993
0
LINE
8
BLACK
6
CONTINUOUS
10
78.9810659999999984
20
-117.043933999999993
11
79.0135819999999995
21
-117.0925969999999978
0
LINE
8
BLACK
6
CONTINUOUS
10
79.0135819999999995
20
-117.0925969999999978
11
79.0249999999999915
21
-117.1499999999999915
0
LINE
8
BLACK
6
CONTINUOUS
10
79.0249999999999915
20
-117.1499999999999915
11
79.0249999999999915
21
-117.4499999999999886
0
LINE
8
BLACK
6
CONTINUOUS
10
79.0249999999999915
20
-117.4499999999999886
11
79.0135819999999995
21
-117.5074029999999965
0
LINE
8
BLACK
6
CONTINUOUS
10
79.0135819999999995
20
-117.5074029999999965
11
78.9810659999999984
21
-117.5560660000000013
0
LINE
8
BLACK
6
CONTINUOUS
10
78.9810659999999984
20
-117.5560660000000013
11
78.9324029999999937
21
-117.5885819999999882
0
LINE
8
BLACK
6
CONTINUOUS
10
78.9324029999999937
20
-117.5885819999999882
11
78.875
21
-117.5999999999999943
0
LINE
8
BLACK
6
CONTINUOUS
10
78.875
20
-117.5999999999999943
11
77.8499999999999943
21
-117.5999999999999943
0
LINE
8
BLACK
6
CONTINUOUS
10
77.8499999999999943
20
-117.5999999999999943
11
77.7925970000000007
21
-117.5885819999999882
0
LINE
8
BLACK
6
CONTINUOUS
10
77.7925970000000007
20
-117.5885819999999882
11
77.7439339999999959
21
-117.5560660000000013
0
LINE
8
BLACK
6
CONTINUOUS
10
77.7439339999999959
20
-117.5560660000000013
11
77.7114179999999948
21
-117.5074029999999965
0
LINE
8
BLACK
6
CONTINUOUS
10
77.7114179999999948
20
-117.5074029999999965
11
77.7000000000000028
21
-117.4499999999999886
0
LINE
8
BLACK
6
CONTINUOUS
10
77.7000000000000028
20
-117.4499999999999886
11
77.7000000000000028
21
-117.1499999999999915
0
LINE
8
BLACK
6
CONTINUOUS
10
77.7000000000000028
20
-117.1499999999999915
11
77.7114179999999948
21
-117.0925969999999978
0
LINE
8
BLACK
6
CONTINUOUS
10
77.7114179999999948
20
-117.0925969999999978
11
77.7439339999999959
21
-117.043933999999993
0
LINE
8
BLACK
6
CONTINUOUS
10
77.7439339999999959
20
-117.043933999999993
11
77.7925970000000007
21
-117.0114179999999919
0
LINE
8
BLACK
6
CONTINUOUS
10
77.7925970000000007
20
-117.0114179999999919
11
77.8499999999999943
21
-117.
0
LINE
8
BLACK
6
CONTINUOUS
10
77.8499999999999943
20
-117.
11
78.875
21
-117.
0
LINE
8
BLACK
6
CONTINUOUS
10
78.875
20
-117.
11
78.9324029999999937
21
-117.0114179999999919
0
LINE
8
BLACK
6
CONTINUOUS
10
81.2074029999999993
20
-117.0114179999999919
11
81.2560659999999899
21
-117.043933999999993
0
LINE
8
BLACK
6
CONTINUOUS
10
81.2560659999999899
20
-117.043933999999993
11
81.288581999999991
21
-117.0925969999999978
0
LINE
8
BLACK
6
CONTINUOUS
10
81.288581999999991
20
-117.0925969999999978
11
81.2999999999999972
21
-117.1499999999999915
0
LINE
8
BLACK
6
CONTINUOUS
10
81.2999999999999972
20
-117.1499999999999915
11
81.2999999999999972
21
-117.4499999999999886
0
LINE
8
BLACK
6
CONTINUOUS
10
81.2999999999999972
20
-117.4499999999999886
11
81.288581999999991
21
-117.5074029999999965
0
LINE
8
BLACK
6
CONTINUOUS
10
81.288581999999991
20
-117.5074029999999965
11
81.2560659999999899
21
-117.5560660000000013
0
LINE
8
BLACK
6
CONTINUOUS
10
81.2560659999999899
20
-117.5560660000000013
11
81.2074029999999993
21
-117.5885819999999882
0
LINE
8
BLACK
6
CONTINUOUS
10
81.2074029999999993
20
-117.5885819999999882
11
81.1499999999999915
21
-117.5999999999999943
0
LINE
8
BLACK
6
CONTINUOUS
10
81.1499999999999915
20
-117.5999999999999943
11
80.125
21
-117.5999999999999943
0
LINE
8
BLACK
6
CONTINUOUS
10
80.125
20
-117.5999999999999943
11
80.0675969999999921
21
-117.5885819999999882
0
LINE
8
BLACK
6
CONTINUOUS
10
80.0675969999999921
20
-117.5885819999999882
11
80.0189340000000016
21
-117.5560660000000013
0
LINE
8
BLACK
6
CONTINUOUS
10
80.0189340000000016
20
-117.5560660000000013
11
79.9864180000000005
21
-117.5074029999999965
0
LINE
8
BLACK
6
CONTINUOUS
10
79.9864180000000005
20
-117.5074029999999965
11
79.9749999999999943
21
-117.4499999999999886
0
LINE
8
BLACK
6
CONTINUOUS
10
79.9749999999999943
20
-117.4499999999999886
11
79.9749999999999943
21
-117.1499999999999915
0
LINE
8
BLACK
6
CONTINUOUS
10
79.9749999999999943
20
-117.1499999999999915
11
79.9864180000000005
21
-117.0925969999999978
0
LINE
8
BLACK
6
CONTINUOUS
10
79.9864180000000005
20
-117.0925969999999978
11
80.0189340000000016
21
-117.043933999999993
0
LINE
8
BLACK
6
CONTINUOUS
10
80.0189340000000016
20
-117.043933999999993
11
80.0675969999999921
21
-117.0114179999999919
0
LINE
8
BLACK
6
CONTINUOUS
10
80.0675969999999921
20
-117.0114179999999919
11
80.125
21
-117.
0
LINE
8
BLACK
6
CONTINUOUS
10
80.125
20
-117.
11
81.1499999999999915
21
-117.
0
LINE
8
BLACK
6
CONTINUOUS
10
81.1499999999999915
20
-117.
11
81.2074029999999993
21
-117.0114179999999919
0
LINE
8
BLACK
6
CONTINUOUS
10
69.1658869999999979
20
-116.4430789999999973
11
69.2429379999999952
21
-116.4945619999999877
0
LINE
8
BLACK
6
CONTINUOUS
10
69.2429379999999952
20
-116.4945619999999877
11
69.2944209999999998
21
-116.5716129999999993
0
LINE
8
BLACK
6
CONTINUOUS
10
69.2944209999999998
20
-116.5716129999999993
11
69.3125
21
-116.6624999999999943
0
LINE
8
BLACK
6
CONTINUOUS
10
69.3125
20
-116.6624999999999943
11
69.3125
21
-117.1374999999999886
0
LINE
8
BLACK
6
CONTINUOUS
10
69.3125
20
-117.1374999999999886
11
69.2944209999999998
21
-117.2283869999999979
0
LINE
8
BLACK
6
CONTINUOUS
10
69.2944209999999998
20
-117.2283869999999979
11
69.2429379999999952
21
-117.3054379999999952
0
LINE
8
BLACK
6
CONTINUOUS
10
69.2429379999999952
20
-117.3054379999999952
11
69.1658869999999979
21
-117.3569209999999998
0
LINE
8
BLACK
6
CONTINUOUS
10
69.1658869999999979
20
-117.3569209999999998
11
69.0750000000000028
21
-117.375
0
LINE
8
BLACK
6
CONTINUOUS
10
69.0750000000000028
20
-117.375
11
68.4749999999999943
21
-117.375
0
LINE
8
BLACK
6
CONTINUOUS
10
68.4749999999999943
20
-117.375
11
68.3841129999999993
21
-117.3569209999999998
0
LINE
8
BLACK
6
CONTINUOUS
10
68.3841129999999993
20
-117.3569209999999998
11
68.3070620000000019
21
-117.3054379999999952
0
LINE
8
BLACK
6
CONTINUOUS
10
68.3070620000000019
20
-117.3054379999999952
11
68.2555789999999973
21
-117.2283869999999979
0
LINE
8
BLACK
6
CONTINUOUS
10
68.2555789999999973
20
-117.2283869999999979
11
68.2374999999999972
21
-117.1374999999999886
0
LINE
8
BLACK
6
CONTINUOUS
10
68.2374999999999972
20
-117.1374999999999886
11
68.2374999999999972
21
-116.6624999999999943
0
LINE
8
BLACK
6
CONTINUOUS
10
68.2374999999999972
20
-116.6624999999999943
11
68.2555789999999973
21
-116.5716129999999993
0
LINE
8
BLACK
6
CONTINUOUS
10
68.2555789999999973
20
-116.5716129999999993
11
68.3070620000000019
21
-116.4945619999999877
0
LINE
8
BLACK
6
CONTINUOUS
10
68.3070620000000019
20
-116.4945619999999877
11
68.3841129999999993
21
-116.4430789999999973
0
LINE
8
BLACK
6
CONTINUOUS
10
68.3841129999999993
20
-116.4430789999999973
11
68.4749999999999943
21
-116.4249999999999972
0
LINE
8
BLACK
6
CONTINUOUS
10
68.4749999999999943
20
-116.4249999999999972
11
69.0750000000000028
21
-116.4249999999999972
0
LINE
8
BLACK
6
CONTINUOUS
10
69.0750000000000028
20
-116.4249999999999972
11
69.1658869999999979
21
-116.4430789999999973
0
LINE
8
BLACK
6
CONTINUOUS
10
70.8908869999999922
20
-116.4430789999999973
11
70.9679380000000037
21
-116.4945619999999877
0
LINE
8
BLACK
6
CONTINUOUS
10
70.9679380000000037
20
-116.4945619999999877
11
71.0194209999999941
21
-116.5716129999999993
0
LINE
8
BLACK
6
CONTINUOUS
10
71.0194209999999941
20
-116.5716129999999993
11
71.0374999999999943
21
-116.6624999999999943
0
LINE
8
BLACK
6
CONTINUOUS
10
71.0374999999999943
20
-116.6624999999999943
11
71.0374999999999943
21
-117.1374999999999886
0
LINE
8
BLACK
6
CONTINUOUS
10
71.0374999999999943
20
-117.1374999999999886
11
71.0194209999999941
21
-117.2283869999999979
0
LINE
8
BLACK
6
CONTINUOUS
10
71.0194209999999941
20
-117.2283869999999979
11
70.9679380000000037
21
-117.3054379999999952
0
LINE
8
BLACK
6
CONTINUOUS
10
70.9679380000000037
20
-117.3054379999999952
11
70.8908869999999922
21
-117.3569209999999998
0
LINE
8
BLACK
6
CONTINUOUS
10
70.8908869999999922
20
-117.3569209999999998
11
70.7999999999999972
21
-117.375
0
LINE
8
BLACK
6
CONTINUOUS
10
70.7999999999999972
20
-117.375
11
70.2000000000000028
21
-117.375
0
LINE
8
BLACK
6
CONTINUOUS
10
70.2000000000000028
20
-117.375
11
70.1091129999999936
21
-117.3569209999999998
0
LINE
8
BLACK
6
CONTINUOUS
10
70.1091129999999936
20
-117.3569209999999998
11
70.0320619999999963
21
-117.3054379999999952
0
LINE
8
BLACK
6
CONTINUOUS
10
70.0320619999999963
20
-117.3054379999999952
11
69.9805789999999917
21
-117.2283869999999979
0
LINE
8
BLACK
6
CONTINUOUS
10
69.9805789999999917
20
-117.2283869999999979
11
69.9624999999999915
21
-117.1374999999999886
0
LINE
8
BLACK
6
CONTINUOUS
10
69.9624999999999915
20
-117.1374999999999886
11
69.9624999999999915
21
-116.6624999999999943
0
LINE
8
BLACK
6
CONTINUOUS
10
69.9624999999999915
20
-116.6624999999999943
11
69.9805789999999917
21
-116.5716129999999993
0
LINE
8
BLACK
6
CONTINUOUS
10
69.9805789999999917
20
-116.5716129999999993
11
70.0320619999999963
21
-116.4945619999999877
0
LINE
8
BLACK
6
CONTINUOUS
10
70.0320619999999963
20
-116.4945619999999877
11
70.1091129999999936
21
-116.4430789999999973
0
LINE
8
BLACK
6
CONTINUOUS
10
70.1091129999999936
20
-116.4430789999999973
11
70.2000000000000028
21
-116.4249999999999972
0
LINE
8
BLACK
6
CONTINUOUS
10
70.2000000000000028
20
-116.4249999999999972
11
70.7999999999999972
21
-116.4249999999999972
0
LINE
8
BLACK
6
CONTINUOUS
10
70.7999999999999972
20
-116.4249999999999972
11
70.8908869999999922
21
-116.4430789999999973
0
LINE
8
BLACK
6
CONTINUOUS
10
60.3283869999999993
20
-114.8680789999999945
11
60.4054379999999966
21
-114.9195619999999991
0
LINE
8
BLACK
6
CONTINUOUS
10
60.4054379999999966
20
-114.9195619999999991
11
60.4569209999999941
21
-114.9966129999999964
0
LINE
8
BLACK
6
CONTINUOUS
10
60.4569209999999941
20
-114.9966129999999964
11
60.4749999999999943
21
-115.0874999999999915
0
LINE
8
BLACK
6
CONTINUOUS
10
60.4749999999999943
20
-115.0874999999999915
11
60.4749999999999943
21
-115.6875
0
LINE
8
BLACK
6
CONTINUOUS
10
60.4749999999999943
20
-115.6875
11
60.4569209999999941
21
-115.7783869999999951
0
LINE
8
BLACK
6
CONTINUOUS
10
60.4569209999999941
20
-115.7783869999999951
11
60.4054379999999966
21
-115.8554379999999924
0
LINE
8
BLACK
6
CONTINUOUS
10
60.4054379999999966
20
-115.8554379999999924
11
60.3283869999999993
21
-115.906920999999997
0
LINE
8
BLACK
6
CONTINUOUS
10
60.3283869999999993
20
-115.906920999999997
11
60.2374999999999972
21
-115.9249999999999972
0
LINE
8
BLACK
6
CONTINUOUS
10
60.2374999999999972
20
-115.9249999999999972
11
59.7624999999999957
21
-115.9249999999999972
0
LINE
8
BLACK
6
CONTINUOUS
10
59.7624999999999957
20
-115.9249999999999972
11
59.6716130000000007
21
-115.906920999999997
0
LINE
8
BLACK
6
CONTINUOUS
10
59.6716130000000007
20
-115.906920999999997
11
59.5945619999999963
21
-115.8554379999999924
0
LINE
8
BLACK
6
CONTINUOUS
10
59.5945619999999963
20
-115.8554379999999924
11
59.5430789999999988
21
-115.7783869999999951
0
LINE
8
BLACK
6
CONTINUOUS
10
59.5430789999999988
20
-115.7783869999999951
11
59.5249999999999986
21
-115.6875
0
LINE
8
BLACK
6
CONTINUOUS
10
59.5249999999999986
20
-115.6875
11
59.5249999999999986
21
-115.0874999999999915
0
LINE
8
BLACK
6
CONTINUOUS
10
59.5249999999999986
20
-115.0874999999999915
11
59.5430789999999988
21
-114.9966129999999964
0
LINE
8
BLACK
6
CONTINUOUS
10
59.5430789999999988
20
-114.9966129999999964
11
59.5945619999999963
21
-114.9195619999999991
0
LINE
8
BLACK
6
CONTINUOUS
10
59.5945619999999963
20
-114.9195619999999991
11
59.6716130000000007
21
-114.8680789999999945
0
LINE
8
BLACK
6
CONTINUOUS
10
59.6716130000000007
20
-114.8680789999999945
11
59.7624999999999957
21
-114.8499999999999943
0
LINE
8
BLACK
6
CONTINUOUS
10
59.7624999999999957
20
-114.8499999999999943
11
60.2374999999999972
21
-114.8499999999999943
0
LINE
8
BLACK
6
CONTINUOUS
10
60.2374999999999972
20
-114.8499999999999943
11
60.3283869999999993
21
-114.8680789999999945
0
LINE
8
BLACK
6
CONTINUOUS
10
62.1283869999999965
20
-114.9305789999999945
11
62.2054379999999938
21
-114.9820619999999991
0
LINE
8
BLACK
6
CONTINUOUS
10
62.2054379999999938
20
-114.9820619999999991
11
62.2569209999999984
21
-115.0591129999999964
0
LINE
8
BLACK
6
CONTINUOUS
10
62.2569209999999984
20
-115.0591129999999964
11
62.2749999999999986
21
-115.1499999999999915
0
LINE
8
BLACK
6
CONTINUOUS
10
62.2749999999999986
20
-115.1499999999999915
11
62.2749999999999986
21
-115.6499999999999915
0
LINE
8
BLACK
6
CONTINUOUS
10
62.2749999999999986
20
-115.6499999999999915
11
62.2569209999999984
21
-115.7408870000000007
0
LINE
8
BLACK
6
CONTINUOUS
10
62.2569209999999984
20
-115.7408870000000007
11
62.2054379999999938
21
-115.8179379999999981
0
LINE
8
BLACK
6
CONTINUOUS
10
62.2054379999999938
20
-115.8179379999999981
11
62.1283869999999965
21
-115.8694209999999885
0
LINE
8
BLACK
6
CONTINUOUS
10
62.1283869999999965
20
-115.8694209999999885
11
62.0374999999999943
21
-115.8874999999999886
0
LINE
8
BLACK
6
CONTINUOUS
10
62.0374999999999943
20
-115.8874999999999886
11
61.5625
21
-115.8874999999999886
0
LINE
8
BLACK
6
CONTINUOUS
10
61.5625
20
-115.8874999999999886
11
61.4716129999999978
21
-115.8694209999999885
0
LINE
8
BLACK
6
CONTINUOUS
10
61.4716129999999978
20
-115.8694209999999885
11
61.3945620000000005
21
-115.8179379999999981
0
LINE
8
BLACK
6
CONTINUOUS
10
61.3945620000000005
20
-115.8179379999999981
11
61.3430789999999959
21
-115.7408870000000007
0
LINE
8
BLACK
6
CONTINUOUS
10
61.3430789999999959
20
-115.7408870000000007
11
61.3249999999999957
21
-115.6499999999999915
0
LINE
8
BLACK
6
CONTINUOUS
10
61.3249999999999957
20
-115.6499999999999915
11
61.3249999999999957
21
-115.1499999999999915
0
LINE
8
BLACK
6
CONTINUOUS
10
61.3249999999999957
20
-115.1499999999999915
11
61.3430789999999959
21
-115.0591129999999964
0
LINE
8
BLACK
6
CONTINUOUS
10
61.3430789999999959
20
-115.0591129999999964
11
61.3945620000000005
21
-114.9820619999999991
0
LINE
8
BLACK
6
CONTINUOUS
10
61.3945620000000005
20
-114.9820619999999991
11
61.4716129999999978
21
-114.9305789999999945
0
LINE
8
BLACK
6
CONTINUOUS
10
61.4716129999999978
20
-114.9305789999999945
11
61.5625
21
-114.9124999999999943
0
LINE
8
BLACK
6
CONTINUOUS
10
61.5625
20
-114.9124999999999943
11
62.0374999999999943
21
-114.9124999999999943
0
LINE
8
BLACK
6
CONTINUOUS
10
62.0374999999999943
20
-114.9124999999999943
11
62.1283869999999965
21
-114.9305789999999945
0
LINE
8
BLACK
6
CONTINUOUS
10
69.1658869999999979
20
-114.5430789999999917
11
69.2429379999999952
21
-114.5945619999999963
0
LINE
8
BLACK
6
CONTINUOUS
10
69.2429379999999952
20
-114.5945619999999963
11
69.2944209999999998
21
-114.6716129999999936
0
LINE
8
BLACK
6
CONTINUOUS
10
69.2944209999999998
20
-114.6716129999999936
11
69.3125
21
-114.7624999999999886
0
LINE
8
BLACK
6
CONTINUOUS
10
69.3125
20
-114.7624999999999886
11
69.3125
21
-115.2374999999999972
0
LINE
8
BLACK
6
CONTINUOUS
10
69.3125
20
-115.2374999999999972
11
69.2944209999999998
21
-115.3283869999999922
0
LINE
8
BLACK
6
CONTINUOUS
10
69.2944209999999998
20
-115.3283869999999922
11
69.2429379999999952
21
-115.4054379999999895
0
LINE
8
BLACK
6
CONTINUOUS
10
69.2429379999999952
20
-115.4054379999999895
11
69.1658869999999979
21
-115.4569209999999941
0
LINE
8
BLACK
6
CONTINUOUS
10
69.1658869999999979
20
-115.4569209999999941
11
69.0750000000000028
21
-115.4749999999999943
0
LINE
8
BLACK
6
CONTINUOUS
10
69.0750000000000028
20
-115.4749999999999943
11
68.4749999999999943
21
-115.4749999999999943
0
LINE
8
BLACK
6
CONTINUOUS
10
68.4749999999999943
20
-115.4749999999999943
11
68.3841129999999993
21
-115.4569209999999941
0
LINE
8
BLACK
6
CONTINUOUS
10
68.3841129999999993
20
-115.4569209999999941
11
68.3070620000000019
21
-115.4054379999999895
0
LINE
8
BLACK
6
CONTINUOUS
10
68.3070620000000019
20
-115.4054379999999895
11
68.2555789999999973
21
-115.3283869999999922
0
LINE
8
BLACK
6
CONTINUOUS
10
68.2555789999999973
20
-115.3283869999999922
11
68.2374999999999972
21
-115.2374999999999972
0
LINE
8
BLACK
6
CONTINUOUS
10
68.2374999999999972
20
-115.2374999999999972
11
68.2374999999999972
21
-114.7624999999999886
0
LINE
8
BLACK
6
CONTINUOUS
10
68.2374999999999972
20
-114.7624999999999886
11
68.2555789999999973
21
-114.6716129999999936
0
LINE
8
BLACK
6
CONTINUOUS
10
68.2555789999999973
20
-114.6716129999999936
11
68.3070620000000019
21
-114.5945619999999963
0
LINE
8
BLACK
6
CONTINUOUS
10
68.3070620000000019
20
-114.5945619999999963
11
68.3841129999999993
21
-114.5430789999999917
0
LINE
8
BLACK
6
CONTINUOUS
10
68.3841129999999993
20
-114.5430789999999917
11
68.4749999999999943
21
-114.5249999999999915
0
LINE
8
BLACK
6
CONTINUOUS
10
68.4749999999999943
20
-114.5249999999999915
11
69.0750000000000028
21
-114.5249999999999915
0
LINE
8
BLACK
6
CONTINUOUS
10
69.0750000000000028
20
-114.5249999999999915
11
69.1658869999999979
21
-114.5430789999999917
0
LINE
8
BLACK
6
CONTINUOUS
10
70.8908869999999922
20
-114.5430789999999917
11
70.9679380000000037
21
-114.5945619999999963
0
LINE
8
BLACK
6
CONTINUOUS
10
70.9679380000000037
20
-114.5945619999999963
11
71.0194209999999941
21
-114.6716129999999936
0
LINE
8
BLACK
6
CONTINUOUS
10
71.0194209999999941
20
-114.6716129999999936
11
71.0374999999999943
21
-114.7624999999999886
0
LINE
8
BLACK
6
CONTINUOUS
10
71.0374999999999943
20
-114.7624999999999886
11
71.0374999999999943
21
-115.2374999999999972
0
LINE
8
BLACK
6
CONTINUOUS
10
71.0374999999999943
20
-115.2374999999999972
11
71.0194209999999941
21
-115.3283869999999922
0
LINE
8
BLACK
6
CONTINUOUS
10
71.0194209999999941
20
-115.3283869999999922
11
70.9679380000000037
21
-115.4054379999999895
0
LINE
8
BLACK
6
CONTINUOUS
10
70.9679380000000037
20
-115.4054379999999895
11
70.8908869999999922
21
-115.4569209999999941
0
LINE
8
BLACK
6
CONTINUOUS
10
70.8908869999999922
20
-115.4569209999999941
11
70.7999999999999972
21
-115.4749999999999943
0
LINE
8
BLACK
6
CONTINUOUS
10
70.7999999999999972
20
-115.4749999999999943
11
70.2000000000000028
21
-115.4749999999999943
0
LINE
8
BLACK
6
CONTINUOUS
10
70.2000000000000028
20
-115.4749999999999943
11
70.1091129999999936
21
-115.4569209999999941
0
LINE
8
BLACK
6
CONTINUOUS
10
70.1091129999999936
20
-115.4569209999999941
11
70.0320619999999963
21
-115.4054379999999895
0
LINE
8
BLACK
6
CONTINUOUS
10
70.0320619999999963
20
-115.4054379999999895
11
69.9805789999999917
21
-115.3283869999999922
0
LINE
8
BLACK
6
CONTINUOUS
10
69.9805789999999917
20
-115.3283869999999922
11
69.9624999999999915
21
-115.2374999999999972
0
LINE
8
BLACK
6
CONTINUOUS
10
69.9624999999999915
20
-115.2374999999999972
11
69.9624999999999915
21
-114.7624999999999886
0
LINE
8
BLACK
6
CONTINUOUS
10
69.9624999999999915
20
-114.7624999999999886
11
69.9805789999999917
21
-114.6716129999999936
0
LINE
8
BLACK
6
CONTINUOUS
10
69.9805789999999917
20
-114.6716129999999936
11
70.0320619999999963
21
-114.5945619999999963
0
LINE
8
BLACK
6
CONTINUOUS
10
70.0320619999999963
20
-114.5945619999999963
11
70.1091129999999936
21
-114.5430789999999917
0
LINE
8
BLACK
6
CONTINUOUS
10
70.1091129999999936
20
-114.5430789999999917
11
70.2000000000000028
21
-114.5249999999999915
0
LINE
8
BLACK
6
CONTINUOUS
10
70.2000000000000028
20
-114.5249999999999915
11
70.7999999999999972
21
-114.5249999999999915
0
LINE
8
BLACK
6
CONTINUOUS
10
70.7999999999999972
20
-114.5249999999999915
11
70.8908869999999922
21
-114.5430789999999917
0
LINE
8
BLACK
6
CONTINUOUS
10
49.9699999999999989
20
-114.3999999999999915
11
49.1699999999999946
21
-114.3999999999999915
0
LINE
8
BLACK
6
CONTINUOUS
10
49.1699999999999946
20
-114.3999999999999915
11
49.1699999999999946
21
-113.3999999999999915
0
LINE
8
BLACK
6
CONTINUOUS
10
49.1699999999999946
20
-113.3999999999999915
11
49.9699999999999989
21
-113.3999999999999915
0
LINE
8
BLACK
6
CONTINUOUS
10
49.9699999999999989
20
-113.3999999999999915
11
49.9699999999999989
21
-114.3999999999999915
0
LINE
8
BLACK
6
CONTINUOUS
10
52.1799999999999997
20
-114.3999999999999915
11
51.3799999999999955
21
-114.3999999999999915
0
LINE
8
BLACK
6
CONTINUOUS
10
51.3799999999999955
20
-114.3999999999999915
11
51.3799999999999955
21
-113.3999999999999915
0
LINE
8
BLACK
6
CONTINUOUS
10
51.3799999999999955
20
-113.3999999999999915
11
52.1799999999999997
21
-113.3999999999999915
0
LINE
8
BLACK
6
CONTINUOUS
10
52.1799999999999997
20
-113.3999999999999915
11
52.1799999999999997
21
-114.3999999999999915
0
LINE
8
BLACK
6
CONTINUOUS
10
97.1749999999999972
20
-113.875
11
94.8249999999999886
21
-113.875
0
LINE
8
BLACK
6
CONTINUOUS
10
94.8249999999999886
20
-113.875
11
94.8249999999999886
21
-112.3249999999999886
0
LINE
8
BLACK
6
CONTINUOUS
10
94.8249999999999886
20
-112.3249999999999886
11
97.1749999999999972
21
-112.3249999999999886
0
LINE
8
BLACK
6
CONTINUOUS
10
97.1749999999999972
20
-112.3249999999999886
11
97.1749999999999972
21
-113.875
0
LINE
8
BLACK
6
CONTINUOUS
10
101.4749999999999943
20
-113.875
11
99.125
21
-113.875
0
LINE
8
BLACK
6
CONTINUOUS
10
99.125
20
-113.875
11
99.125
21
-112.3249999999999886
0
LINE
8
BLACK
6
CONTINUOUS
10
99.125
20
-112.3249999999999886
11
101.4749999999999943
21
-112.3249999999999886
0
LINE
8
BLACK
6
CONTINUOUS
10
101.4749999999999943
20
-112.3249999999999886
11
101.4749999999999943
21
-113.875
0
LINE
8
BLACK
6
CONTINUOUS
10
85.7805340000000029
20
-109.9031639999999896
11
85.8136250000000018
21
-109.9252749999999992
0
LINE
8
BLACK
6
CONTINUOUS
10
85.8136250000000018
20
-109.9252749999999992
11
85.8357359999999971
21
-109.9583659999999981
0
LINE
8
BLACK
6
CONTINUOUS
10
85.8357359999999971
20
-109.9583659999999981
11
85.8434999999999917
21
-109.997399999999999
0
LINE
8
BLACK
6
CONTINUOUS
10
85.8434999999999917
20
-109.997399999999999
11
85.8434999999999917
21
-113.502600000000001
0
LINE
8
BLACK
6
CONTINUOUS
10
85.8434999999999917
20
-113.502600000000001
11
85.8357359999999971
21
-113.5416340000000019
0
LINE
8
BLACK
6
CONTINUOUS
10
85.8357359999999971
20
-113.5416340000000019
11
85.8136250000000018
21
-113.5747250000000008
0
LINE
8
BLACK
6
CONTINUOUS
10
85.8136250000000018
20
-113.5747250000000008
11
85.7805340000000029
21
-113.5968359999999961
0
LINE
8
BLACK
6
CONTINUOUS
10
85.7805340000000029
20
-113.5968359999999961
11
85.741500000000002
21
-113.6045999999999907
0
LINE
8
BLACK
6
CONTINUOUS
10
85.741500000000002
20
-113.6045999999999907
11
83.4808999999999912
21
-113.6045999999999907
0
LINE
8
BLACK
6
CONTINUOUS
10
83.4808999999999912
20
-113.6045999999999907
11
83.4418659999999903
21
-113.5968359999999961
0
LINE
8
BLACK
6
CONTINUOUS
10
83.4418659999999903
20
-113.5968359999999961
11
83.4087749999999915
21
-113.5747250000000008
0
LINE
8
BLACK
6
CONTINUOUS
10
83.4087749999999915
20
-113.5747250000000008
11
83.3866639999999961
21
-113.5416340000000019
0
LINE
8
BLACK
6
CONTINUOUS
10
83.3866639999999961
20
-113.5416340000000019
11
83.3789000000000016
21
-113.502600000000001
0
LINE
8
BLACK
6
CONTINUOUS
10
83.3789000000000016
20
-113.502600000000001
11
83.3789000000000016
21
-109.997399999999999
0
LINE
8
BLACK
6
CONTINUOUS
10
83.3789000000000016
20
-109.997399999999999
11
83.3866639999999961
21
-109.9583659999999981
0
LINE
8
BLACK
6
CONTINUOUS
10
83.3866639999999961
20
-109.9583659999999981
11
83.4087749999999915
21
-109.9252749999999992
0
LINE
8
BLACK
6
CONTINUOUS
10
83.4087749999999915
20
-109.9252749999999992
11
83.4418659999999903
21
-109.9031639999999896
0
LINE
8
BLACK
6
CONTINUOUS
10
83.4418659999999903
20
-109.9031639999999896
11
83.4808999999999912
21
-109.8953999999999951
0
LINE
8
BLACK
6
CONTINUOUS
10
83.4808999999999912
20
-109.8953999999999951
11
85.741500000000002
21
-109.8953999999999951
0
LINE
8
BLACK
6
CONTINUOUS
10
85.741500000000002
20
-109.8953999999999951
11
85.7805340000000029
21
-109.9031639999999896
0
LINE
8
BLACK
6
CONTINUOUS
10
91.4193339999999921
20
-109.9031639999999896
11
91.452424999999991
21
-109.9252749999999992
0
LINE
8
BLACK
6
CONTINUOUS
10
91.452424999999991
20
-109.9252749999999992
11
91.4745360000000005
21
-109.9583659999999981
0
LINE
8
BLACK
6
CONTINUOUS
10
91.4745360000000005
20
-109.9583659999999981
11
91.4822999999999951
21
-109.997399999999999
0
LINE
8
BLACK
6
CONTINUOUS
10
91.4822999999999951
20
-109.997399999999999
11
91.4822999999999951
21
-113.502600000000001
0
LINE
8
BLACK
6
CONTINUOUS
10
91.4822999999999951
20
-113.502600000000001
11
91.4745360000000005
21
-113.5416340000000019
0
LINE
8
BLACK
6
CONTINUOUS
10
91.4745360000000005
20
-113.5416340000000019
11
91.452424999999991
21
-113.5747250000000008
0
LINE
8
BLACK
6
CONTINUOUS
10
91.452424999999991
20
-113.5747250000000008
11
91.4193339999999921
21
-113.5968359999999961
0
LINE
8
BLACK
6
CONTINUOUS
10
91.4193339999999921
20
-113.5968359999999961
11
91.3802999999999912
21
-113.6045999999999907
0
LINE
8
BLACK
6
CONTINUOUS
10
91.3802999999999912
20
-113.6045999999999907
11
89.1196999999999946
21
-113.6045999999999907
0
LINE
8
BLACK
6
CONTINUOUS
10
89.1196999999999946
20
-113.6045999999999907
11
89.0806659999999937
21
-113.5968359999999961
0
LINE
8
BLACK
6
CONTINUOUS
10
89.0806659999999937
20
-113.5968359999999961
11
89.0475749999999948
21
-113.5747250000000008
0
LINE
8
BLACK
6
CONTINUOUS
10
89.0475749999999948
20
-113.5747250000000008
11
89.0254639999999995
21
-113.5416340000000019
0
LINE
8
BLACK
6
CONTINUOUS
10
89.0254639999999995
20
-113.5416340000000019
11
89.0176999999999907
21
-113.502600000000001
0
LINE
8
BLACK
6
CONTINUOUS
10
89.0176999999999907
20
-113.502600000000001
11
89.0176999999999907
21
-109.997399999999999
0
LINE
8
BLACK
6
CONTINUOUS
10
89.0176999999999907
20
-109.997399999999999
11
89.0254639999999995
21
-109.9583659999999981
0
LINE
8
BLACK
6
CONTINUOUS
10
89.0254639999999995
20
-109.9583659999999981
11
89.0475749999999948
21
-109.9252749999999992
0
LINE
8
BLACK
6
CONTINUOUS
10
89.0475749999999948
20
-109.9252749999999992
11
89.0806659999999937
21
-109.9031639999999896
0
LINE
8
BLACK
6
CONTINUOUS
10
89.0806659999999937
20
-109.9031639999999896
11
89.1196999999999946
21
-109.8953999999999951
0
LINE
8
BLACK
6
CONTINUOUS
10
89.1196999999999946
20
-109.8953999999999951
11
91.3802999999999912
21
-109.8953999999999951
0
LINE
8
BLACK
6
CONTINUOUS
10
91.3802999999999912
20
-109.8953999999999951
11
91.4193339999999921
21
-109.9031639999999896
0
LINE
8
BLACK
6
CONTINUOUS
10
69.1658869999999979
20
-112.4430789999999973
11
69.2429379999999952
21
-112.4945620000000019
0
LINE
8
BLACK
6
CONTINUOUS
10
69.2429379999999952
20
-112.4945620000000019
11
69.2944209999999998
21
-112.5716129999999993
0
LINE
8
BLACK
6
CONTINUOUS
10
69.2944209999999998
20
-112.5716129999999993
11
69.3125
21
-112.6624999999999943
0
LINE
8
BLACK
6
CONTINUOUS
10
69.3125
20
-112.6624999999999943
11
69.3125
21
-113.1374999999999886
0
LINE
8
BLACK
6
CONTINUOUS
10
69.3125
20
-113.1374999999999886
11
69.2944209999999998
21
-113.2283869999999979
0
LINE
8
BLACK
6
CONTINUOUS
10
69.2944209999999998
20
-113.2283869999999979
11
69.2429379999999952
21
-113.3054379999999952
0
LINE
8
BLACK
6
CONTINUOUS
10
69.2429379999999952
20
-113.3054379999999952
11
69.1658869999999979
21
-113.3569209999999998
0
LINE
8
BLACK
6
CONTINUOUS
10
69.1658869999999979
20
-113.3569209999999998
11
69.0750000000000028
21
-113.375
0
LINE
8
BLACK
6
CONTINUOUS
10
69.0750000000000028
20
-113.375
11
68.4749999999999943
21
-113.375
0
LINE
8
BLACK
6
CONTINUOUS
10
68.4749999999999943
20
-113.375
11
68.3841129999999993
21
-113.3569209999999998
0
LINE
8
BLACK
6
CONTINUOUS
10
68.3841129999999993
20
-113.3569209999999998
11
68.3070620000000019
21
-113.3054379999999952
0
LINE
8
BLACK
6
CONTINUOUS
10
68.3070620000000019
20
-113.3054379999999952
11
68.2555789999999973
21
-113.2283869999999979
0
LINE
8
BLACK
6
CONTINUOUS
10
68.2555789999999973
20
-113.2283869999999979
11
68.2374999999999972
21
-113.1374999999999886
0
LINE
8
BLACK
6
CONTINUOUS
10
68.2374999999999972
20
-113.1374999999999886
11
68.2374999999999972
21
-112.6624999999999943
0
LINE
8
BLACK
6
CONTINUOUS
10
68.2374999999999972
20
-112.6624999999999943
11
68.2555789999999973
21
-112.5716129999999993
0
LINE
8
BLACK
6
CONTINUOUS
10
68.2555789999999973
20
-112.5716129999999993
11
68.3070620000000019
21
-112.4945620000000019
0
LINE
8
BLACK
6
CONTINUOUS
10
68.3070620000000019
20
-112.4945620000000019
11
68.3841129999999993
21
-112.4430789999999973
0
LINE
8
BLACK
6
CONTINUOUS
10
68.3841129999999993
20
-112.4430789999999973
11
68.4749999999999943
21
-112.4249999999999972
0
LINE
8
BLACK
6
CONTINUOUS
10
68.4749999999999943
20
-112.4249999999999972
11
69.0750000000000028
21
-112.4249999999999972
0
LINE
8
BLACK
6
CONTINUOUS
10
69.0750000000000028
20
-112.4249999999999972
11
69.1658869999999979
21
-112.4430789999999973
0
LINE
8
BLACK
6
CONTINUOUS
10
70.8908869999999922
20
-112.4430789999999973
11
70.9679380000000037
21
-112.4945620000000019
0
LINE
8
BLACK
6
CONTINUOUS
10
70.9679380000000037
20
-112.4945620000000019
11
71.0194209999999941
21
-112.5716129999999993
0
LINE
8
BLACK
6
CONTINUOUS
10
71.0194209999999941
20
-112.5716129999999993
11
71.0374999999999943
21
-112.6624999999999943
0
LINE
8
BLACK
6
CONTINUOUS
10
71.0374999999999943
20
-112.6624999999999943
11
71.0374999999999943
21
-113.1374999999999886
0
LINE
8
BLACK
6
CONTINUOUS
10
71.0374999999999943
20
-113.1374999999999886
11
71.0194209999999941
21
-113.2283869999999979
0
LINE
8
BLACK
6
CONTINUOUS
10
71.0194209999999941
20
-113.2283869999999979
11
70.9679380000000037
21
-113.3054379999999952
0
LINE
8
BLACK
6
CONTINUOUS
10
70.9679380000000037
20
-113.3054379999999952
11
70.8908869999999922
21
-113.3569209999999998
0
LINE
8
BLACK
6
CONTINUOUS
10
70.8908869999999922
20
-113.3569209999999998
11
70.7999999999999972
21
-113.375
0
LINE
8
BLACK
6
CONTINUOUS
10
70.7999999999999972
20
-113.375
11
70.2000000000000028
21
-113.375
0
LINE
8
BLACK
6
CONTINUOUS
10
70.2000000000000028
20
-113.375
11
70.1091129999999936
21
-113.3569209999999998
0
LINE
8
BLACK
6
CONTINUOUS
10
70.1091129999999936
20
-113.3569209999999998
11
70.0320619999999963
21
-113.3054379999999952
0
LINE
8
BLACK
6
CONTINUOUS
10
70.0320619999999963
20
-113.3054379999999952
11
69.9805789999999917
21
-113.2283869999999979
0
LINE
8
BLACK
6
CONTINUOUS
10
69.9805789999999917
20
-113.2283869999999979
11
69.9624999999999915
21
-113.1374999999999886
0
LINE
8
BLACK
6
CONTINUOUS
10
69.9624999999999915
20
-113.1374999999999886
11
69.9624999999999915
21
-112.6624999999999943
0
LINE
8
BLACK
6
CONTINUOUS
10
69.9624999999999915
20
-112.6624999999999943
11
69.9805789999999917
21
-112.5716129999999993
0
LINE
8
BLACK
6
CONTINUOUS
10
69.9805789999999917
20
-112.5716129999999993
11
70.0320619999999963
21
-112.4945620000000019
0
LINE
8
BLACK
6
CONTINUOUS
10
70.0320619999999963
20
-112.4945620000000019
11
70.1091129999999936
21
-112.4430789999999973
0
LINE
8
BLACK
6
CONTINUOUS
10
70.1091129999999936
20
-112.4430789999999973
11
70.2000000000000028
21
-112.4249999999999972
0
LINE
8
BLACK
6
CONTINUOUS
10
70.2000000000000028
20
-112.4249999999999972
11
70.7999999999999972
21
-112.4249999999999972
0
LINE
8
BLACK
6
CONTINUOUS
10
70.7999999999999972
20
-112.4249999999999972
11
70.8908869999999922
21
-112.4430789999999973
0
LINE
8
BLACK
6
CONTINUOUS
10
53.1799999999999997
20
-112.8499999999999943
11
51.6799999999999997
21
-112.8499999999999943
0
LINE
8
BLACK
6
CONTINUOUS
10
51.6799999999999997
20
-112.8499999999999943
11
51.6799999999999997
21
-112.1499999999999915
0
LINE
8
BLACK
6
CONTINUOUS
10
51.6799999999999997
20
-112.1499999999999915
11
53.1799999999999997
21
-112.1499999999999915
0
LINE
8
BLACK
6
CONTINUOUS
10
53.1799999999999997
20
-112.1499999999999915
11
53.1799999999999997
21
-112.8499999999999943
0
LINE
8
BLACK
6
CONTINUOUS
10
60.3283869999999993
20
-111.3430789999999888
11
60.4054379999999966
21
-111.3945619999999934
0
LINE
8
BLACK
6
CONTINUOUS
10
60.4054379999999966
20
-111.3945619999999934
11
60.4569209999999941
21
-111.4716129999999907
0
LINE
8
BLACK
6
CONTINUOUS
10
60.4569209999999941
20
-111.4716129999999907
11
60.4749999999999943
21
-111.5625
0
LINE
8
BLACK
6
CONTINUOUS
10
60.4749999999999943
20
-111.5625
11
60.4749999999999943
21
-112.1624999999999943
0
LINE
8
BLACK
6
CONTINUOUS
10
60.4749999999999943
20
-112.1624999999999943
11
60.4569209999999941
21
-112.2533869999999894
0
LINE
8
BLACK
6
CONTINUOUS
10
60.4569209999999941
20
-112.2533869999999894
11
60.4054379999999966
21
-112.3304380000000009
0
LINE
8
BLACK
6
CONTINUOUS
10
60.4054379999999966
20
-112.3304380000000009
11
60.3283869999999993
21
-112.3819209999999913
0
LINE
8
BLACK
6
CONTINUOUS
10
60.3283869999999993
20
-112.3819209999999913
11
60.2374999999999972
21
-112.3999999999999915
0
LINE
8
BLACK
6
CONTINUOUS
10
60.2374999999999972
20
-112.3999999999999915
11
59.7624999999999957
21
-112.3999999999999915
0
LINE
8
BLACK
6
CONTINUOUS
10
59.7624999999999957
20
-112.3999999999999915
11
59.6716130000000007
21
-112.3819209999999913
0
LINE
8
BLACK
6
CONTINUOUS
10
59.6716130000000007
20
-112.3819209999999913
11
59.5945619999999963
21
-112.3304380000000009
0
LINE
8
BLACK
6
CONTINUOUS
10
59.5945619999999963
20
-112.3304380000000009
11
59.5430789999999988
21
-112.2533869999999894
0
LINE
8
BLACK
6
CONTINUOUS
10
59.5430789999999988
20
-112.2533869999999894
11
59.5249999999999986
21
-112.1624999999999943
0
LINE
8
BLACK
6
CONTINUOUS
10
59.5249999999999986
20
-112.1624999999999943
11
59.5249999999999986
21
-111.5625
0
LINE
8
BLACK
6
CONTINUOUS
10
59.5249999999999986
20
-111.5625
11
59.5430789999999988
21
-111.4716129999999907
0
LINE
8
BLACK
6
CONTINUOUS
10
59.5430789999999988
20
-111.4716129999999907
11
59.5945619999999963
21
-111.3945619999999934
0
LINE
8
BLACK
6
CONTINUOUS
10
59.5945619999999963
20
-111.3945619999999934
11
59.6716130000000007
21
-111.3430789999999888
0
LINE
8
BLACK
6
CONTINUOUS
10
59.6716130000000007
20
-111.3430789999999888
11
59.7624999999999957
21
-111.3249999999999886
0
LINE
8
BLACK
6
CONTINUOUS
10
59.7624999999999957
20
-111.3249999999999886
11
60.2374999999999972
21
-111.3249999999999886
0
LINE
8
BLACK
6
CONTINUOUS
10
60.2374999999999972
20
-111.3249999999999886
11
60.3283869999999993
21
-111.3430789999999888
0
LINE
8
BLACK
6
CONTINUOUS
10
62.0783869999999993
20
-111.3430789999999888
11
62.1554379999999966
21
-111.3945619999999934
0
LINE
8
BLACK
6
CONTINUOUS
10
62.1554379999999966
20
-111.3945619999999934
11
62.2069209999999941
21
-111.4716129999999907
0
LINE
8
BLACK
6
CONTINUOUS
10
62.2069209999999941
20
-111.4716129999999907
11
62.2249999999999943
21
-111.5625
0
LINE
8
BLACK
6
CONTINUOUS
10
62.2249999999999943
20
-111.5625
11
62.2249999999999943
21
-112.1624999999999943
0
LINE
8
BLACK
6
CONTINUOUS
10
62.2249999999999943
20
-112.1624999999999943
11
62.2069209999999941
21
-112.2533869999999894
0
LINE
8
BLACK
6
CONTINUOUS
10
62.2069209999999941
20
-112.2533869999999894
11
62.1554379999999966
21
-112.3304380000000009
0
LINE
8
BLACK
6
CONTINUOUS
10
62.1554379999999966
20
-112.3304380000000009
11
62.0783869999999993
21
-112.3819209999999913
0
LINE
8
BLACK
6
CONTINUOUS
10
62.0783869999999993
20
-112.3819209999999913
11
61.9874999999999972
21
-112.3999999999999915
0
LINE
8
BLACK
6
CONTINUOUS
10
61.9874999999999972
20
-112.3999999999999915
11
61.5124999999999957
21
-112.3999999999999915
0
LINE
8
BLACK
6
CONTINUOUS
10
61.5124999999999957
20
-112.3999999999999915
11
61.4216130000000007
21
-112.3819209999999913
0
LINE
8
BLACK
6
CONTINUOUS
10
61.4216130000000007
20
-112.3819209999999913
11
61.3445619999999963
21
-112.3304380000000009
0
LINE
8
BLACK
6
CONTINUOUS
10
61.3445619999999963
20
-112.3304380000000009
11
61.2930789999999988
21
-112.2533869999999894
0
LINE
8
BLACK
6
CONTINUOUS
10
61.2930789999999988
20
-112.2533869999999894
11
61.2749999999999986
21
-112.1624999999999943
0
LINE
8
BLACK
6
CONTINUOUS
10
61.2749999999999986
20
-112.1624999999999943
11
61.2749999999999986
21
-111.5625
0
LINE
8
BLACK
6
CONTINUOUS
10
61.2749999999999986
20
-111.5625
11
61.2930789999999988
21
-111.4716129999999907
0
LINE
8
BLACK
6
CONTINUOUS
10
61.2930789999999988
20
-111.4716129999999907
11
61.3445619999999963
21
-111.3945619999999934
0
LINE
8
BLACK
6
CONTINUOUS
10
61.3445619999999963
20
-111.3945619999999934
11
61.4216130000000007
21
-111.3430789999999888
0
LINE
8
BLACK
6
CONTINUOUS
10
61.4216130000000007
20
-111.3430789999999888
11
61.5124999999999957
21
-111.3249999999999886
0
LINE
8
BLACK
6
CONTINUOUS
10
61.5124999999999957
20
-111.3249999999999886
11
61.9874999999999972
21
-111.3249999999999886
0
LINE
8
BLACK
6
CONTINUOUS
10
61.9874999999999972
20
-111.3249999999999886
11
62.0783869999999993
21
-111.3430789999999888
0
LINE
8
BLACK
6
CONTINUOUS
10
104.0283869999999951
20
-111.2930789999999917
11
104.1054379999999924
21
-111.3445619999999963
0
LINE
8
BLACK
6
CONTINUOUS
10
104.1054379999999924
20
-111.3445619999999963
11
104.156920999999997
21
-111.4216129999999936
0
LINE
8
BLACK
6
CONTINUOUS
10
104.156920999999997
20
-111.4216129999999936
11
104.1749999999999972
21
-111.5124999999999886
0
LINE
8
BLACK
6
CONTINUOUS
10
104.1749999999999972
20
-111.5124999999999886
11
104.1749999999999972
21
-111.9874999999999972
0
LINE
8
BLACK
6
CONTINUOUS
10
104.1749999999999972
20
-111.9874999999999972
11
104.156920999999997
21
-112.0783869999999922
0
LINE
8
BLACK
6
CONTINUOUS
10
104.156920999999997
20
-112.0783869999999922
11
104.1054379999999924
21
-112.1554379999999895
0
LINE
8
BLACK
6
CONTINUOUS
10
104.1054379999999924
20
-112.1554379999999895
11
104.0283869999999951
21
-112.2069209999999941
0
LINE
8
BLACK
6
CONTINUOUS
10
104.0283869999999951
20
-112.2069209999999941
11
103.9375
21
-112.2249999999999943
0
LINE
8
BLACK
6
CONTINUOUS
10
103.9375
20
-112.2249999999999943
11
103.3374999999999915
21
-112.2249999999999943
0
LINE
8
BLACK
6
CONTINUOUS
10
103.3374999999999915
20
-112.2249999999999943
11
103.2466129999999964
21
-112.2069209999999941
0
LINE
8
BLACK
6
CONTINUOUS
10
103.2466129999999964
20
-112.2069209999999941
11
103.1695619999999991
21
-112.1554379999999895
0
LINE
8
BLACK
6
CONTINUOUS
10
103.1695619999999991
20
-112.1554379999999895
11
103.1180789999999945
21
-112.0783869999999922
0
LINE
8
BLACK
6
CONTINUOUS
10
103.1180789999999945
20
-112.0783869999999922
11
103.0999999999999943
21
-111.9874999999999972
0
LINE
8
BLACK
6
CONTINUOUS
10
103.0999999999999943
20
-111.9874999999999972
11
103.0999999999999943
21
-111.5124999999999886
0
LINE
8
BLACK
6
CONTINUOUS
10
103.0999999999999943
20
-111.5124999999999886
11
103.1180789999999945
21
-111.4216129999999936
0
LINE
8
BLACK
6
CONTINUOUS
10
103.1180789999999945
20
-111.4216129999999936
11
103.1695619999999991
21
-111.3445619999999963
0
LINE
8
BLACK
6
CONTINUOUS
10
103.1695619999999991
20
-111.3445619999999963
11
103.2466129999999964
21
-111.2930789999999917
0
LINE
8
BLACK
6
CONTINUOUS
10
103.2466129999999964
20
-111.2930789999999917
11
103.3374999999999915
21
-111.2749999999999915
0
LINE
8
BLACK
6
CONTINUOUS
10
103.3374999999999915
20
-111.2749999999999915
11
103.9375
21
-111.2749999999999915
0
LINE
8
BLACK
6
CONTINUOUS
10
103.9375
20
-111.2749999999999915
11
104.0283869999999951
21
-111.2930789999999917
0
LINE
8
BLACK
6
CONTINUOUS
10
105.7533869999999894
20
-111.2930789999999917
11
105.8304380000000009
21
-111.3445619999999963
0
LINE
8
BLACK
6
CONTINUOUS
10
105.8304380000000009
20
-111.3445619999999963
11
105.8819209999999913
21
-111.4216129999999936
0
LINE
8
BLACK
6
CONTINUOUS
10
105.8819209999999913
20
-111.4216129999999936
11
105.8999999999999915
21
-111.5124999999999886
0
LINE
8
BLACK
6
CONTINUOUS
10
105.8999999999999915
20
-111.5124999999999886
11
105.8999999999999915
21
-111.9874999999999972
0
LINE
8
BLACK
6
CONTINUOUS
10
105.8999999999999915
20
-111.9874999999999972
11
105.8819209999999913
21
-112.0783869999999922
0
LINE
8
BLACK
6
CONTINUOUS
10
105.8819209999999913
20
-112.0783869999999922
11
105.8304380000000009
21
-112.1554379999999895
0
LINE
8
BLACK
6
CONTINUOUS
10
105.8304380000000009
20
-112.1554379999999895
11
105.7533869999999894
21
-112.2069209999999941
0
LINE
8
BLACK
6
CONTINUOUS
10
105.7533869999999894
20
-112.2069209999999941
11
105.6624999999999943
21
-112.2249999999999943
0
LINE
8
BLACK
6
CONTINUOUS
10
105.6624999999999943
20
-112.2249999999999943
11
105.0625
21
-112.2249999999999943
0
LINE
8
BLACK
6
CONTINUOUS
10
105.0625
20
-112.2249999999999943
11
104.9716129999999907
21
-112.2069209999999941
0
LINE
8
BLACK
6
CONTINUOUS
10
104.9716129999999907
20
-112.2069209999999941
11
104.8945619999999934
21
-112.1554379999999895
0
LINE
8
BLACK
6
CONTINUOUS
10
104.8945619999999934
20
-112.1554379999999895
11
104.8430789999999888
21
-112.0783869999999922
0
LINE
8
BLACK
6
CONTINUOUS
10
104.8430789999999888
20
-112.0783869999999922
11
104.8249999999999886
21
-111.9874999999999972
0
LINE
8
BLACK
6
CONTINUOUS
10
104.8249999999999886
20
-111.9874999999999972
11
104.8249999999999886
21
-111.5124999999999886
0
LINE
8
BLACK
6
CONTINUOUS
10
104.8249999999999886
20
-111.5124999999999886
11
104.8430789999999888
21
-111.4216129999999936
0
LINE
8
BLACK
6
CONTINUOUS
10
104.8430789999999888
20
-111.4216129999999936
11
104.8945619999999934
21
-111.3445619999999963
0
LINE
8
BLACK
6
CONTINUOUS
10
104.8945619999999934
20
-111.3445619999999963
11
104.9716129999999907
21
-111.2930789999999917
0
LINE
8
BLACK
6
CONTINUOUS
10
104.9716129999999907
20
-111.2930789999999917
11
105.0625
21
-111.2749999999999915
0
LINE
8
BLACK
6
CONTINUOUS
10
105.0625
20
-111.2749999999999915
11
105.6624999999999943
21
-111.2749999999999915
0
LINE
8
BLACK
6
CONTINUOUS
10
105.6624999999999943
20
-111.2749999999999915
11
105.7533869999999894
21
-111.2930789999999917
0
LINE
8
BLACK
6
CONTINUOUS
10
50.8422079999999994
20
-111.3342540000000014
11
50.9439429999999973
21
-111.392990999999995
0
LINE
8
BLACK
6
CONTINUOUS
10
50.9439429999999973
20
-111.392990999999995
11
51.0270089999999996
21
-111.4760569999999973
0
LINE
8
BLACK
6
CONTINUOUS
10
51.0270089999999996
20
-111.4760569999999973
11
51.0857460000000003
21
-111.5777919999999881
0
LINE
8
BLACK
6
CONTINUOUS
10
51.0857460000000003
20
-111.5777919999999881
11
51.1161499999999975
21
-111.6912629999999922
0
LINE
8
BLACK
6
CONTINUOUS
10
51.1161499999999975
20
-111.6912629999999922
11
51.1161499999999975
21
-111.8087369999999936
0
LINE
8
BLACK
6
CONTINUOUS
10
51.1161499999999975
20
-111.8087369999999936
11
51.0857460000000003
21
-111.9222079999999977
0
LINE
8
BLACK
6
CONTINUOUS
10
51.0857460000000003
20
-111.9222079999999977
11
51.0270089999999996
21
-112.0239429999999885
0
LINE
8
BLACK
6
CONTINUOUS
10
51.0270089999999996
20
-112.0239429999999885
11
50.9439429999999973
21
-112.1070089999999908
0
LINE
8
BLACK
6
CONTINUOUS
10
50.9439429999999973
20
-112.1070089999999908
11
50.8422079999999994
21
-112.1657459999999986
0
LINE
8
BLACK
6
CONTINUOUS
10
50.8422079999999994
20
-112.1657459999999986
11
50.7287369999999953
21
-112.1961499999999887
0
LINE
8
BLACK
6
CONTINUOUS
10
50.7287369999999953
20
-112.1961499999999887
11
50.611263000000001
21
-112.1961499999999887
0
LINE
8
BLACK
6
CONTINUOUS
10
50.611263000000001
20
-112.1961499999999887
11
50.4977919999999969
21
-112.1657459999999986
0
LINE
8
BLACK
6
CONTINUOUS
10
50.4977919999999969
20
-112.1657459999999986
11
50.396056999999999
21
-112.1070089999999908
0
LINE
8
BLACK
6
CONTINUOUS
10
50.396056999999999
20
-112.1070089999999908
11
50.3129909999999967
21
-112.0239429999999885
0
LINE
8
BLACK
6
CONTINUOUS
10
50.3129909999999967
20
-112.0239429999999885
11
50.254253999999996
21
-111.9222079999999977
0
LINE
8
BLACK
6
CONTINUOUS
10
50.254253999999996
20
-111.9222079999999977
11
50.2238499999999988
21
-111.8087369999999936
0
LINE
8
BLACK
6
CONTINUOUS
10
50.2238499999999988
20
-111.8087369999999936
11
50.2238499999999988
21
-111.6912629999999922
0
LINE
8
BLACK
6
CONTINUOUS
10
50.2238499999999988
20
-111.6912629999999922
11
50.254253999999996
21
-111.5777919999999881
0
LINE
8
BLACK
6
CONTINUOUS
10
50.254253999999996
20
-111.5777919999999881
11
50.3129909999999967
21
-111.4760569999999973
0
LINE
8
BLACK
6
CONTINUOUS
10
50.3129909999999967
20
-111.4760569999999973
11
50.396056999999999
21
-111.392990999999995
0
LINE
8
BLACK
6
CONTINUOUS
10
50.396056999999999
20
-111.392990999999995
11
50.4977919999999969
21
-111.3342540000000014
0
LINE
8
BLACK
6
CONTINUOUS
10
50.4977919999999969
20
-111.3342540000000014
11
50.611263000000001
21
-111.3038499999999971
0
LINE
8
BLACK
6
CONTINUOUS
10
50.611263000000001
20
-111.3038499999999971
11
50.7287369999999953
21
-111.3038499999999971
0
LINE
8
BLACK
6
CONTINUOUS
10
50.7287369999999953
20
-111.3038499999999971
11
50.8422079999999994
21
-111.3342540000000014
0
LINE
8
BLACK
6
CONTINUOUS
10
70.9283870000000007
20
-110.5430789999999917
11
71.0054379999999981
21
-110.5945619999999963
0
LINE
8
BLACK
6
CONTINUOUS
10
71.0054379999999981
20
-110.5945619999999963
11
71.0569210000000027
21
-110.6716129999999936
0
LINE
8
BLACK
6
CONTINUOUS
10
71.0569210000000027
20
-110.6716129999999936
11
71.0750000000000028
21
-110.7624999999999886
0
LINE
8
BLACK
6
CONTINUOUS
10
71.0750000000000028
20
-110.7624999999999886
11
71.0750000000000028
21
-111.2374999999999972
0
LINE
8
BLACK
6
CONTINUOUS
10
71.0750000000000028
20
-111.2374999999999972
11
71.0569210000000027
21
-111.3283869999999922
0
LINE
8
BLACK
6
CONTINUOUS
10
71.0569210000000027
20
-111.3283869999999922
11
71.0054379999999981
21
-111.4054379999999895
0
LINE
8
BLACK
6
CONTINUOUS
10
71.0054379999999981
20
-111.4054379999999895
11
70.9283870000000007
21
-111.4569209999999941
0
LINE
8
BLACK
6
CONTINUOUS
10
70.9283870000000007
20
-111.4569209999999941
11
70.8374999999999915
21
-111.4749999999999943
0
LINE
8
BLACK
6
CONTINUOUS
10
70.8374999999999915
20
-111.4749999999999943
11
70.2374999999999972
21
-111.4749999999999943
0
LINE
8
BLACK
6
CONTINUOUS
10
70.2374999999999972
20
-111.4749999999999943
11
70.1466130000000021
21
-111.4569209999999941
0
LINE
8
BLACK
6
CONTINUOUS
10
70.1466130000000021
20
-111.4569209999999941
11
70.0695619999999906
21
-111.4054379999999895
0
LINE
8
BLACK
6
CONTINUOUS
10
70.0695619999999906
20
-111.4054379999999895
11
70.0180790000000002
21
-111.3283869999999922
0
LINE
8
BLACK
6
CONTINUOUS
10
70.0180790000000002
20
-111.3283869999999922
11
70.
21
-111.2374999999999972
0
LINE
8
BLACK
6
CONTINUOUS
10
70.
20
-111.2374999999999972
11
70.
21
-110.7624999999999886
0
LINE
8
BLACK
6
CONTINUOUS
10
70.
20
-110.7624999999999886
11
70.0180790000000002
21
-110.6716129999999936
0
LINE
8
BLACK
6
CONTINUOUS
10
70.0180790000000002
20
-110.6716129999999936
11
70.0695619999999906
21
-110.5945619999999963
0
LINE
8
BLACK
6
CONTINUOUS
10
70.0695619999999906
20
-110.5945619999999963
11
70.1466130000000021
21
-110.5430789999999917
0
LINE
8
BLACK
6
CONTINUOUS
10
70.1466130000000021
20
-110.5430789999999917
11
70.2374999999999972
21
-110.5249999999999915
0
LINE
8
BLACK
6
CONTINUOUS
10
70.2374999999999972
20
-110.5249999999999915
11
70.8374999999999915
21
-110.5249999999999915
0
LINE
8
BLACK
6
CONTINUOUS
10
70.8374999999999915
20
-110.5249999999999915
11
70.9283870000000007
21
-110.5430789999999917
0
LINE
8
BLACK
6
CONTINUOUS
10
72.6533869999999951
20
-110.5430789999999917
11
72.7304379999999924
21
-110.5945619999999963
0
LINE
8
BLACK
6
CONTINUOUS
10
72.7304379999999924
20
-110.5945619999999963
11
72.781920999999997
21
-110.6716129999999936
0
LINE
8
BLACK
6
CONTINUOUS
10
72.781920999999997
20
-110.6716129999999936
11
72.7999999999999972
21
-110.7624999999999886
0
LINE
8
BLACK
6
CONTINUOUS
10
72.7999999999999972
20
-110.7624999999999886
11
72.7999999999999972
21
-111.2374999999999972
0
LINE
8
BLACK
6
CONTINUOUS
10
72.7999999999999972
20
-111.2374999999999972
11
72.781920999999997
21
-111.3283869999999922
0
LINE
8
BLACK
6
CONTINUOUS
10
72.781920999999997
20
-111.3283869999999922
11
72.7304379999999924
21
-111.4054379999999895
0
LINE
8
BLACK
6
CONTINUOUS
10
72.7304379999999924
20
-111.4054379999999895
11
72.6533869999999951
21
-111.4569209999999941
0
LINE
8
BLACK
6
CONTINUOUS
10
72.6533869999999951
20
-111.4569209999999941
11
72.5625
21
-111.4749999999999943
0
LINE
8
BLACK
6
CONTINUOUS
10
72.5625
20
-111.4749999999999943
11
71.9624999999999915
21
-111.4749999999999943
0
LINE
8
BLACK
6
CONTINUOUS
10
71.9624999999999915
20
-111.4749999999999943
11
71.8716129999999964
21
-111.4569209999999941
0
LINE
8
BLACK
6
CONTINUOUS
10
71.8716129999999964
20
-111.4569209999999941
11
71.7945619999999991
21
-111.4054379999999895
0
LINE
8
BLACK
6
CONTINUOUS
10
71.7945619999999991
20
-111.4054379999999895
11
71.7430789999999945
21
-111.3283869999999922
0
LINE
8
BLACK
6
CONTINUOUS
10
71.7430789999999945
20
-111.3283869999999922
11
71.7249999999999943
21
-111.2374999999999972
0
LINE
8
BLACK
6
CONTINUOUS
10
71.7249999999999943
20
-111.2374999999999972
11
71.7249999999999943
21
-110.7624999999999886
0
LINE
8
BLACK
6
CONTINUOUS
10
71.7249999999999943
20
-110.7624999999999886
11
71.7430789999999945
21
-110.6716129999999936
0
LINE
8
BLACK
6
CONTINUOUS
10
71.7430789999999945
20
-110.6716129999999936
11
71.7945619999999991
21
-110.5945619999999963
0
LINE
8
BLACK
6
CONTINUOUS
10
71.7945619999999991
20
-110.5945619999999963
11
71.8716129999999964
21
-110.5430789999999917
0
LINE
8
BLACK
6
CONTINUOUS
10
71.8716129999999964
20
-110.5430789999999917
11
71.9624999999999915
21
-110.5249999999999915
0
LINE
8
BLACK
6
CONTINUOUS
10
71.9624999999999915
20
-110.5249999999999915
11
72.5625
21
-110.5249999999999915
0
LINE
8
BLACK
6
CONTINUOUS
10
72.5625
20
-110.5249999999999915
11
72.6533869999999951
21
-110.5430789999999917
0
LINE
8
BLACK
6
CONTINUOUS
10
54.8283869999999993
20
-110.4430789999999973
11
54.9054379999999966
21
-110.4945620000000019
0
LINE
8
BLACK
6
CONTINUOUS
10
54.9054379999999966
20
-110.4945620000000019
11
54.9569209999999941
21
-110.5716129999999993
0
LINE
8
BLACK
6
CONTINUOUS
10
54.9569209999999941
20
-110.5716129999999993
11
54.9749999999999943
21
-110.6624999999999943
0
LINE
8
BLACK
6
CONTINUOUS
10
54.9749999999999943
20
-110.6624999999999943
11
54.9749999999999943
21
-111.1624999999999943
0
LINE
8
BLACK
6
CONTINUOUS
10
54.9749999999999943
20
-111.1624999999999943
11
54.9569209999999941
21
-111.2533869999999894
0
LINE
8
BLACK
6
CONTINUOUS
10
54.9569209999999941
20
-111.2533869999999894
11
54.9054379999999966
21
-111.3304380000000009
0
LINE
8
BLACK
6
CONTINUOUS
10
54.9054379999999966
20
-111.3304380000000009
11
54.8283869999999993
21
-111.3819209999999913
0
LINE
8
BLACK
6
CONTINUOUS
10
54.8283869999999993
20
-111.3819209999999913
11
54.7374999999999972
21
-111.3999999999999915
0
LINE
8
BLACK
6
CONTINUOUS
10
54.7374999999999972
20
-111.3999999999999915
11
54.2624999999999957
21
-111.3999999999999915
0
LINE
8
BLACK
6
CONTINUOUS
10
54.2624999999999957
20
-111.3999999999999915
11
54.1716130000000007
21
-111.3819209999999913
0
LINE
8
BLACK
6
CONTINUOUS
10
54.1716130000000007
20
-111.3819209999999913
11
54.0945619999999963
21
-111.3304380000000009
0
LINE
8
BLACK
6
CONTINUOUS
10
54.0945619999999963
20
-111.3304380000000009
11
54.0430789999999988
21
-111.2533869999999894
0
LINE
8
BLACK
6
CONTINUOUS
10
54.0430789999999988
20
-111.2533869999999894
11
54.0249999999999986
21
-111.1624999999999943
0
LINE
8
BLACK
6
CONTINUOUS
10
54.0249999999999986
20
-111.1624999999999943
11
54.0249999999999986
21
-110.6624999999999943
0
LINE
8
BLACK
6
CONTINUOUS
10
54.0249999999999986
20
-110.6624999999999943
11
54.0430789999999988
21
-110.5716129999999993
0
LINE
8
BLACK
6
CONTINUOUS
10
54.0430789999999988
20
-110.5716129999999993
11
54.0945619999999963
21
-110.4945620000000019
0
LINE
8
BLACK
6
CONTINUOUS
10
54.0945619999999963
20
-110.4945620000000019
11
54.1716130000000007
21
-110.4430789999999973
0
LINE
8
BLACK
6
CONTINUOUS
10
54.1716130000000007
20
-110.4430789999999973
11
54.2624999999999957
21
-110.4249999999999972
0
LINE
8
BLACK
6
CONTINUOUS
10
54.2624999999999957
20
-110.4249999999999972
11
54.7374999999999972
21
-110.4249999999999972
0
LINE
8
BLACK
6
CONTINUOUS
10
54.7374999999999972
20
-110.4249999999999972
11
54.8283869999999993
21
-110.4430789999999973
0
LINE
8
BLACK
6
CONTINUOUS
10
53.1799999999999997
20
-111.3499999999999943
11
51.6799999999999997
21
-111.3499999999999943
0
LINE
8
BLACK
6
CONTINUOUS
10
51.6799999999999997
20
-111.3499999999999943
11
51.6799999999999997
21
-110.6499999999999915
0
LINE
8
BLACK
6
CONTINUOUS
10
51.6799999999999997
20
-110.6499999999999915
11
53.1799999999999997
21
-110.6499999999999915
0
LINE
8
BLACK
6
CONTINUOUS
10
53.1799999999999997
20
-110.6499999999999915
11
53.1799999999999997
21
-111.3499999999999943
0
LINE
8
BLACK
6
CONTINUOUS
10
60.3283869999999993
20
-109.6180789999999945
11
60.4054379999999966
21
-109.6695619999999991
0
LINE
8
BLACK
6
CONTINUOUS
10
60.4054379999999966
20
-109.6695619999999991
11
60.4569209999999941
21
-109.7466129999999964
0
LINE
8
BLACK
6
CONTINUOUS
10
60.4569209999999941
20
-109.7466129999999964
11
60.4749999999999943
21
-109.8374999999999915
0
LINE
8
BLACK
6
CONTINUOUS
10
60.4749999999999943
20
-109.8374999999999915
11
60.4749999999999943
21
-110.4375
0
LINE
8
BLACK
6
CONTINUOUS
10
60.4749999999999943
20
-110.4375
11
60.4569209999999941
21
-110.5283869999999951
0
LINE
8
BLACK
6
CONTINUOUS
10
60.4569209999999941
20
-110.5283869999999951
11
60.4054379999999966
21
-110.6054379999999924
0
LINE
8
BLACK
6
CONTINUOUS
10
60.4054379999999966
20
-110.6054379999999924
11
60.3283869999999993
21
-110.656920999999997
0
LINE
8
BLACK
6
CONTINUOUS
10
60.3283869999999993
20
-110.656920999999997
11
60.2374999999999972
21
-110.6749999999999972
0
LINE
8
BLACK
6
CONTINUOUS
10
60.2374999999999972
20
-110.6749999999999972
11
59.7624999999999957
21
-110.6749999999999972
0
LINE
8
BLACK
6
CONTINUOUS
10
59.7624999999999957
20
-110.6749999999999972
11
59.6716130000000007
21
-110.656920999999997
0
LINE
8
BLACK
6
CONTINUOUS
10
59.6716130000000007
20
-110.656920999999997
11
59.5945619999999963
21
-110.6054379999999924
0
LINE
8
BLACK
6
CONTINUOUS
10
59.5945619999999963
20
-110.6054379999999924
11
59.5430789999999988
21
-110.5283869999999951
0
LINE
8
BLACK
6
CONTINUOUS
10
59.5430789999999988
20
-110.5283869999999951
11
59.5249999999999986
21
-110.4375
0
LINE
8
BLACK
6
CONTINUOUS
10
59.5249999999999986
20
-110.4375
11
59.5249999999999986
21
-109.8374999999999915
0
LINE
8
BLACK
6
CONTINUOUS
10
59.5249999999999986
20
-109.8374999999999915
11
59.5430789999999988
21
-109.7466129999999964
0
LINE
8
BLACK
6
CONTINUOUS
10
59.5430789999999988
20
-109.7466129999999964
11
59.5945619999999963
21
-109.6695619999999991
0
LINE
8
BLACK
6
CONTINUOUS
10
59.5945619999999963
20
-109.6695619999999991
11
59.6716130000000007
21
-109.6180789999999945
0
LINE
8
BLACK
6
CONTINUOUS
10
59.6716130000000007
20
-109.6180789999999945
11
59.7624999999999957
21
-109.5999999999999943
0
LINE
8
BLACK
6
CONTINUOUS
10
59.7624999999999957
20
-109.5999999999999943
11
60.2374999999999972
21
-109.5999999999999943
0
LINE
8
BLACK
6
CONTINUOUS
10
60.2374999999999972
20
-109.5999999999999943
11
60.3283869999999993
21
-109.6180789999999945
0
LINE
8
BLACK
6
CONTINUOUS
10
62.0783869999999993
20
-109.6180789999999945
11
62.1554379999999966
21
-109.6695619999999991
0
LINE
8
BLACK
6
CONTINUOUS
10
62.1554379999999966
20
-109.6695619999999991
11
62.2069209999999941
21
-109.7466129999999964
0
LINE
8
BLACK
6
CONTINUOUS
10
62.2069209999999941
20
-109.7466129999999964
11
62.2249999999999943
21
-109.8374999999999915
0
LINE
8
BLACK
6
CONTINUOUS
10
62.2249999999999943
20
-109.8374999999999915
11
62.2249999999999943
21
-110.4375
0
LINE
8
BLACK
6
CONTINUOUS
10
62.2249999999999943
20
-110.4375
11
62.2069209999999941
21
-110.5283869999999951
0
LINE
8
BLACK
6
CONTINUOUS
10
62.2069209999999941
20
-110.5283869999999951
11
62.1554379999999966
21
-110.6054379999999924
0
LINE
8
BLACK
6
CONTINUOUS
10
62.1554379999999966
20
-110.6054379999999924
11
62.0783869999999993
21
-110.656920999999997
0
LINE
8
BLACK
6
CONTINUOUS
10
62.0783869999999993
20
-110.656920999999997
11
61.9874999999999972
21
-110.6749999999999972
0
LINE
8
BLACK
6
CONTINUOUS
10
61.9874999999999972
20
-110.6749999999999972
11
61.5124999999999957
21
-110.6749999999999972
0
LINE
8
BLACK
6
CONTINUOUS
10
61.5124999999999957
20
-110.6749999999999972
11
61.4216130000000007
21
-110.656920999999997
0
LINE
8
BLACK
6
CONTINUOUS
10
61.4216130000000007
20
-110.656920999999997
11
61.3445619999999963
21
-110.6054379999999924
0
LINE
8
BLACK
6
CONTINUOUS
10
61.3445619999999963
20
-110.6054379999999924
11
61.2930789999999988
21
-110.5283869999999951
0
LINE
8
BLACK
6
CONTINUOUS
10
61.2930789999999988
20
-110.5283869999999951
11
61.2749999999999986
21
-110.4375
0
LINE
8
BLACK
6
CONTINUOUS
10
61.2749999999999986
20
-110.4375
11
61.2749999999999986
21
-109.8374999999999915
0
LINE
8
BLACK
6
CONTINUOUS
10
61.2749999999999986
20
-109.8374999999999915
11
61.2930789999999988
21
-109.7466129999999964
0
LINE
8
BLACK
6
CONTINUOUS
10
61.2930789999999988
20
-109.7466129999999964
11
61.3445619999999963
21
-109.6695619999999991
0
LINE
8
BLACK
6
CONTINUOUS
10
61.3445619999999963
20
-109.6695619999999991
11
61.4216130000000007
21
-109.6180789999999945
0
LINE
8
BLACK
6
CONTINUOUS
10
61.4216130000000007
20
-109.6180789999999945
11
61.5124999999999957
21
-109.5999999999999943
0
LINE
8
BLACK
6
CONTINUOUS
10
61.5124999999999957
20
-109.5999999999999943
11
61.9874999999999972
21
-109.5999999999999943
0
LINE
8
BLACK
6
CONTINUOUS
10
61.9874999999999972
20
-109.5999999999999943
11
62.0783869999999993
21
-109.6180789999999945
0
LINE
8
BLACK
6
CONTINUOUS
10
74.3283869999999922
20
-109.0930789999999888
11
74.4054379999999895
21
-109.1445619999999934
0
LINE
8
BLACK
6
CONTINUOUS
10
74.4054379999999895
20
-109.1445619999999934
11
74.4569209999999941
21
-109.2216129999999907
0
LINE
8
BLACK
6
CONTINUOUS
10
74.4569209999999941
20
-109.2216129999999907
11
74.4749999999999943
21
-109.3125
0
LINE
8
BLACK
6
CONTINUOUS
10
74.4749999999999943
20
-109.3125
11
74.4749999999999943
21
-109.9124999999999943
0
LINE
8
BLACK
6
CONTINUOUS
10
74.4749999999999943
20
-109.9124999999999943
11
74.4569209999999941
21
-110.0033869999999894
0
LINE
8
BLACK
6
CONTINUOUS
10
74.4569209999999941
20
-110.0033869999999894
11
74.4054379999999895
21
-110.0804380000000009
0
LINE
8
BLACK
6
CONTINUOUS
10
74.4054379999999895
20
-110.0804380000000009
11
74.3283869999999922
21
-110.1319209999999913
0
LINE
8
BLACK
6
CONTINUOUS
10
74.3283869999999922
20
-110.1319209999999913
11
74.2374999999999972
21
-110.1499999999999915
0
LINE
8
BLACK
6
CONTINUOUS
10
74.2374999999999972
20
-110.1499999999999915
11
73.7625000000000028
21
-110.1499999999999915
0
LINE
8
BLACK
6
CONTINUOUS
10
73.7625000000000028
20
-110.1499999999999915
11
73.6716129999999936
21
-110.1319209999999913
0
LINE
8
BLACK
6
CONTINUOUS
10
73.6716129999999936
20
-110.1319209999999913
11
73.5945619999999963
21
-110.0804380000000009
0
LINE
8
BLACK
6
CONTINUOUS
10
73.5945619999999963
20
-110.0804380000000009
11
73.5430789999999917
21
-110.0033869999999894
0
LINE
8
BLACK
6
CONTINUOUS
10
73.5430789999999917
20
-110.0033869999999894
11
73.5249999999999915
21
-109.9124999999999943
0
LINE
8
BLACK
6
CONTINUOUS
10
73.5249999999999915
20
-109.9124999999999943
11
73.5249999999999915
21
-109.3125
0
LINE
8
BLACK
6
CONTINUOUS
10
73.5249999999999915
20
-109.3125
11
73.5430789999999917
21
-109.2216129999999907
0
LINE
8
BLACK
6
CONTINUOUS
10
73.5430789999999917
20
-109.2216129999999907
11
73.5945619999999963
21
-109.1445619999999934
0
LINE
8
BLACK
6
CONTINUOUS
10
73.5945619999999963
20
-109.1445619999999934
11
73.6716129999999936
21
-109.0930789999999888
0
LINE
8
BLACK
6
CONTINUOUS
10
73.6716129999999936
20
-109.0930789999999888
11
73.7625000000000028
21
-109.0749999999999886
0
LINE
8
BLACK
6
CONTINUOUS
10
73.7625000000000028
20
-109.0749999999999886
11
74.2374999999999972
21
-109.0749999999999886
0
LINE
8
BLACK
6
CONTINUOUS
10
74.2374999999999972
20
-109.0749999999999886
11
74.3283869999999922
21
-109.0930789999999888
0
LINE
8
BLACK
6
CONTINUOUS
10
93.0783869999999922
20
-109.0930789999999888
11
93.1554379999999895
21
-109.1445619999999934
0
LINE
8
BLACK
6
CONTINUOUS
10
93.1554379999999895
20
-109.1445619999999934
11
93.2069209999999941
21
-109.2216129999999907
0
LINE
8
BLACK
6
CONTINUOUS
10
93.2069209999999941
20
-109.2216129999999907
11
93.2249999999999943
21
-109.3125
0
LINE
8
BLACK
6
CONTINUOUS
10
93.2249999999999943
20
-109.3125
11
93.2249999999999943
21
-109.9124999999999943
0
LINE
8
BLACK
6
CONTINUOUS
10
93.2249999999999943
20
-109.9124999999999943
11
93.2069209999999941
21
-110.0033869999999894
0
LINE
8
BLACK
6
CONTINUOUS
10
93.2069209999999941
20
-110.0033869999999894
11
93.1554379999999895
21
-110.0804380000000009
0
LINE
8
BLACK
6
CONTINUOUS
10
93.1554379999999895
20
-110.0804380000000009
11
93.0783869999999922
21
-110.1319209999999913
0
LINE
8
BLACK
6
CONTINUOUS
10
93.0783869999999922
20
-110.1319209999999913
11
92.9874999999999972
21
-110.1499999999999915
0
LINE
8
BLACK
6
CONTINUOUS
10
92.9874999999999972
20
-110.1499999999999915
11
92.5125000000000028
21
-110.1499999999999915
0
LINE
8
BLACK
6
CONTINUOUS
10
92.5125000000000028
20
-110.1499999999999915
11
92.4216129999999936
21
-110.1319209999999913
0
LINE
8
BLACK
6
CONTINUOUS
10
92.4216129999999936
20
-110.1319209999999913
11
92.3445619999999963
21
-110.0804380000000009
0
LINE
8
BLACK
6
CONTINUOUS
10
92.3445619999999963
20
-110.0804380000000009
11
92.2930789999999917
21
-110.0033869999999894
0
LINE
8
BLACK
6
CONTINUOUS
10
92.2930789999999917
20
-110.0033869999999894
11
92.2749999999999915
21
-109.9124999999999943
0
LINE
8
BLACK
6
CONTINUOUS
10
92.2749999999999915
20
-109.9124999999999943
11
92.2749999999999915
21
-109.3125
0
LINE
8
BLACK
6
CONTINUOUS
10
92.2749999999999915
20
-109.3125
11
92.2930789999999917
21
-109.2216129999999907
0
LINE
8
BLACK
6
CONTINUOUS
10
92.2930789999999917
20
-109.2216129999999907
11
92.3445619999999963
21
-109.1445619999999934
0
LINE
8
BLACK
6
CONTINUOUS
10
92.3445619999999963
20
-109.1445619999999934
11
92.4216129999999936
21
-109.0930789999999888
0
LINE
8
BLACK
6
CONTINUOUS
10
92.4216129999999936
20
-109.0930789999999888
11
92.5125000000000028
21
-109.0749999999999886
0
LINE
8
BLACK
6
CONTINUOUS
10
92.5125000000000028
20
-109.0749999999999886
11
92.9874999999999972
21
-109.0749999999999886
0
LINE
8
BLACK
6
CONTINUOUS
10
92.9874999999999972
20
-109.0749999999999886
11
93.0783869999999922
21
-109.0930789999999888
0
LINE
8
BLACK
6
CONTINUOUS
10
54.8283869999999993
20
-108.6180789999999945
11
54.9054379999999966
21
-108.6695619999999991
0
LINE
8
BLACK
6
CONTINUOUS
10
54.9054379999999966
20
-108.6695619999999991
11
54.9569209999999941
21
-108.7466129999999964
0
LINE
8
BLACK
6
CONTINUOUS
10
54.9569209999999941
20
-108.7466129999999964
11
54.9749999999999943
21
-108.8374999999999915
0
LINE
8
BLACK
6
CONTINUOUS
10
54.9749999999999943
20
-108.8374999999999915
11
54.9749999999999943
21
-109.3374999999999915
0
LINE
8
BLACK
6
CONTINUOUS
10
54.9749999999999943
20
-109.3374999999999915
11
54.9569209999999941
21
-109.4283870000000007
0
LINE
8
BLACK
6
CONTINUOUS
10
54.9569209999999941
20
-109.4283870000000007
11
54.9054379999999966
21
-109.5054379999999981
0
LINE
8
BLACK
6
CONTINUOUS
10
54.9054379999999966
20
-109.5054379999999981
11
54.8283869999999993
21
-109.5569209999999885
0
LINE
8
BLACK
6
CONTINUOUS
10
54.8283869999999993
20
-109.5569209999999885
11
54.7374999999999972
21
-109.5749999999999886
0
LINE
8
BLACK
6
CONTINUOUS
10
54.7374999999999972
20
-109.5749999999999886
11
54.2624999999999957
21
-109.5749999999999886
0
LINE
8
BLACK
6
CONTINUOUS
10
54.2624999999999957
20
-109.5749999999999886
11
54.1716130000000007
21
-109.5569209999999885
0
LINE
8
BLACK
6
CONTINUOUS
10
54.1716130000000007
20
-109.5569209999999885
11
54.0945619999999963
21
-109.5054379999999981
0
LINE
8
BLACK
6
CONTINUOUS
10
54.0945619999999963
20
-109.5054379999999981
11
54.0430789999999988
21
-109.4283870000000007
0
LINE
8
BLACK
6
CONTINUOUS
10
54.0430789999999988
20
-109.4283870000000007
11
54.0249999999999986
21
-109.3374999999999915
0
LINE
8
BLACK
6
CONTINUOUS
10
54.0249999999999986
20
-109.3374999999999915
11
54.0249999999999986
21
-108.8374999999999915
0
LINE
8
BLACK
6
CONTINUOUS
10
54.0249999999999986
20
-108.8374999999999915
11
54.0430789999999988
21
-108.7466129999999964
0
LINE
8
BLACK
6
CONTINUOUS
10
54.0430789999999988
20
-108.7466129999999964
11
54.0945619999999963
21
-108.6695619999999991
0
LINE
8
BLACK
6
CONTINUOUS
10
54.0945619999999963
20
-108.6695619999999991
11
54.1716130000000007
21
-108.6180789999999945
0
LINE
8
BLACK
6
CONTINUOUS
10
54.1716130000000007
20
-108.6180789999999945
11
54.2624999999999957
21
-108.5999999999999943
0
LINE
8
BLACK
6
CONTINUOUS
10
54.2624999999999957
20
-108.5999999999999943
11
54.7374999999999972
21
-108.5999999999999943
0
LINE
8
BLACK
6
CONTINUOUS
10
54.7374999999999972
20
-108.5999999999999943
11
54.8283869999999993
21
-108.6180789999999945
0
LINE
8
BLACK
6
CONTINUOUS
10
50.8422079999999994
20
-108.3342540000000014
11
50.9439429999999973
21
-108.392990999999995
0
LINE
8
BLACK
6
CONTINUOUS
10
50.9439429999999973
20
-108.392990999999995
11
51.0270089999999996
21
-108.4760569999999973
0
LINE
8
BLACK
6
CONTINUOUS
10
51.0270089999999996
20
-108.4760569999999973
11
51.0857460000000003
21
-108.5777919999999881
0
LINE
8
BLACK
6
CONTINUOUS
10
51.0857460000000003
20
-108.5777919999999881
11
51.1161499999999975
21
-108.6912629999999922
0
LINE
8
BLACK
6
CONTINUOUS
10
51.1161499999999975
20
-108.6912629999999922
11
51.1161499999999975
21
-108.8087369999999936
0
LINE
8
BLACK
6
CONTINUOUS
10
51.1161499999999975
20
-108.8087369999999936
11
51.0857460000000003
21
-108.9222079999999977
0
LINE
8
BLACK
6
CONTINUOUS
10
51.0857460000000003
20
-108.9222079999999977
11
51.0270089999999996
21
-109.0239429999999885
0
LINE
8
BLACK
6
CONTINUOUS
10
51.0270089999999996
20
-109.0239429999999885
11
50.9439429999999973
21
-109.1070089999999908
0
LINE
8
BLACK
6
CONTINUOUS
10
50.9439429999999973
20
-109.1070089999999908
11
50.8422079999999994
21
-109.1657459999999986
0
LINE
8
BLACK
6
CONTINUOUS
10
50.8422079999999994
20
-109.1657459999999986
11
50.7287369999999953
21
-109.1961499999999887
0
LINE
8
BLACK
6
CONTINUOUS
10
50.7287369999999953
20
-109.1961499999999887
11
50.611263000000001
21
-109.1961499999999887
0
LINE
8
BLACK
6
CONTINUOUS
10
50.611263000000001
20
-109.1961499999999887
11
50.4977919999999969
21
-109.1657459999999986
0
LINE
8
BLACK
6
CONTINUOUS
10
50.4977919999999969
20
-109.1657459999999986
11
50.396056999999999
21
-109.1070089999999908
0
LINE
8
BLACK
6
CONTINUOUS
10
50.396056999999999
20
-109.1070089999999908
11
50.3129909999999967
21
-109.0239429999999885
0
LINE
8
BLACK
6
CONTINUOUS
10
50.3129909999999967
20
-109.0239429999999885
11
50.254253999999996
21
-108.9222079999999977
0
LINE
8
BLACK
6
CONTINUOUS
10
50.254253999999996
20
-108.9222079999999977
11
50.2238499999999988
21
-108.8087369999999936
0
LINE
8
BLACK
6
CONTINUOUS
10
50.2238499999999988
20
-108.8087369999999936
11
50.2238499999999988
21
-108.6912629999999922
0
LINE
8
BLACK
6
CONTINUOUS
10
50.2238499999999988
20
-108.6912629999999922
11
50.254253999999996
21
-108.5777919999999881
0
LINE
8
BLACK
6
CONTINUOUS
10
50.254253999999996
20
-108.5777919999999881
11
50.3129909999999967
21
-108.4760569999999973
0
LINE
8
BLACK
6
CONTINUOUS
10
50.3129909999999967
20
-108.4760569999999973
11
50.396056999999999
21
-108.392990999999995
0
LINE
8
BLACK
6
CONTINUOUS
10
50.396056999999999
20
-108.392990999999995
11
50.4977919999999969
21
-108.3342540000000014
0
LINE
8
BLACK
6
CONTINUOUS
10
50.4977919999999969
20
-108.3342540000000014
11
50.611263000000001
21
-108.3038499999999971
0
LINE
8
BLACK
6
CONTINUOUS
10
50.611263000000001
20
-108.3038499999999971
11
50.7287369999999953
21
-108.3038499999999971
0
LINE
8
BLACK
6
CONTINUOUS
10
50.7287369999999953
20
-108.3038499999999971
11
50.8422079999999994
21
-108.3342540000000014
0
LINE
8
BLACK
6
CONTINUOUS
10
74.3283869999999922
20
-107.3680789999999945
11
74.4054379999999895
21
-107.4195619999999991
0
LINE
8
BLACK
6
CONTINUOUS
10
74.4054379999999895
20
-107.4195619999999991
11
74.4569209999999941
21
-107.4966129999999964
0
LINE
8
BLACK
6
CONTINUOUS
10
74.4569209999999941
20
-107.4966129999999964
11
74.4749999999999943
21
-107.5874999999999915
0
LINE
8
BLACK
6
CONTINUOUS
10
74.4749999999999943
20
-107.5874999999999915
11
74.4749999999999943
21
-108.1875
0
LINE
8
BLACK
6
CONTINUOUS
10
74.4749999999999943
20
-108.1875
11
74.4569209999999941
21
-108.2783869999999951
0
LINE
8
BLACK
6
CONTINUOUS
10
74.4569209999999941
20
-108.2783869999999951
11
74.4054379999999895
21
-108.3554379999999924
0
LINE
8
BLACK
6
CONTINUOUS
10
74.4054379999999895
20
-108.3554379999999924
11
74.3283869999999922
21
-108.406920999999997
0
LINE
8
BLACK
6
CONTINUOUS
10
74.3283869999999922
20
-108.406920999999997
11
74.2374999999999972
21
-108.4249999999999972
0
LINE
8
BLACK
6
CONTINUOUS
10
74.2374999999999972
20
-108.4249999999999972
11
73.7625000000000028
21
-108.4249999999999972
0
LINE
8
BLACK
6
CONTINUOUS
10
73.7625000000000028
20
-108.4249999999999972
11
73.6716129999999936
21
-108.406920999999997
0
LINE
8
BLACK
6
CONTINUOUS
10
73.6716129999999936
20
-108.406920999999997
11
73.5945619999999963
21
-108.3554379999999924
0
LINE
8
BLACK
6
CONTINUOUS
10
73.5945619999999963
20
-108.3554379999999924
11
73.5430789999999917
21
-108.2783869999999951
0
LINE
8
BLACK
6
CONTINUOUS
10
73.5430789999999917
20
-108.2783869999999951
11
73.5249999999999915
21
-108.1875
0
LINE
8
BLACK
6
CONTINUOUS
10
73.5249999999999915
20
-108.1875
11
73.5249999999999915
21
-107.5874999999999915
0
LINE
8
BLACK
6
CONTINUOUS
10
73.5249999999999915
20
-107.5874999999999915
11
73.5430789999999917
21
-107.4966129999999964
0
LINE
8
BLACK
6
CONTINUOUS
10
73.5430789999999917
20
-107.4966129999999964
11
73.5945619999999963
21
-107.4195619999999991
0
LINE
8
BLACK
6
CONTINUOUS
10
73.5945619999999963
20
-107.4195619999999991
11
73.6716129999999936
21
-107.3680789999999945
0
LINE
8
BLACK
6
CONTINUOUS
10
73.6716129999999936
20
-107.3680789999999945
11
73.7625000000000028
21
-107.3499999999999943
0
LINE
8
BLACK
6
CONTINUOUS
10
73.7625000000000028
20
-107.3499999999999943
11
74.2374999999999972
21
-107.3499999999999943
0
LINE
8
BLACK
6
CONTINUOUS
10
74.2374999999999972
20
-107.3499999999999943
11
74.3283869999999922
21
-107.3680789999999945
0
LINE
8
BLACK
6
CONTINUOUS
10
93.0783869999999922
20
-107.3680789999999945
11
93.1554379999999895
21
-107.4195619999999991
0
LINE
8
BLACK
6
CONTINUOUS
10
93.1554379999999895
20
-107.4195619999999991
11
93.2069209999999941
21
-107.4966129999999964
0
LINE
8
BLACK
6
CONTINUOUS
10
93.2069209999999941
20
-107.4966129999999964
11
93.2249999999999943
21
-107.5874999999999915
0
LINE
8
BLACK
6
CONTINUOUS
10
93.2249999999999943
20
-107.5874999999999915
11
93.2249999999999943
21
-108.1875
0
LINE
8
BLACK
6
CONTINUOUS
10
93.2249999999999943
20
-108.1875
11
93.2069209999999941
21
-108.2783869999999951
0
LINE
8
BLACK
6
CONTINUOUS
10
93.2069209999999941
20
-108.2783869999999951
11
93.1554379999999895
21
-108.3554379999999924
0
LINE
8
BLACK
6
CONTINUOUS
10
93.1554379999999895
20
-108.3554379999999924
11
93.0783869999999922
21
-108.406920999999997
0
LINE
8
BLACK
6
CONTINUOUS
10
93.0783869999999922
20
-108.406920999999997
11
92.9874999999999972
21
-108.4249999999999972
0
LINE
8
BLACK
6
CONTINUOUS
10
92.9874999999999972
20
-108.4249999999999972
11
92.5125000000000028
21
-108.4249999999999972
0
LINE
8
BLACK
6
CONTINUOUS
10
92.5125000000000028
20
-108.4249999999999972
11
92.4216129999999936
21
-108.406920999999997
0
LINE
8
BLACK
6
CONTINUOUS
10
92.4216129999999936
20
-108.406920999999997
11
92.3445619999999963
21
-108.3554379999999924
0
LINE
8
BLACK
6
CONTINUOUS
10
92.3445619999999963
20
-108.3554379999999924
11
92.2930789999999917
21
-108.2783869999999951
0
LINE
8
BLACK
6
CONTINUOUS
10
92.2930789999999917
20
-108.2783869999999951
11
92.2749999999999915
21
-108.1875
0
LINE
8
BLACK
6
CONTINUOUS
10
92.2749999999999915
20
-108.1875
11
92.2749999999999915
21
-107.5874999999999915
0
LINE
8
BLACK
6
CONTINUOUS
10
92.2749999999999915
20
-107.5874999999999915
11
92.2930789999999917
21
-107.4966129999999964
0
LINE
8
BLACK
6
CONTINUOUS
10
92.2930789999999917
20
-107.4966129999999964
11
92.3445619999999963
21
-107.4195619999999991
0
LINE
8
BLACK
6
CONTINUOUS
10
92.3445619999999963
20
-107.4195619999999991
11
92.4216129999999936
21
-107.3680789999999945
0
LINE
8
BLACK
6
CONTINUOUS
10
92.4216129999999936
20
-107.3680789999999945
11
92.5125000000000028
21
-107.3499999999999943
0
LINE
8
BLACK
6
CONTINUOUS
10
92.5125000000000028
20
-107.3499999999999943
11
92.9874999999999972
21
-107.3499999999999943
0
LINE
8
BLACK
6
CONTINUOUS
10
92.9874999999999972
20
-107.3499999999999943
11
93.0783869999999922
21
-107.3680789999999945
0
LINE
8
BLACK
6
CONTINUOUS
10
64.9385359999999991
20
-107.4514640000000014
11
64.9399999999999977
21
-107.4549999999999983
0
LINE
8
BLACK
6
CONTINUOUS
10
64.9399999999999977
20
-107.4549999999999983
11
64.9399999999999977
21
-108.414999999999992
0
LINE
8
BLACK
6
CONTINUOUS
10
64.9399999999999977
20
-108.414999999999992
11
64.9385359999999991
21
-108.4185359999999889
0
LINE
8
BLACK
6
CONTINUOUS
10
64.9385359999999991
20
-108.4185359999999889
11
64.9350000000000023
21
-108.4200000000000017
0
LINE
8
BLACK
6
CONTINUOUS
10
64.9350000000000023
20
-108.4200000000000017
11
64.5649999999999977
21
-108.4200000000000017
0
LINE
8
BLACK
6
CONTINUOUS
10
64.5649999999999977
20
-108.4200000000000017
11
64.5614640000000009
21
-108.4185359999999889
0
LINE
8
BLACK
6
CONTINUOUS
10
64.5614640000000009
20
-108.4185359999999889
11
64.5600000000000023
21
-108.414999999999992
0
LINE
8
BLACK
6
CONTINUOUS
10
64.5600000000000023
20
-108.414999999999992
11
64.5600000000000023
21
-107.4549999999999983
0
LINE
8
BLACK
6
CONTINUOUS
10
64.5600000000000023
20
-107.4549999999999983
11
64.5614640000000009
21
-107.4514640000000014
0
LINE
8
BLACK
6
CONTINUOUS
10
64.5614640000000009
20
-107.4514640000000014
11
64.5649999999999977
21
-107.4499999999999886
0
LINE
8
BLACK
6
CONTINUOUS
10
64.5649999999999977
20
-107.4499999999999886
11
64.9350000000000023
21
-107.4499999999999886
0
LINE
8
BLACK
6
CONTINUOUS
10
64.9350000000000023
20
-107.4499999999999886
11
64.9385359999999991
21
-107.4514640000000014
0
LINE
8
BLACK
6
CONTINUOUS
10
65.4385359999999991
20
-107.4514640000000014
11
65.4399999999999977
21
-107.4549999999999983
0
LINE
8
BLACK
6
CONTINUOUS
10
65.4399999999999977
20
-107.4549999999999983
11
65.4399999999999977
21
-108.414999999999992
0
LINE
8
BLACK
6
CONTINUOUS
10
65.4399999999999977
20
-108.414999999999992
11
65.4385359999999991
21
-108.4185359999999889
0
LINE
8
BLACK
6
CONTINUOUS
10
65.4385359999999991
20
-108.4185359999999889
11
65.4350000000000023
21
-108.4200000000000017
0
LINE
8
BLACK
6
CONTINUOUS
10
65.4350000000000023
20
-108.4200000000000017
11
65.0649999999999977
21
-108.4200000000000017
0
LINE
8
BLACK
6
CONTINUOUS
10
65.0649999999999977
20
-108.4200000000000017
11
65.0614640000000009
21
-108.4185359999999889
0
LINE
8
BLACK
6
CONTINUOUS
10
65.0614640000000009
20
-108.4185359999999889
11
65.0600000000000023
21
-108.414999999999992
0
LINE
8
BLACK
6
CONTINUOUS
10
65.0600000000000023
20
-108.414999999999992
11
65.0600000000000023
21
-107.4549999999999983
0
LINE
8
BLACK
6
CONTINUOUS
10
65.0600000000000023
20
-107.4549999999999983
11
65.0614640000000009
21
-107.4514640000000014
0
LINE
8
BLACK
6
CONTINUOUS
10
65.0614640000000009
20
-107.4514640000000014
11
65.0649999999999977
21
-107.4499999999999886
0
LINE
8
BLACK
6
CONTINUOUS
10
65.0649999999999977
20
-107.4499999999999886
11
65.4350000000000023
21
-107.4499999999999886
0
LINE
8
BLACK
6
CONTINUOUS
10
65.4350000000000023
20
-107.4499999999999886
11
65.4385359999999991
21
-107.4514640000000014
0
LINE
8
BLACK
6
CONTINUOUS
10
65.9385359999999991
20
-107.4514640000000014
11
65.9399999999999977
21
-107.4549999999999983
0
LINE
8
BLACK
6
CONTINUOUS
10
65.9399999999999977
20
-107.4549999999999983
11
65.9399999999999977
21
-108.414999999999992
0
LINE
8
BLACK
6
CONTINUOUS
10
65.9399999999999977
20
-108.414999999999992
11
65.9385359999999991
21
-108.4185359999999889
0
LINE
8
BLACK
6
CONTINUOUS
10
65.9385359999999991
20
-108.4185359999999889
11
65.9350000000000023
21
-108.4200000000000017
0
LINE
8
BLACK
6
CONTINUOUS
10
65.9350000000000023
20
-108.4200000000000017
11
65.5649999999999977
21
-108.4200000000000017
0
LINE
8
BLACK
6
CONTINUOUS
10
65.5649999999999977
20
-108.4200000000000017
11
65.5614640000000009
21
-108.4185359999999889
0
LINE
8
BLACK
6
CONTINUOUS
10
65.5614640000000009
20
-108.4185359999999889
11
65.5600000000000023
21
-108.414999999999992
0
LINE
8
BLACK
6
CONTINUOUS
10
65.5600000000000023
20
-108.414999999999992
11
65.5600000000000023
21
-107.4549999999999983
0
LINE
8
BLACK
6
CONTINUOUS
10
65.5600000000000023
20
-107.4549999999999983
11
65.5614640000000009
21
-107.4514640000000014
0
LINE
8
BLACK
6
CONTINUOUS
10
65.5614640000000009
20
-107.4514640000000014
11
65.5649999999999977
21
-107.4499999999999886
0
LINE
8
BLACK
6
CONTINUOUS
10
65.5649999999999977
20
-107.4499999999999886
11
65.9350000000000023
21
-107.4499999999999886
0
LINE
8
BLACK
6
CONTINUOUS
10
65.9350000000000023
20
-107.4499999999999886
11
65.9385359999999991
21
-107.4514640000000014
0
LINE
8
BLACK
6
CONTINUOUS
10
66.4385359999999991
20
-107.4514640000000014
11
66.4399999999999977
21
-107.4549999999999983
0
LINE
8
BLACK
6
CONTINUOUS
10
66.4399999999999977
20
-107.4549999999999983
11
66.4399999999999977
21
-108.414999999999992
0
LINE
8
BLACK
6
CONTINUOUS
10
66.4399999999999977
20
-108.414999999999992
11
66.4385359999999991
21
-108.4185359999999889
0
LINE
8
BLACK
6
CONTINUOUS
10
66.4385359999999991
20
-108.4185359999999889
11
66.4350000000000023
21
-108.4200000000000017
0
LINE
8
BLACK
6
CONTINUOUS
10
66.4350000000000023
20
-108.4200000000000017
11
66.0649999999999977
21
-108.4200000000000017
0
LINE
8
BLACK
6
CONTINUOUS
10
66.0649999999999977
20
-108.4200000000000017
11
66.0614640000000009
21
-108.4185359999999889
0
LINE
8
BLACK
6
CONTINUOUS
10
66.0614640000000009
20
-108.4185359999999889
11
66.0600000000000023
21
-108.414999999999992
0
LINE
8
BLACK
6
CONTINUOUS
10
66.0600000000000023
20
-108.414999999999992
11
66.0600000000000023
21
-107.4549999999999983
0
LINE
8
BLACK
6
CONTINUOUS
10
66.0600000000000023
20
-107.4549999999999983
11
66.0614640000000009
21
-107.4514640000000014
0
LINE
8
BLACK
6
CONTINUOUS
10
66.0614640000000009
20
-107.4514640000000014
11
66.0649999999999977
21
-107.4499999999999886
0
LINE
8
BLACK
6
CONTINUOUS
10
66.0649999999999977
20
-107.4499999999999886
11
66.4350000000000023
21
-107.4499999999999886
0
LINE
8
BLACK
6
CONTINUOUS
10
66.4350000000000023
20
-107.4499999999999886
11
66.4385359999999991
21
-107.4514640000000014
0
LINE
8
BLACK
6
CONTINUOUS
10
66.9385359999999991
20
-107.4514640000000014
11
66.9399999999999977
21
-107.4549999999999983
0
LINE
8
BLACK
6
CONTINUOUS
10
66.9399999999999977
20
-107.4549999999999983
11
66.9399999999999977
21
-108.414999999999992
0
LINE
8
BLACK
6
CONTINUOUS
10
66.9399999999999977
20
-108.414999999999992
11
66.9385359999999991
21
-108.4185359999999889
0
LINE
8
BLACK
6
CONTINUOUS
10
66.9385359999999991
20
-108.4185359999999889
11
66.9350000000000023
21
-108.4200000000000017
0
LINE
8
BLACK
6
CONTINUOUS
10
66.9350000000000023
20
-108.4200000000000017
11
66.5649999999999977
21
-108.4200000000000017
0
LINE
8
BLACK
6
CONTINUOUS
10
66.5649999999999977
20
-108.4200000000000017
11
66.5614640000000009
21
-108.4185359999999889
0
LINE
8
BLACK
6
CONTINUOUS
10
66.5614640000000009
20
-108.4185359999999889
11
66.5600000000000023
21
-108.414999999999992
0
LINE
8
BLACK
6
CONTINUOUS
10
66.5600000000000023
20
-108.414999999999992
11
66.5600000000000023
21
-107.4549999999999983
0
LINE
8
BLACK
6
CONTINUOUS
10
66.5600000000000023
20
-107.4549999999999983
11
66.5614640000000009
21
-107.4514640000000014
0
LINE
8
BLACK
6
CONTINUOUS
10
66.5614640000000009
20
-107.4514640000000014
11
66.5649999999999977
21
-107.4499999999999886
0
LINE
8
BLACK
6
CONTINUOUS
10
66.5649999999999977
20
-107.4499999999999886
11
66.9350000000000023
21
-107.4499999999999886
0
LINE
8
BLACK
6
CONTINUOUS
10
66.9350000000000023
20
-107.4499999999999886
11
66.9385359999999991
21
-107.4514640000000014
0
LINE
8
BLACK
6
CONTINUOUS
10
67.4385359999999991
20
-107.4514640000000014
11
67.4399999999999977
21
-107.4549999999999983
0
LINE
8
BLACK
6
CONTINUOUS
10
67.4399999999999977
20
-107.4549999999999983
11
67.4399999999999977
21
-108.414999999999992
0
LINE
8
BLACK
6
CONTINUOUS
10
67.4399999999999977
20
-108.414999999999992
11
67.4385359999999991
21
-108.4185359999999889
0
LINE
8
BLACK
6
CONTINUOUS
10
67.4385359999999991
20
-108.4185359999999889
11
67.4350000000000023
21
-108.4200000000000017
0
LINE
8
BLACK
6
CONTINUOUS
10
67.4350000000000023
20
-108.4200000000000017
11
67.0649999999999977
21
-108.4200000000000017
0
LINE
8
BLACK
6
CONTINUOUS
10
67.0649999999999977
20
-108.4200000000000017
11
67.0614640000000009
21
-108.4185359999999889
0
LINE
8
BLACK
6
CONTINUOUS
10
67.0614640000000009
20
-108.4185359999999889
11
67.0600000000000023
21
-108.414999999999992
0
LINE
8
BLACK
6
CONTINUOUS
10
67.0600000000000023
20
-108.414999999999992
11
67.0600000000000023
21
-107.4549999999999983
0
LINE
8
BLACK
6
CONTINUOUS
10
67.0600000000000023
20
-107.4549999999999983
11
67.0614640000000009
21
-107.4514640000000014
0
LINE
8
BLACK
6
CONTINUOUS
10
67.0614640000000009
20
-107.4514640000000014
11
67.0649999999999977
21
-107.4499999999999886
0
LINE
8
BLACK
6
CONTINUOUS
10
67.0649999999999977
20
-107.4499999999999886
11
67.4350000000000023
21
-107.4499999999999886
0
LINE
8
BLACK
6
CONTINUOUS
10
67.4350000000000023
20
-107.4499999999999886
11
67.4385359999999991
21
-107.4514640000000014
0
LINE
8
BLACK
6
CONTINUOUS
10
67.9385359999999991
20
-107.4514640000000014
11
67.9399999999999977
21
-107.4549999999999983
0
LINE
8
BLACK
6
CONTINUOUS
10
67.9399999999999977
20
-107.4549999999999983
11
67.9399999999999977
21
-108.414999999999992
0
LINE
8
BLACK
6
CONTINUOUS
10
67.9399999999999977
20
-108.414999999999992
11
67.9385359999999991
21
-108.4185359999999889
0
LINE
8
BLACK
6
CONTINUOUS
10
67.9385359999999991
20
-108.4185359999999889
11
67.9350000000000023
21
-108.4200000000000017
0
LINE
8
BLACK
6
CONTINUOUS
10
67.9350000000000023
20
-108.4200000000000017
11
67.5649999999999977
21
-108.4200000000000017
0
LINE
8
BLACK
6
CONTINUOUS
10
67.5649999999999977
20
-108.4200000000000017
11
67.5614640000000009
21
-108.4185359999999889
0
LINE
8
BLACK
6
CONTINUOUS
10
67.5614640000000009
20
-108.4185359999999889
11
67.5600000000000023
21
-108.414999999999992
0
LINE
8
BLACK
6
CONTINUOUS
10
67.5600000000000023
20
-108.414999999999992
11
67.5600000000000023
21
-107.4549999999999983
0
LINE
8
BLACK
6
CONTINUOUS
10
67.5600000000000023
20
-107.4549999999999983
11
67.5614640000000009
21
-107.4514640000000014
0
LINE
8
BLACK
6
CONTINUOUS
10
67.5614640000000009
20
-107.4514640000000014
11
67.5649999999999977
21
-107.4499999999999886
0
LINE
8
BLACK
6
CONTINUOUS
10
67.5649999999999977
20
-107.4499999999999886
11
67.9350000000000023
21
-107.4499999999999886
0
LINE
8
BLACK
6
CONTINUOUS
10
67.9350000000000023
20
-107.4499999999999886
11
67.9385359999999991
21
-107.4514640000000014
0
LINE
8
BLACK
6
CONTINUOUS
10
68.4385359999999991
20
-107.4514640000000014
11
68.4399999999999977
21
-107.4549999999999983
0
LINE
8
BLACK
6
CONTINUOUS
10
68.4399999999999977
20
-107.4549999999999983
11
68.4399999999999977
21
-108.414999999999992
0
LINE
8
BLACK
6
CONTINUOUS
10
68.4399999999999977
20
-108.414999999999992
11
68.4385359999999991
21
-108.4185359999999889
0
LINE
8
BLACK
6
CONTINUOUS
10
68.4385359999999991
20
-108.4185359999999889
11
68.4350000000000023
21
-108.4200000000000017
0
LINE
8
BLACK
6
CONTINUOUS
10
68.4350000000000023
20
-108.4200000000000017
11
68.0649999999999977
21
-108.4200000000000017
0
LINE
8
BLACK
6
CONTINUOUS
10
68.0649999999999977
20
-108.4200000000000017
11
68.0614640000000009
21
-108.4185359999999889
0
LINE
8
BLACK
6
CONTINUOUS
10
68.0614640000000009
20
-108.4185359999999889
11
68.0600000000000023
21
-108.414999999999992
0
LINE
8
BLACK
6
CONTINUOUS
10
68.0600000000000023
20
-108.414999999999992
11
68.0600000000000023
21
-107.4549999999999983
0
LINE
8
BLACK
6
CONTINUOUS
10
68.0600000000000023
20
-107.4549999999999983
11
68.0614640000000009
21
-107.4514640000000014
0
LINE
8
BLACK
6
CONTINUOUS
10
68.0614640000000009
20
-107.4514640000000014
11
68.0649999999999977
21
-107.4499999999999886
0
LINE
8
BLACK
6
CONTINUOUS
10
68.0649999999999977
20
-107.4499999999999886
11
68.4350000000000023
21
-107.4499999999999886
0
LINE
8
BLACK
6
CONTINUOUS
10
68.4350000000000023
20
-107.4499999999999886
11
68.4385359999999991
21
-107.4514640000000014
0
LINE
8
BLACK
6
CONTINUOUS
10
68.9385359999999991
20
-107.4514640000000014
11
68.9399999999999977
21
-107.4549999999999983
0
LINE
8
BLACK
6
CONTINUOUS
10
68.9399999999999977
20
-107.4549999999999983
11
68.9399999999999977
21
-108.414999999999992
0
LINE
8
BLACK
6
CONTINUOUS
10
68.9399999999999977
20
-108.414999999999992
11
68.9385359999999991
21
-108.4185359999999889
0
LINE
8
BLACK
6
CONTINUOUS
10
68.9385359999999991
20
-108.4185359999999889
11
68.9350000000000023
21
-108.4200000000000017
0
LINE
8
BLACK
6
CONTINUOUS
10
68.9350000000000023
20
-108.4200000000000017
11
68.5649999999999977
21
-108.4200000000000017
0
LINE
8
BLACK
6
CONTINUOUS
10
68.5649999999999977
20
-108.4200000000000017
11
68.5614640000000009
21
-108.4185359999999889
0
LINE
8
BLACK
6
CONTINUOUS
10
68.5614640000000009
20
-108.4185359999999889
11
68.5600000000000023
21
-108.414999999999992
0
LINE
8
BLACK
6
CONTINUOUS
10
68.5600000000000023
20
-108.414999999999992
11
68.5600000000000023
21
-107.4549999999999983
0
LINE
8
BLACK
6
CONTINUOUS
10
68.5600000000000023
20
-107.4549999999999983
11
68.5614640000000009
21
-107.4514640000000014
0
LINE
8
BLACK
6
CONTINUOUS
10
68.5614640000000009
20
-107.4514640000000014
11
68.5649999999999977
21
-107.4499999999999886
0
LINE
8
BLACK
6
CONTINUOUS
10
68.5649999999999977
20
-107.4499999999999886
11
68.9350000000000023
21
-107.4499999999999886
0
LINE
8
BLACK
6
CONTINUOUS
10
68.9350000000000023
20
-107.4499999999999886
11
68.9385359999999991
21
-107.4514640000000014
0
LINE
8
BLACK
6
CONTINUOUS
10
69.4385359999999991
20
-107.4514640000000014
11
69.4399999999999977
21
-107.4549999999999983
0
LINE
8
BLACK
6
CONTINUOUS
10
69.4399999999999977
20
-107.4549999999999983
11
69.4399999999999977
21
-108.414999999999992
0
LINE
8
BLACK
6
CONTINUOUS
10
69.4399999999999977
20
-108.414999999999992
11
69.4385359999999991
21
-108.4185359999999889
0
LINE
8
BLACK
6
CONTINUOUS
10
69.4385359999999991
20
-108.4185359999999889
11
69.4350000000000023
21
-108.4200000000000017
0
LINE
8
BLACK
6
CONTINUOUS
10
69.4350000000000023
20
-108.4200000000000017
11
69.0649999999999977
21
-108.4200000000000017
0
LINE
8
BLACK
6
CONTINUOUS
10
69.0649999999999977
20
-108.4200000000000017
11
69.0614640000000009
21
-108.4185359999999889
0
LINE
8
BLACK
6
CONTINUOUS
10
69.0614640000000009
20
-108.4185359999999889
11
69.0600000000000023
21
-108.414999999999992
0
LINE
8
BLACK
6
CONTINUOUS
10
69.0600000000000023
20
-108.414999999999992
11
69.0600000000000023
21
-107.4549999999999983
0
LINE
8
BLACK
6
CONTINUOUS
10
69.0600000000000023
20
-107.4549999999999983
11
69.0614640000000009
21
-107.4514640000000014
0
LINE
8
BLACK
6
CONTINUOUS
10
69.0614640000000009
20
-107.4514640000000014
11
69.0649999999999977
21
-107.4499999999999886
0
LINE
8
BLACK
6
CONTINUOUS
10
69.0649999999999977
20
-107.4499999999999886
11
69.4350000000000023
21
-107.4499999999999886
0
LINE
8
BLACK
6
CONTINUOUS
10
69.4350000000000023
20
-107.4499999999999886
11
69.4385359999999991
21
-107.4514640000000014
0
LINE
8
BLACK
6
CONTINUOUS
10
69.9385359999999991
20
-107.4514640000000014
11
69.9399999999999977
21
-107.4549999999999983
0
LINE
8
BLACK
6
CONTINUOUS
10
69.9399999999999977
20
-107.4549999999999983
11
69.9399999999999977
21
-108.414999999999992
0
LINE
8
BLACK
6
CONTINUOUS
10
69.9399999999999977
20
-108.414999999999992
11
69.9385359999999991
21
-108.4185359999999889
0
LINE
8
BLACK
6
CONTINUOUS
10
69.9385359999999991
20
-108.4185359999999889
11
69.9350000000000023
21
-108.4200000000000017
0
LINE
8
BLACK
6
CONTINUOUS
10
69.9350000000000023
20
-108.4200000000000017
11
69.5649999999999977
21
-108.4200000000000017
0
LINE
8
BLACK
6
CONTINUOUS
10
69.5649999999999977
20
-108.4200000000000017
11
69.5614640000000009
21
-108.4185359999999889
0
LINE
8
BLACK
6
CONTINUOUS
10
69.5614640000000009
20
-108.4185359999999889
11
69.5600000000000023
21
-108.414999999999992
0
LINE
8
BLACK
6
CONTINUOUS
10
69.5600000000000023
20
-108.414999999999992
11
69.5600000000000023
21
-107.4549999999999983
0
LINE
8
BLACK
6
CONTINUOUS
10
69.5600000000000023
20
-107.4549999999999983
11
69.5614640000000009
21
-107.4514640000000014
0
LINE
8
BLACK
6
CONTINUOUS
10
69.5614640000000009
20
-107.4514640000000014
11
69.5649999999999977
21
-107.4499999999999886
0
LINE
8
BLACK
6
CONTINUOUS
10
69.5649999999999977
20
-107.4499999999999886
11
69.9350000000000023
21
-107.4499999999999886
0
LINE
8
BLACK
6
CONTINUOUS
10
69.9350000000000023
20
-107.4499999999999886
11
69.9385359999999991
21
-107.4514640000000014
0
LINE
8
BLACK
6
CONTINUOUS
10
70.4385359999999991
20
-107.4514640000000014
11
70.4399999999999977
21
-107.4549999999999983
0
LINE
8
BLACK
6
CONTINUOUS
10
70.4399999999999977
20
-107.4549999999999983
11
70.4399999999999977
21
-108.414999999999992
0
LINE
8
BLACK
6
CONTINUOUS
10
70.4399999999999977
20
-108.414999999999992
11
70.4385359999999991
21
-108.4185359999999889
0
LINE
8
BLACK
6
CONTINUOUS
10
70.4385359999999991
20
-108.4185359999999889
11
70.4350000000000023
21
-108.4200000000000017
0
LINE
8
BLACK
6
CONTINUOUS
10
70.4350000000000023
20
-108.4200000000000017
11
70.0649999999999977
21
-108.4200000000000017
0
LINE
8
BLACK
6
CONTINUOUS
10
70.0649999999999977
20
-108.4200000000000017
11
70.0614640000000009
21
-108.4185359999999889
0
LINE
8
BLACK
6
CONTINUOUS
10
70.0614640000000009
20
-108.4185359999999889
11
70.0600000000000023
21
-108.414999999999992
0
LINE
8
BLACK
6
CONTINUOUS
10
70.0600000000000023
20
-108.414999999999992
11
70.0600000000000023
21
-107.4549999999999983
0
LINE
8
BLACK
6
CONTINUOUS
10
70.0600000000000023
20
-107.4549999999999983
11
70.0614640000000009
21
-107.4514640000000014
0
LINE
8
BLACK
6
CONTINUOUS
10
70.0614640000000009
20
-107.4514640000000014
11
70.0649999999999977
21
-107.4499999999999886
0
LINE
8
BLACK
6
CONTINUOUS
10
70.0649999999999977
20
-107.4499999999999886
11
70.4350000000000023
21
-107.4499999999999886
0
LINE
8
BLACK
6
CONTINUOUS
10
70.4350000000000023
20
-107.4499999999999886
11
70.4385359999999991
21
-107.4514640000000014
0
LINE
8
BLACK
6
CONTINUOUS
10
53.1799999999999997
20
-108.3499999999999943
11
51.6799999999999997
21
-108.3499999999999943
0
LINE
8
BLACK
6
CONTINUOUS
10
51.6799999999999997
20
-108.3499999999999943
11
51.6799999999999997
21
-107.6499999999999915
0
LINE
8
BLACK
6
CONTINUOUS
10
51.6799999999999997
20
-107.6499999999999915
11
53.1799999999999997
21
-107.6499999999999915
0
LINE
8
BLACK
6
CONTINUOUS
10
53.1799999999999997
20
-107.6499999999999915
11
53.1799999999999997
21
-108.3499999999999943
0
LINE
8
BLACK
6
CONTINUOUS
10
98.103121999999999
20
-106.9545940000000002
11
97.2545939999999973
21
-107.8031220000000019
0
LINE
8
BLACK
6
CONTINUOUS
10
97.2545939999999973
20
-107.8031220000000019
11
96.6535539999999997
21
-107.2020819999999901
0
LINE
8
BLACK
6
CONTINUOUS
10
96.6535539999999997
20
-107.2020819999999901
11
97.5020820000000015
21
-106.3535539999999884
0
LINE
8
BLACK
6
CONTINUOUS
10
97.5020820000000015
20
-106.3535539999999884
11
98.103121999999999
21
-106.9545940000000002
0
LINE
8
BLACK
6
CONTINUOUS
10
64.5485359999999986
20
-107.0614640000000009
11
64.5499999999999972
21
-107.0649999999999977
0
LINE
8
BLACK
6
CONTINUOUS
10
64.5499999999999972
20
-107.0649999999999977
11
64.5499999999999972
21
-107.4349999999999881
0
LINE
8
BLACK
6
CONTINUOUS
10
64.5499999999999972
20
-107.4349999999999881
11
64.5485359999999986
21
-107.4385359999999991
0
LINE
8
BLACK
6
CONTINUOUS
10
64.5485359999999986
20
-107.4385359999999991
11
64.5450000000000017
21
-107.4399999999999977
0
LINE
8
BLACK
6
CONTINUOUS
10
64.5450000000000017
20
-107.4399999999999977
11
63.5849999999999937
21
-107.4399999999999977
0
LINE
8
BLACK
6
CONTINUOUS
10
63.5849999999999937
20
-107.4399999999999977
11
63.5814639999999969
21
-107.4385359999999991
0
LINE
8
BLACK
6
CONTINUOUS
10
63.5814639999999969
20
-107.4385359999999991
11
63.5799999999999983
21
-107.4349999999999881
0
LINE
8
BLACK
6
CONTINUOUS
10
63.5799999999999983
20
-107.4349999999999881
11
63.5799999999999983
21
-107.0649999999999977
0
LINE
8
BLACK
6
CONTINUOUS
10
63.5799999999999983
20
-107.0649999999999977
11
63.5814639999999969
21
-107.0614640000000009
0
LINE
8
BLACK
6
CONTINUOUS
10
63.5814639999999969
20
-107.0614640000000009
11
63.5849999999999937
21
-107.0599999999999881
0
LINE
8
BLACK
6
CONTINUOUS
10
63.5849999999999937
20
-107.0599999999999881
11
64.5450000000000017
21
-107.0599999999999881
0
LINE
8
BLACK
6
CONTINUOUS
10
64.5450000000000017
20
-107.0599999999999881
11
64.5485359999999986
21
-107.0614640000000009
0
LINE
8
BLACK
6
CONTINUOUS
10
71.4185360000000031
20
-107.0614640000000009
11
71.4200000000000017
21
-107.0649999999999977
0
LINE
8
BLACK
6
CONTINUOUS
10
71.4200000000000017
20
-107.0649999999999977
11
71.4200000000000017
21
-107.4349999999999881
0
LINE
8
BLACK
6
CONTINUOUS
10
71.4200000000000017
20
-107.4349999999999881
11
71.4185360000000031
21
-107.4385359999999991
0
LINE
8
BLACK
6
CONTINUOUS
10
71.4185360000000031
20
-107.4385359999999991
11
71.414999999999992
21
-107.4399999999999977
0
LINE
8
BLACK
6
CONTINUOUS
10
71.414999999999992
20
-107.4399999999999977
11
70.4549999999999983
21
-107.4399999999999977
0
LINE
8
BLACK
6
CONTINUOUS
10
70.4549999999999983
20
-107.4399999999999977
11
70.4514640000000014
21
-107.4385359999999991
0
LINE
8
BLACK
6
CONTINUOUS
10
70.4514640000000014
20
-107.4385359999999991
11
70.4500000000000028
21
-107.4349999999999881
0
LINE
8
BLACK
6
CONTINUOUS
10
70.4500000000000028
20
-107.4349999999999881
11
70.4500000000000028
21
-107.0649999999999977
0
LINE
8
BLACK
6
CONTINUOUS
10
70.4500000000000028
20
-107.0649999999999977
11
70.4514640000000014
21
-107.0614640000000009
0
LINE
8
BLACK
6
CONTINUOUS
10
70.4514640000000014
20
-107.0614640000000009
11
70.4549999999999983
21
-107.0599999999999881
0
LINE
8
BLACK
6
CONTINUOUS
10
70.4549999999999983
20
-107.0599999999999881
11
71.414999999999992
21
-107.0599999999999881
0
LINE
8
BLACK
6
CONTINUOUS
10
71.414999999999992
20
-107.0599999999999881
11
71.4185360000000031
21
-107.0614640000000009
0
LINE
8
BLACK
6
CONTINUOUS
10
102.6762559999999951
20
-105.8197589999999906
11
101.1206209999999999
21
-107.375394
0
LINE
8
BLACK
6
CONTINUOUS
10
101.1206209999999999
20
-107.375394
11
100.0246059999999915
21
-106.2793789999999916
0
LINE
8
BLACK
6
CONTINUOUS
10
100.0246059999999915
20
-106.2793789999999916
11
101.5802410000000009
21
-104.7237439999999964
0
LINE
8
BLACK
6
CONTINUOUS
10
101.5802410000000009
20
-104.7237439999999964
11
102.6762559999999951
21
-105.8197589999999906
0
LINE
8
BLACK
6
CONTINUOUS
10
70.3535359999999912
20
-101.6464639999999946
11
70.3549999999999898
21
-101.6499999999999915
0
LINE
8
BLACK
6
CONTINUOUS
10
70.3549999999999898
20
-101.6499999999999915
11
70.3549999999999898
21
-107.3499999999999943
0
LINE
8
BLACK
6
CONTINUOUS
10
70.3549999999999898
20
-107.3499999999999943
11
70.3535359999999912
21
-107.3535359999999912
0
LINE
8
BLACK
6
CONTINUOUS
10
70.3535359999999912
20
-107.3535359999999912
11
70.3499999999999943
21
-107.3549999999999898
0
LINE
8
BLACK
6
CONTINUOUS
10
70.3499999999999943
20
-107.3549999999999898
11
64.6499999999999915
21
-107.3549999999999898
0
LINE
8
BLACK
6
CONTINUOUS
10
64.6499999999999915
20
-107.3549999999999898
11
64.6464639999999946
21
-107.3535359999999912
0
LINE
8
BLACK
6
CONTINUOUS
10
64.6464639999999946
20
-107.3535359999999912
11
64.644999999999996
21
-107.3499999999999943
0
LINE
8
BLACK
6
CONTINUOUS
10
64.644999999999996
20
-107.3499999999999943
11
64.644999999999996
21
-101.6499999999999915
0
LINE
8
BLACK
6
CONTINUOUS
10
64.644999999999996
20
-101.6499999999999915
11
64.6464639999999946
21
-101.6464639999999946
0
LINE
8
BLACK
6
CONTINUOUS
10
64.6464639999999946
20
-101.6464639999999946
11
64.6499999999999915
21
-101.644999999999996
0
LINE
8
BLACK
6
CONTINUOUS
10
64.6499999999999915
20
-101.644999999999996
11
70.3499999999999943
21
-101.644999999999996
0
LINE
8
BLACK
6
CONTINUOUS
10
70.3499999999999943
20
-101.644999999999996
11
70.3535359999999912
21
-101.6464639999999946
0
LINE
8
BLACK
6
CONTINUOUS
10
49.9699999999999989
20
-107.0999999999999943
11
49.1699999999999946
21
-107.0999999999999943
0
LINE
8
BLACK
6
CONTINUOUS
10
49.1699999999999946
20
-107.0999999999999943
11
49.1699999999999946
21
-106.0999999999999943
0
LINE
8
BLACK
6
CONTINUOUS
10
49.1699999999999946
20
-106.0999999999999943
11
49.9699999999999989
21
-106.0999999999999943
0
LINE
8
BLACK
6
CONTINUOUS
10
49.9699999999999989
20
-106.0999999999999943
11
49.9699999999999989
21
-107.0999999999999943
0
LINE
8
BLACK
6
CONTINUOUS
10
52.1799999999999997
20
-107.0999999999999943
11
51.3799999999999955
21
-107.0999999999999943
0
LINE
8
BLACK
6
CONTINUOUS
10
51.3799999999999955
20
-107.0999999999999943
11
51.3799999999999955
21
-106.0999999999999943
0
LINE
8
BLACK
6
CONTINUOUS
10
51.3799999999999955
20
-106.0999999999999943
11
52.1799999999999997
21
-106.0999999999999943
0
LINE
8
BLACK
6
CONTINUOUS
10
52.1799999999999997
20
-106.0999999999999943
11
52.1799999999999997
21
-107.0999999999999943
0
LINE
8
BLACK
6
CONTINUOUS
10
64.5485359999999986
20
-106.5614640000000009
11
64.5499999999999972
21
-106.5649999999999977
0
LINE
8
BLACK
6
CONTINUOUS
10
64.5499999999999972
20
-106.5649999999999977
11
64.5499999999999972
21
-106.9349999999999881
0
LINE
8
BLACK
6
CONTINUOUS
10
64.5499999999999972
20
-106.9349999999999881
11
64.5485359999999986
21
-106.9385359999999991
0
LINE
8
BLACK
6
CONTINUOUS
10
64.5485359999999986
20
-106.9385359999999991
11
64.5450000000000017
21
-106.9399999999999977
0
LINE
8
BLACK
6
CONTINUOUS
10
64.5450000000000017
20
-106.9399999999999977
11
63.5849999999999937
21
-106.9399999999999977
0
LINE
8
BLACK
6
CONTINUOUS
10
63.5849999999999937
20
-106.9399999999999977
11
63.5814639999999969
21
-106.9385359999999991
0
LINE
8
BLACK
6
CONTINUOUS
10
63.5814639999999969
20
-106.9385359999999991
11
63.5799999999999983
21
-106.9349999999999881
0
LINE
8
BLACK
6
CONTINUOUS
10
63.5799999999999983
20
-106.9349999999999881
11
63.5799999999999983
21
-106.5649999999999977
0
LINE
8
BLACK
6
CONTINUOUS
10
63.5799999999999983
20
-106.5649999999999977
11
63.5814639999999969
21
-106.5614640000000009
0
LINE
8
BLACK
6
CONTINUOUS
10
63.5814639999999969
20
-106.5614640000000009
11
63.5849999999999937
21
-106.5600000000000023
0
LINE
8
BLACK
6
CONTINUOUS
10
63.5849999999999937
20
-106.5600000000000023
11
64.5450000000000017
21
-106.5600000000000023
0
LINE
8
BLACK
6
CONTINUOUS
10
64.5450000000000017
20
-106.5600000000000023
11
64.5485359999999986
21
-106.5614640000000009
0
LINE
8
BLACK
6
CONTINUOUS
10
71.4185360000000031
20
-106.5614640000000009
11
71.4200000000000017
21
-106.5649999999999977
0
LINE
8
BLACK
6
CONTINUOUS
10
71.4200000000000017
20
-106.5649999999999977
11
71.4200000000000017
21
-106.9349999999999881
0
LINE
8
BLACK
6
CONTINUOUS
10
71.4200000000000017
20
-106.9349999999999881
11
71.4185360000000031
21
-106.9385359999999991
0
LINE
8
BLACK
6
CONTINUOUS
10
71.4185360000000031
20
-106.9385359999999991
11
71.414999999999992
21
-106.9399999999999977
0
LINE
8
BLACK
6
CONTINUOUS
10
71.414999999999992
20
-106.9399999999999977
11
70.4549999999999983
21
-106.9399999999999977
0
LINE
8
BLACK
6
CONTINUOUS
10
70.4549999999999983
20
-106.9399999999999977
11
70.4514640000000014
21
-106.9385359999999991
0
LINE
8
BLACK
6
CONTINUOUS
10
70.4514640000000014
20
-106.9385359999999991
11
70.4500000000000028
21
-106.9349999999999881
0
LINE
8
BLACK
6
CONTINUOUS
10
70.4500000000000028
20
-106.9349999999999881
11
70.4500000000000028
21
-106.5649999999999977
0
LINE
8
BLACK
6
CONTINUOUS
10
70.4500000000000028
20
-106.5649999999999977
11
70.4514640000000014
21
-106.5614640000000009
0
LINE
8
BLACK
6
CONTINUOUS
10
70.4514640000000014
20
-106.5614640000000009
11
70.4549999999999983
21
-106.5600000000000023
0
LINE
8
BLACK
6
CONTINUOUS
10
70.4549999999999983
20
-106.5600000000000023
11
71.414999999999992
21
-106.5600000000000023
0
LINE
8
BLACK
6
CONTINUOUS
10
71.414999999999992
20
-106.5600000000000023
11
71.4185360000000031
21
-106.5614640000000009
0
LINE
8
BLACK
6
CONTINUOUS
10
64.5485359999999986
20
-106.0614640000000009
11
64.5499999999999972
21
-106.0649999999999977
0
LINE
8
BLACK
6
CONTINUOUS
10
64.5499999999999972
20
-106.0649999999999977
11
64.5499999999999972
21
-106.4350000000000023
0
LINE
8
BLACK
6
CONTINUOUS
10
64.5499999999999972
20
-106.4350000000000023
11
64.5485359999999986
21
-106.4385359999999991
0
LINE
8
BLACK
6
CONTINUOUS
10
64.5485359999999986
20
-106.4385359999999991
11
64.5450000000000017
21
-106.4399999999999977
0
LINE
8
BLACK
6
CONTINUOUS
10
64.5450000000000017
20
-106.4399999999999977
11
63.5849999999999937
21
-106.4399999999999977
0
LINE
8
BLACK
6
CONTINUOUS
10
63.5849999999999937
20
-106.4399999999999977
11
63.5814639999999969
21
-106.4385359999999991
0
LINE
8
BLACK
6
CONTINUOUS
10
63.5814639999999969
20
-106.4385359999999991
11
63.5799999999999983
21
-106.4350000000000023
0
LINE
8
BLACK
6
CONTINUOUS
10
63.5799999999999983
20
-106.4350000000000023
11
63.5799999999999983
21
-106.0649999999999977
0
LINE
8
BLACK
6
CONTINUOUS
10
63.5799999999999983
20
-106.0649999999999977
11
63.5814639999999969
21
-106.0614640000000009
0
LINE
8
BLACK
6
CONTINUOUS
10
63.5814639999999969
20
-106.0614640000000009
11
63.5849999999999937
21
-106.0600000000000023
0
LINE
8
BLACK
6
CONTINUOUS
10
63.5849999999999937
20
-106.0600000000000023
11
64.5450000000000017
21
-106.0600000000000023
0
LINE
8
BLACK
6
CONTINUOUS
10
64.5450000000000017
20
-106.0600000000000023
11
64.5485359999999986
21
-106.0614640000000009
0
LINE
8
BLACK
6
CONTINUOUS
10
71.4185360000000031
20
-106.0614640000000009
11
71.4200000000000017
21
-106.0649999999999977
0
LINE
8
BLACK
6
CONTINUOUS
10
71.4200000000000017
20
-106.0649999999999977
11
71.4200000000000017
21
-106.4350000000000023
0
LINE
8
BLACK
6
CONTINUOUS
10
71.4200000000000017
20
-106.4350000000000023
11
71.4185360000000031
21
-106.4385359999999991
0
LINE
8
BLACK
6
CONTINUOUS
10
71.4185360000000031
20
-106.4385359999999991
11
71.414999999999992
21
-106.4399999999999977
0
LINE
8
BLACK
6
CONTINUOUS
10
71.414999999999992
20
-106.4399999999999977
11
70.4549999999999983
21
-106.4399999999999977
0
LINE
8
BLACK
6
CONTINUOUS
10
70.4549999999999983
20
-106.4399999999999977
11
70.4514640000000014
21
-106.4385359999999991
0
LINE
8
BLACK
6
CONTINUOUS
10
70.4514640000000014
20
-106.4385359999999991
11
70.4500000000000028
21
-106.4350000000000023
0
LINE
8
BLACK
6
CONTINUOUS
10
70.4500000000000028
20
-106.4350000000000023
11
70.4500000000000028
21
-106.0649999999999977
0
LINE
8
BLACK
6
CONTINUOUS
10
70.4500000000000028
20
-106.0649999999999977
11
70.4514640000000014
21
-106.0614640000000009
0
LINE
8
BLACK
6
CONTINUOUS
10
70.4514640000000014
20
-106.0614640000000009
11
70.4549999999999983
21
-106.0600000000000023
0
LINE
8
BLACK
6
CONTINUOUS
10
70.4549999999999983
20
-106.0600000000000023
11
71.414999999999992
21
-106.0600000000000023
0
LINE
8
BLACK
6
CONTINUOUS
10
71.414999999999992
20
-106.0600000000000023
11
71.4185360000000031
21
-106.0614640000000009
0
LINE
8
BLACK
6
CONTINUOUS
10
64.5485359999999986
20
-105.5614640000000009
11
64.5499999999999972
21
-105.5649999999999977
0
LINE
8
BLACK
6
CONTINUOUS
10
64.5499999999999972
20
-105.5649999999999977
11
64.5499999999999972
21
-105.9350000000000023
0
LINE
8
BLACK
6
CONTINUOUS
10
64.5499999999999972
20
-105.9350000000000023
11
64.5485359999999986
21
-105.9385359999999991
0
LINE
8
BLACK
6
CONTINUOUS
10
64.5485359999999986
20
-105.9385359999999991
11
64.5450000000000017
21
-105.9399999999999977
0
LINE
8
BLACK
6
CONTINUOUS
10
64.5450000000000017
20
-105.9399999999999977
11
63.5849999999999937
21
-105.9399999999999977
0
LINE
8
BLACK
6
CONTINUOUS
10
63.5849999999999937
20
-105.9399999999999977
11
63.5814639999999969
21
-105.9385359999999991
0
LINE
8
BLACK
6
CONTINUOUS
10
63.5814639999999969
20
-105.9385359999999991
11
63.5799999999999983
21
-105.9350000000000023
0
LINE
8
BLACK
6
CONTINUOUS
10
63.5799999999999983
20
-105.9350000000000023
11
63.5799999999999983
21
-105.5649999999999977
0
LINE
8
BLACK
6
CONTINUOUS
10
63.5799999999999983
20
-105.5649999999999977
11
63.5814639999999969
21
-105.5614640000000009
0
LINE
8
BLACK
6
CONTINUOUS
10
63.5814639999999969
20
-105.5614640000000009
11
63.5849999999999937
21
-105.5600000000000023
0
LINE
8
BLACK
6
CONTINUOUS
10
63.5849999999999937
20
-105.5600000000000023
11
64.5450000000000017
21
-105.5600000000000023
0
LINE
8
BLACK
6
CONTINUOUS
10
64.5450000000000017
20
-105.5600000000000023
11
64.5485359999999986
21
-105.5614640000000009
0
LINE
8
BLACK
6
CONTINUOUS
10
71.4185360000000031
20
-105.5614640000000009
11
71.4200000000000017
21
-105.5649999999999977
0
LINE
8
BLACK
6
CONTINUOUS
10
71.4200000000000017
20
-105.5649999999999977
11
71.4200000000000017
21
-105.9350000000000023
0
LINE
8
BLACK
6
CONTINUOUS
10
71.4200000000000017
20
-105.9350000000000023
11
71.4185360000000031
21
-105.9385359999999991
0
LINE
8
BLACK
6
CONTINUOUS
10
71.4185360000000031
20
-105.9385359999999991
11
71.414999999999992
21
-105.9399999999999977
0
LINE
8
BLACK
6
CONTINUOUS
10
71.414999999999992
20
-105.9399999999999977
11
70.4549999999999983
21
-105.9399999999999977
0
LINE
8
BLACK
6
CONTINUOUS
10
70.4549999999999983
20
-105.9399999999999977
11
70.4514640000000014
21
-105.9385359999999991
0
LINE
8
BLACK
6
CONTINUOUS
10
70.4514640000000014
20
-105.9385359999999991
11
70.4500000000000028
21
-105.9350000000000023
0
LINE
8
BLACK
6
CONTINUOUS
10
70.4500000000000028
20
-105.9350000000000023
11
70.4500000000000028
21
-105.5649999999999977
0
LINE
8
BLACK
6
CONTINUOUS
10
70.4500000000000028
20
-105.5649999999999977
11
70.4514640000000014
21
-105.5614640000000009
0
LINE
8
BLACK
6
CONTINUOUS
10
70.4514640000000014
20
-105.5614640000000009
11
70.4549999999999983
21
-105.5600000000000023
0
LINE
8
BLACK
6
CONTINUOUS
10
70.4549999999999983
20
-105.5600000000000023
11
71.414999999999992
21
-105.5600000000000023
0
LINE
8
BLACK
6
CONTINUOUS
10
71.414999999999992
20
-105.5600000000000023
11
71.4185360000000031
21
-105.5614640000000009
0
LINE
8
BLACK
6
CONTINUOUS
10
95.9464459999999946
20
-104.7979179999999957
11
95.0979179999999928
21
-105.6464459999999974
0
LINE
8
BLACK
6
CONTINUOUS
10
95.0979179999999928
20
-105.6464459999999974
11
94.4968779999999953
21
-105.0454059999999998
0
LINE
8
BLACK
6
CONTINUOUS
10
94.4968779999999953
20
-105.0454059999999998
11
95.345405999999997
21
-104.1968779999999981
0
LINE
8
BLACK
6
CONTINUOUS
10
95.345405999999997
20
-104.1968779999999981
11
95.9464459999999946
21
-104.7979179999999957
0
LINE
8
BLACK
6
CONTINUOUS
10
64.5485359999999986
20
-105.0614640000000009
11
64.5499999999999972
21
-105.0649999999999977
0
LINE
8
BLACK
6
CONTINUOUS
10
64.5499999999999972
20
-105.0649999999999977
11
64.5499999999999972
21
-105.4350000000000023
0
LINE
8
BLACK
6
CONTINUOUS
10
64.5499999999999972
20
-105.4350000000000023
11
64.5485359999999986
21
-105.4385359999999991
0
LINE
8
BLACK
6
CONTINUOUS
10
64.5485359999999986
20
-105.4385359999999991
11
64.5450000000000017
21
-105.4399999999999977
0
LINE
8
BLACK
6
CONTINUOUS
10
64.5450000000000017
20
-105.4399999999999977
11
63.5849999999999937
21
-105.4399999999999977
0
LINE
8
BLACK
6
CONTINUOUS
10
63.5849999999999937
20
-105.4399999999999977
11
63.5814639999999969
21
-105.4385359999999991
0
LINE
8
BLACK
6
CONTINUOUS
10
63.5814639999999969
20
-105.4385359999999991
11
63.5799999999999983
21
-105.4350000000000023
0
LINE
8
BLACK
6
CONTINUOUS
10
63.5799999999999983
20
-105.4350000000000023
11
63.5799999999999983
21
-105.0649999999999977
0
LINE
8
BLACK
6
CONTINUOUS
10
63.5799999999999983
20
-105.0649999999999977
11
63.5814639999999969
21
-105.0614640000000009
0
LINE
8
BLACK
6
CONTINUOUS
10
63.5814639999999969
20
-105.0614640000000009
11
63.5849999999999937
21
-105.0600000000000023
0
LINE
8
BLACK
6
CONTINUOUS
10
63.5849999999999937
20
-105.0600000000000023
11
64.5450000000000017
21
-105.0600000000000023
0
LINE
8
BLACK
6
CONTINUOUS
10
64.5450000000000017
20
-105.0600000000000023
11
64.5485359999999986
21
-105.0614640000000009
0
LINE
8
BLACK
6
CONTINUOUS
10
71.4185360000000031
20
-105.0614640000000009
11
71.4200000000000017
21
-105.0649999999999977
0
LINE
8
BLACK
6
CONTINUOUS
10
71.4200000000000017
20
-105.0649999999999977
11
71.4200000000000017
21
-105.4350000000000023
0
LINE
8
BLACK
6
CONTINUOUS
10
71.4200000000000017
20
-105.4350000000000023
11
71.4185360000000031
21
-105.4385359999999991
0
LINE
8
BLACK
6
CONTINUOUS
10
71.4185360000000031
20
-105.4385359999999991
11
71.414999999999992
21
-105.4399999999999977
0
LINE
8
BLACK
6
CONTINUOUS
10
71.414999999999992
20
-105.4399999999999977
11
70.4549999999999983
21
-105.4399999999999977
0
LINE
8
BLACK
6
CONTINUOUS
10
70.4549999999999983
20
-105.4399999999999977
11
70.4514640000000014
21
-105.4385359999999991
0
LINE
8
BLACK
6
CONTINUOUS
10
70.4514640000000014
20
-105.4385359999999991
11
70.4500000000000028
21
-105.4350000000000023
0
LINE
8
BLACK
6
CONTINUOUS
10
70.4500000000000028
20
-105.4350000000000023
11
70.4500000000000028
21
-105.0649999999999977
0
LINE
8
BLACK
6
CONTINUOUS
10
70.4500000000000028
20
-105.0649999999999977
11
70.4514640000000014
21
-105.0614640000000009
0
LINE
8
BLACK
6
CONTINUOUS
10
70.4514640000000014
20
-105.0614640000000009
11
70.4549999999999983
21
-105.0600000000000023
0
LINE
8
BLACK
6
CONTINUOUS
10
70.4549999999999983
20
-105.0600000000000023
11
71.414999999999992
21
-105.0600000000000023
0
LINE
8
BLACK
6
CONTINUOUS
10
71.414999999999992
20
-105.0600000000000023
11
71.4185360000000031
21
-105.0614640000000009
0
LINE
8
BLACK
6
CONTINUOUS
10
64.5485359999999986
20
-104.5614640000000009
11
64.5499999999999972
21
-104.5649999999999977
0
LINE
8
BLACK
6
CONTINUOUS
10
64.5499999999999972
20
-104.5649999999999977
11
64.5499999999999972
21
-104.9350000000000023
0
LINE
8
BLACK
6
CONTINUOUS
10
64.5499999999999972
20
-104.9350000000000023
11
64.5485359999999986
21
-104.9385359999999991
0
LINE
8
BLACK
6
CONTINUOUS
10
64.5485359999999986
20
-104.9385359999999991
11
64.5450000000000017
21
-104.9399999999999977
0
LINE
8
BLACK
6
CONTINUOUS
10
64.5450000000000017
20
-104.9399999999999977
11
63.5849999999999937
21
-104.9399999999999977
0
LINE
8
BLACK
6
CONTINUOUS
10
63.5849999999999937
20
-104.9399999999999977
11
63.5814639999999969
21
-104.9385359999999991
0
LINE
8
BLACK
6
CONTINUOUS
10
63.5814639999999969
20
-104.9385359999999991
11
63.5799999999999983
21
-104.9350000000000023
0
LINE
8
BLACK
6
CONTINUOUS
10
63.5799999999999983
20
-104.9350000000000023
11
63.5799999999999983
21
-104.5649999999999977
0
LINE
8
BLACK
6
CONTINUOUS
10
63.5799999999999983
20
-104.5649999999999977
11
63.5814639999999969
21
-104.5614640000000009
0
LINE
8
BLACK
6
CONTINUOUS
10
63.5814639999999969
20
-104.5614640000000009
11
63.5849999999999937
21
-104.5600000000000023
0
LINE
8
BLACK
6
CONTINUOUS
10
63.5849999999999937
20
-104.5600000000000023
11
64.5450000000000017
21
-104.5600000000000023
0
LINE
8
BLACK
6
CONTINUOUS
10
64.5450000000000017
20
-104.5600000000000023
11
64.5485359999999986
21
-104.5614640000000009
0
LINE
8
BLACK
6
CONTINUOUS
10
71.4185360000000031
20
-104.5614640000000009
11
71.4200000000000017
21
-104.5649999999999977
0
LINE
8
BLACK
6
CONTINUOUS
10
71.4200000000000017
20
-104.5649999999999977
11
71.4200000000000017
21
-104.9350000000000023
0
LINE
8
BLACK
6
CONTINUOUS
10
71.4200000000000017
20
-104.9350000000000023
11
71.4185360000000031
21
-104.9385359999999991
0
LINE
8
BLACK
6
CONTINUOUS
10
71.4185360000000031
20
-104.9385359999999991
11
71.414999999999992
21
-104.9399999999999977
0
LINE
8
BLACK
6
CONTINUOUS
10
71.414999999999992
20
-104.9399999999999977
11
70.4549999999999983
21
-104.9399999999999977
0
LINE
8
BLACK
6
CONTINUOUS
10
70.4549999999999983
20
-104.9399999999999977
11
70.4514640000000014
21
-104.9385359999999991
0
LINE
8
BLACK
6
CONTINUOUS
10
70.4514640000000014
20
-104.9385359999999991
11
70.4500000000000028
21
-104.9350000000000023
0
LINE
8
BLACK
6
CONTINUOUS
10
70.4500000000000028
20
-104.9350000000000023
11
70.4500000000000028
21
-104.5649999999999977
0
LINE
8
BLACK
6
CONTINUOUS
10
70.4500000000000028
20
-104.5649999999999977
11
70.4514640000000014
21
-104.5614640000000009
0
LINE
8
BLACK
6
CONTINUOUS
10
70.4514640000000014
20
-104.5614640000000009
11
70.4549999999999983
21
-104.5600000000000023
0
LINE
8
BLACK
6
CONTINUOUS
10
70.4549999999999983
20
-104.5600000000000023
11
71.414999999999992
21
-104.5600000000000023
0
LINE
8
BLACK
6
CONTINUOUS
10
71.414999999999992
20
-104.5600000000000023
11
71.4185360000000031
21
-104.5614640000000009
0
LINE
8
BLACK
6
CONTINUOUS
10
105.5753939999999886
20
-102.920620999999997
11
104.0197589999999934
21
-104.4762559999999922
0
LINE
8
BLACK
6
CONTINUOUS
10
104.0197589999999934
20
-104.4762559999999922
11
102.9237439999999992
21
-103.3802409999999981
0
LINE
8
BLACK
6
CONTINUOUS
10
102.9237439999999992
20
-103.3802409999999981
11
104.4793789999999944
21
-101.8246059999999886
0
LINE
8
BLACK
6
CONTINUOUS
10
104.4793789999999944
20
-101.8246059999999886
11
105.5753939999999886
21
-102.920620999999997
0
LINE
8
BLACK
6
CONTINUOUS
10
64.5485359999999986
20
-104.0614640000000009
11
64.5499999999999972
21
-104.0649999999999977
0
LINE
8
BLACK
6
CONTINUOUS
10
64.5499999999999972
20
-104.0649999999999977
11
64.5499999999999972
21
-104.4350000000000023
0
LINE
8
BLACK
6
CONTINUOUS
10
64.5499999999999972
20
-104.4350000000000023
11
64.5485359999999986
21
-104.4385359999999991
0
LINE
8
BLACK
6
CONTINUOUS
10
64.5485359999999986
20
-104.4385359999999991
11
64.5450000000000017
21
-104.4399999999999977
0
LINE
8
BLACK
6
CONTINUOUS
10
64.5450000000000017
20
-104.4399999999999977
11
63.5849999999999937
21
-104.4399999999999977
0
LINE
8
BLACK
6
CONTINUOUS
10
63.5849999999999937
20
-104.4399999999999977
11
63.5814639999999969
21
-104.4385359999999991
0
LINE
8
BLACK
6
CONTINUOUS
10
63.5814639999999969
20
-104.4385359999999991
11
63.5799999999999983
21
-104.4350000000000023
0
LINE
8
BLACK
6
CONTINUOUS
10
63.5799999999999983
20
-104.4350000000000023
11
63.5799999999999983
21
-104.0649999999999977
0
LINE
8
BLACK
6
CONTINUOUS
10
63.5799999999999983
20
-104.0649999999999977
11
63.5814639999999969
21
-104.0614640000000009
0
LINE
8
BLACK
6
CONTINUOUS
10
63.5814639999999969
20
-104.0614640000000009
11
63.5849999999999937
21
-104.0600000000000023
0
LINE
8
BLACK
6
CONTINUOUS
10
63.5849999999999937
20
-104.0600000000000023
11
64.5450000000000017
21
-104.0600000000000023
0
LINE
8
BLACK
6
CONTINUOUS
10
64.5450000000000017
20
-104.0600000000000023
11
64.5485359999999986
21
-104.0614640000000009
0
LINE
8
BLACK
6
CONTINUOUS
10
71.4185360000000031
20
-104.0614640000000009
11
71.4200000000000017
21
-104.0649999999999977
0
LINE
8
BLACK
6
CONTINUOUS
10
71.4200000000000017
20
-104.0649999999999977
11
71.4200000000000017
21
-104.4350000000000023
0
LINE
8
BLACK
6
CONTINUOUS
10
71.4200000000000017
20
-104.4350000000000023
11
71.4185360000000031
21
-104.4385359999999991
0
LINE
8
BLACK
6
CONTINUOUS
10
71.4185360000000031
20
-104.4385359999999991
11
71.414999999999992
21
-104.4399999999999977
0
LINE
8
BLACK
6
CONTINUOUS
10
71.414999999999992
20
-104.4399999999999977
11
70.4549999999999983
21
-104.4399999999999977
0
LINE
8
BLACK
6
CONTINUOUS
10
70.4549999999999983
20
-104.4399999999999977
11
70.4514640000000014
21
-104.4385359999999991
0
LINE
8
BLACK
6
CONTINUOUS
10
70.4514640000000014
20
-104.4385359999999991
11
70.4500000000000028
21
-104.4350000000000023
0
LINE
8
BLACK
6
CONTINUOUS
10
70.4500000000000028
20
-104.4350000000000023
11
70.4500000000000028
21
-104.0649999999999977
0
LINE
8
BLACK
6
CONTINUOUS
10
70.4500000000000028
20
-104.0649999999999977
11
70.4514640000000014
21
-104.0614640000000009
0
LINE
8
BLACK
6
CONTINUOUS
10
70.4514640000000014
20
-104.0614640000000009
11
70.4549999999999983
21
-104.0600000000000023
0
LINE
8
BLACK
6
CONTINUOUS
10
70.4549999999999983
20
-104.0600000000000023
11
71.414999999999992
21
-104.0600000000000023
0
LINE
8
BLACK
6
CONTINUOUS
10
71.414999999999992
20
-104.0600000000000023
11
71.4185360000000031
21
-104.0614640000000009
0
LINE
8
BLACK
6
CONTINUOUS
10
50.0399999999999991
20
-104.3999999999999915
11
49.2399999999999949
21
-104.3999999999999915
0
LINE
8
BLACK
6
CONTINUOUS
10
49.2399999999999949
20
-104.3999999999999915
11
49.2399999999999949
21
-103.3999999999999915
0
LINE
8
BLACK
6
CONTINUOUS
10
49.2399999999999949
20
-103.3999999999999915
11
50.0399999999999991
21
-103.3999999999999915
0
LINE
8
BLACK
6
CONTINUOUS
10
50.0399999999999991
20
-103.3999999999999915
11
50.0399999999999991
21
-104.3999999999999915
0
LINE
8
BLACK
6
CONTINUOUS
10
52.25
20
-104.3999999999999915
11
51.4499999999999957
21
-104.3999999999999915
0
LINE
8
BLACK
6
CONTINUOUS
10
51.4499999999999957
20
-104.3999999999999915
11
51.4499999999999957
21
-103.3999999999999915
0
LINE
8
BLACK
6
CONTINUOUS
10
51.4499999999999957
20
-103.3999999999999915
11
52.25
21
-103.3999999999999915
0
LINE
8
BLACK
6
CONTINUOUS
10
52.25
20
-103.3999999999999915
11
52.25
21
-104.3999999999999915
0
LINE
8
BLACK
6
CONTINUOUS
10
64.5485359999999986
20
-103.5614640000000009
11
64.5499999999999972
21
-103.5649999999999977
0
LINE
8
BLACK
6
CONTINUOUS
10
64.5499999999999972
20
-103.5649999999999977
11
64.5499999999999972
21
-103.9350000000000023
0
LINE
8
BLACK
6
CONTINUOUS
10
64.5499999999999972
20
-103.9350000000000023
11
64.5485359999999986
21
-103.9385359999999991
0
LINE
8
BLACK
6
CONTINUOUS
10
64.5485359999999986
20
-103.9385359999999991
11
64.5450000000000017
21
-103.9399999999999977
0
LINE
8
BLACK
6
CONTINUOUS
10
64.5450000000000017
20
-103.9399999999999977
11
63.5849999999999937
21
-103.9399999999999977
0
LINE
8
BLACK
6
CONTINUOUS
10
63.5849999999999937
20
-103.9399999999999977
11
63.5814639999999969
21
-103.9385359999999991
0
LINE
8
BLACK
6
CONTINUOUS
10
63.5814639999999969
20
-103.9385359999999991
11
63.5799999999999983
21
-103.9350000000000023
0
LINE
8
BLACK
6
CONTINUOUS
10
63.5799999999999983
20
-103.9350000000000023
11
63.5799999999999983
21
-103.5649999999999977
0
LINE
8
BLACK
6
CONTINUOUS
10
63.5799999999999983
20
-103.5649999999999977
11
63.5814639999999969
21
-103.5614640000000009
0
LINE
8
BLACK
6
CONTINUOUS
10
63.5814639999999969
20
-103.5614640000000009
11
63.5849999999999937
21
-103.5600000000000023
0
LINE
8
BLACK
6
CONTINUOUS
10
63.5849999999999937
20
-103.5600000000000023
11
64.5450000000000017
21
-103.5600000000000023
0
LINE
8
BLACK
6
CONTINUOUS
10
64.5450000000000017
20
-103.5600000000000023
11
64.5485359999999986
21
-103.5614640000000009
0
LINE
8
BLACK
6
CONTINUOUS
10
71.4185360000000031
20
-103.5614640000000009
11
71.4200000000000017
21
-103.5649999999999977
0
LINE
8
BLACK
6
CONTINUOUS
10
71.4200000000000017
20
-103.5649999999999977
11
71.4200000000000017
21
-103.9350000000000023
0
LINE
8
BLACK
6
CONTINUOUS
10
71.4200000000000017
20
-103.9350000000000023
11
71.4185360000000031
21
-103.9385359999999991
0
LINE
8
BLACK
6
CONTINUOUS
10
71.4185360000000031
20
-103.9385359999999991
11
71.414999999999992
21
-103.9399999999999977
0
LINE
8
BLACK
6
CONTINUOUS
10
71.414999999999992
20
-103.9399999999999977
11
70.4549999999999983
21
-103.9399999999999977
0
LINE
8
BLACK
6
CONTINUOUS
10
70.4549999999999983
20
-103.9399999999999977
11
70.4514640000000014
21
-103.9385359999999991
0
LINE
8
BLACK
6
CONTINUOUS
10
70.4514640000000014
20
-103.9385359999999991
11
70.4500000000000028
21
-103.9350000000000023
0
LINE
8
BLACK
6
CONTINUOUS
10
70.4500000000000028
20
-103.9350000000000023
11
70.4500000000000028
21
-103.5649999999999977
0
LINE
8
BLACK
6
CONTINUOUS
10
70.4500000000000028
20
-103.5649999999999977
11
70.4514640000000014
21
-103.5614640000000009
0
LINE
8
BLACK
6
CONTINUOUS
10
70.4514640000000014
20
-103.5614640000000009
11
70.4549999999999983
21
-103.5600000000000023
0
LINE
8
BLACK
6
CONTINUOUS
10
70.4549999999999983
20
-103.5600000000000023
11
71.414999999999992
21
-103.5600000000000023
0
LINE
8
BLACK
6
CONTINUOUS
10
71.414999999999992
20
-103.5600000000000023
11
71.4185360000000031
21
-103.5614640000000009
0
LINE
8
BLACK
6
CONTINUOUS
10
55.5483869999999982
20
-102.6930789999999973
11
55.6254379999999955
21
-102.7445620000000019
0
LINE
8
BLACK
6
CONTINUOUS
10
55.6254379999999955
20
-102.7445620000000019
11
55.6769210000000001
21
-102.8216129999999993
0
LINE
8
BLACK
6
CONTINUOUS
10
55.6769210000000001
20
-102.8216129999999993
11
55.6950000000000003
21
-102.9124999999999943
0
LINE
8
BLACK
6
CONTINUOUS
10
55.6950000000000003
20
-102.9124999999999943
11
55.6950000000000003
21
-103.5124999999999886
0
LINE
8
BLACK
6
CONTINUOUS
10
55.6950000000000003
20
-103.5124999999999886
11
55.6769210000000001
21
-103.6033869999999979
0
LINE
8
BLACK
6
CONTINUOUS
10
55.6769210000000001
20
-103.6033869999999979
11
55.6254379999999955
21
-103.6804379999999952
0
LINE
8
BLACK
6
CONTINUOUS
10
55.6254379999999955
20
-103.6804379999999952
11
55.5483869999999982
21
-103.7319209999999998
0
LINE
8
BLACK
6
CONTINUOUS
10
55.5483869999999982
20
-103.7319209999999998
11
55.457499999999996
21
-103.75
0
LINE
8
BLACK
6
CONTINUOUS
10
55.457499999999996
20
-103.75
11
54.9824999999999946
21
-103.75
0
LINE
8
BLACK
6
CONTINUOUS
10
54.9824999999999946
20
-103.75
11
54.8916129999999995
21
-103.7319209999999998
0
LINE
8
BLACK
6
CONTINUOUS
10
54.8916129999999995
20
-103.7319209999999998
11
54.8145619999999951
21
-103.6804379999999952
0
LINE
8
BLACK
6
CONTINUOUS
10
54.8145619999999951
20
-103.6804379999999952
11
54.7630789999999976
21
-103.6033869999999979
0
LINE
8
BLACK
6
CONTINUOUS
10
54.7630789999999976
20
-103.6033869999999979
11
54.7449999999999974
21
-103.5124999999999886
0
LINE
8
BLACK
6
CONTINUOUS
10
54.7449999999999974
20
-103.5124999999999886
11
54.7449999999999974
21
-102.9124999999999943
0
LINE
8
BLACK
6
CONTINUOUS
10
54.7449999999999974
20
-102.9124999999999943
11
54.7630789999999976
21
-102.8216129999999993
0
LINE
8
BLACK
6
CONTINUOUS
10
54.7630789999999976
20
-102.8216129999999993
11
54.8145619999999951
21
-102.7445620000000019
0
LINE
8
BLACK
6
CONTINUOUS
10
54.8145619999999951
20
-102.7445620000000019
11
54.8916129999999995
21
-102.6930789999999973
0
LINE
8
BLACK
6
CONTINUOUS
10
54.8916129999999995
20
-102.6930789999999973
11
54.9824999999999946
21
-102.6749999999999972
0
LINE
8
BLACK
6
CONTINUOUS
10
54.9824999999999946
20
-102.6749999999999972
11
55.457499999999996
21
-102.6749999999999972
0
LINE
8
BLACK
6
CONTINUOUS
10
55.457499999999996
20
-102.6749999999999972
11
55.5483869999999982
21
-102.6930789999999973
0
LINE
8
BLACK
6
CONTINUOUS
10
107.9283870000000007
20
-102.6730790000000013
11
108.0054379999999981
21
-102.7245619999999917
0
LINE
8
BLACK
6
CONTINUOUS
10
108.0054379999999981
20
-102.7245619999999917
11
108.0569209999999885
21
-102.801612999999989
0
LINE
8
BLACK
6
CONTINUOUS
10
108.0569209999999885
20
-102.801612999999989
11
108.0749999999999886
21
-102.8924999999999983
0
LINE
8
BLACK
6
CONTINUOUS
10
108.0749999999999886
20
-102.8924999999999983
11
108.0749999999999886
21
-103.3674999999999926
0
LINE
8
BLACK
6
CONTINUOUS
10
108.0749999999999886
20
-103.3674999999999926
11
108.0569209999999885
21
-103.4583870000000019
0
LINE
8
BLACK
6
CONTINUOUS
10
108.0569209999999885
20
-103.4583870000000019
11
108.0054379999999981
21
-103.5354379999999992
0
LINE
8
BLACK
6
CONTINUOUS
10
108.0054379999999981
20
-103.5354379999999992
11
107.9283870000000007
21
-103.5869209999999896
0
LINE
8
BLACK
6
CONTINUOUS
10
107.9283870000000007
20
-103.5869209999999896
11
107.8374999999999915
21
-103.6049999999999898
0
LINE
8
BLACK
6
CONTINUOUS
10
107.8374999999999915
20
-103.6049999999999898
11
107.3374999999999915
21
-103.6049999999999898
0
LINE
8
BLACK
6
CONTINUOUS
10
107.3374999999999915
20
-103.6049999999999898
11
107.2466129999999964
21
-103.5869209999999896
0
LINE
8
BLACK
6
CONTINUOUS
10
107.2466129999999964
20
-103.5869209999999896
11
107.1695619999999991
21
-103.5354379999999992
0
LINE
8
BLACK
6
CONTINUOUS
10
107.1695619999999991
20
-103.5354379999999992
11
107.1180789999999945
21
-103.4583870000000019
0
LINE
8
BLACK
6
CONTINUOUS
10
107.1180789999999945
20
-103.4583870000000019
11
107.0999999999999943
21
-103.3674999999999926
0
LINE
8
BLACK
6
CONTINUOUS
10
107.0999999999999943
20
-103.3674999999999926
11
107.0999999999999943
21
-102.8924999999999983
0
LINE
8
BLACK
6
CONTINUOUS
10
107.0999999999999943
20
-102.8924999999999983
11
107.1180789999999945
21
-102.801612999999989
0
LINE
8
BLACK
6
CONTINUOUS
10
107.1180789999999945
20
-102.801612999999989
11
107.1695619999999991
21
-102.7245619999999917
0
LINE
8
BLACK
6
CONTINUOUS
10
107.1695619999999991
20
-102.7245619999999917
11
107.2466129999999964
21
-102.6730790000000013
0
LINE
8
BLACK
6
CONTINUOUS
10
107.2466129999999964
20
-102.6730790000000013
11
107.3374999999999915
21
-102.6550000000000011
0
LINE
8
BLACK
6
CONTINUOUS
10
107.3374999999999915
20
-102.6550000000000011
11
107.8374999999999915
21
-102.6550000000000011
0
LINE
8
BLACK
6
CONTINUOUS
10
107.8374999999999915
20
-102.6550000000000011
11
107.9283870000000007
21
-102.6730790000000013
0
LINE
8
BLACK
6
CONTINUOUS
10
109.7533869999999894
20
-102.6730790000000013
11
109.8304380000000009
21
-102.7245619999999917
0
LINE
8
BLACK
6
CONTINUOUS
10
109.8304380000000009
20
-102.7245619999999917
11
109.8819209999999913
21
-102.801612999999989
0
LINE
8
BLACK
6
CONTINUOUS
10
109.8819209999999913
20
-102.801612999999989
11
109.8999999999999915
21
-102.8924999999999983
0
LINE
8
BLACK
6
CONTINUOUS
10
109.8999999999999915
20
-102.8924999999999983
11
109.8999999999999915
21
-103.3674999999999926
0
LINE
8
BLACK
6
CONTINUOUS
10
109.8999999999999915
20
-103.3674999999999926
11
109.8819209999999913
21
-103.4583870000000019
0
LINE
8
BLACK
6
CONTINUOUS
10
109.8819209999999913
20
-103.4583870000000019
11
109.8304380000000009
21
-103.5354379999999992
0
LINE
8
BLACK
6
CONTINUOUS
10
109.8304380000000009
20
-103.5354379999999992
11
109.7533869999999894
21
-103.5869209999999896
0
LINE
8
BLACK
6
CONTINUOUS
10
109.7533869999999894
20
-103.5869209999999896
11
109.6624999999999943
21
-103.6049999999999898
0
LINE
8
BLACK
6
CONTINUOUS
10
109.6624999999999943
20
-103.6049999999999898
11
109.1624999999999943
21
-103.6049999999999898
0
LINE
8
BLACK
6
CONTINUOUS
10
109.1624999999999943
20
-103.6049999999999898
11
109.0716129999999993
21
-103.5869209999999896
0
LINE
8
BLACK
6
CONTINUOUS
10
109.0716129999999993
20
-103.5869209999999896
11
108.9945620000000019
21
-103.5354379999999992
0
LINE
8
BLACK
6
CONTINUOUS
10
108.9945620000000019
20
-103.5354379999999992
11
108.9430789999999973
21
-103.4583870000000019
0
LINE
8
BLACK
6
CONTINUOUS
10
108.9430789999999973
20
-103.4583870000000019
11
108.9249999999999972
21
-103.3674999999999926
0
LINE
8
BLACK
6
CONTINUOUS
10
108.9249999999999972
20
-103.3674999999999926
11
108.9249999999999972
21
-102.8924999999999983
0
LINE
8
BLACK
6
CONTINUOUS
10
108.9249999999999972
20
-102.8924999999999983
11
108.9430789999999973
21
-102.801612999999989
0
LINE
8
BLACK
6
CONTINUOUS
10
108.9430789999999973
20
-102.801612999999989
11
108.9945620000000019
21
-102.7245619999999917
0
LINE
8
BLACK
6
CONTINUOUS
10
108.9945620000000019
20
-102.7245619999999917
11
109.0716129999999993
21
-102.6730790000000013
0
LINE
8
BLACK
6
CONTINUOUS
10
109.0716129999999993
20
-102.6730790000000013
11
109.1624999999999943
21
-102.6550000000000011
0
LINE
8
BLACK
6
CONTINUOUS
10
109.1624999999999943
20
-102.6550000000000011
11
109.6624999999999943
21
-102.6550000000000011
0
LINE
8
BLACK
6
CONTINUOUS
10
109.6624999999999943
20
-102.6550000000000011
11
109.7533869999999894
21
-102.6730790000000013
0
LINE
8
BLACK
6
CONTINUOUS
10
64.5485359999999986
20
-103.0614640000000009
11
64.5499999999999972
21
-103.0649999999999977
0
LINE
8
BLACK
6
CONTINUOUS
10
64.5499999999999972
20
-103.0649999999999977
11
64.5499999999999972
21
-103.4350000000000023
0
LINE
8
BLACK
6
CONTINUOUS
10
64.5499999999999972
20
-103.4350000000000023
11
64.5485359999999986
21
-103.4385359999999991
0
LINE
8
BLACK
6
CONTINUOUS
10
64.5485359999999986
20
-103.4385359999999991
11
64.5450000000000017
21
-103.4399999999999977
0
LINE
8
BLACK
6
CONTINUOUS
10
64.5450000000000017
20
-103.4399999999999977
11
63.5849999999999937
21
-103.4399999999999977
0
LINE
8
BLACK
6
CONTINUOUS
10
63.5849999999999937
20
-103.4399999999999977
11
63.5814639999999969
21
-103.4385359999999991
0
LINE
8
BLACK
6
CONTINUOUS
10
63.5814639999999969
20
-103.4385359999999991
11
63.5799999999999983
21
-103.4350000000000023
0
LINE
8
BLACK
6
CONTINUOUS
10
63.5799999999999983
20
-103.4350000000000023
11
63.5799999999999983
21
-103.0649999999999977
0
LINE
8
BLACK
6
CONTINUOUS
10
63.5799999999999983
20
-103.0649999999999977
11
63.5814639999999969
21
-103.0614640000000009
0
LINE
8
BLACK
6
CONTINUOUS
10
63.5814639999999969
20
-103.0614640000000009
11
63.5849999999999937
21
-103.0600000000000023
0
LINE
8
BLACK
6
CONTINUOUS
10
63.5849999999999937
20
-103.0600000000000023
11
64.5450000000000017
21
-103.0600000000000023
0
LINE
8
BLACK
6
CONTINUOUS
10
64.5450000000000017
20
-103.0600000000000023
11
64.5485359999999986
21
-103.0614640000000009
0
LINE
8
BLACK
6
CONTINUOUS
10
71.4185360000000031
20
-103.0614640000000009
11
71.4200000000000017
21
-103.0649999999999977
0
LINE
8
BLACK
6
CONTINUOUS
10
71.4200000000000017
20
-103.0649999999999977
11
71.4200000000000017
21
-103.4350000000000023
0
LINE
8
BLACK
6
CONTINUOUS
10
71.4200000000000017
20
-103.4350000000000023
11
71.4185360000000031
21
-103.4385359999999991
0
LINE
8
BLACK
6
CONTINUOUS
10
71.4185360000000031
20
-103.4385359999999991
11
71.414999999999992
21
-103.4399999999999977
0
LINE
8
BLACK
6
CONTINUOUS
10
71.414999999999992
20
-103.4399999999999977
11
70.4549999999999983
21
-103.4399999999999977
0
LINE
8
BLACK
6
CONTINUOUS
10
70.4549999999999983
20
-103.4399999999999977
11
70.4514640000000014
21
-103.4385359999999991
0
LINE
8
BLACK
6
CONTINUOUS
10
70.4514640000000014
20
-103.4385359999999991
11
70.4500000000000028
21
-103.4350000000000023
0
LINE
8
BLACK
6
CONTINUOUS
10
70.4500000000000028
20
-103.4350000000000023
11
70.4500000000000028
21
-103.0649999999999977
0
LINE
8
BLACK
6
CONTINUOUS
10
70.4500000000000028
20
-103.0649999999999977
11
70.4514640000000014
21
-103.0614640000000009
0
LINE
8
BLACK
6
CONTINUOUS
10
70.4514640000000014
20
-103.0614640000000009
11
70.4549999999999983
21
-103.0600000000000023
0
LINE
8
BLACK
6
CONTINUOUS
10
70.4549999999999983
20
-103.0600000000000023
11
71.414999999999992
21
-103.0600000000000023
0
LINE
8
BLACK
6
CONTINUOUS
10
71.414999999999992
20
-103.0600000000000023
11
71.4185360000000031
21
-103.0614640000000009
0
LINE
8
BLACK
6
CONTINUOUS
10
64.5485359999999986
20
-102.5614640000000009
11
64.5499999999999972
21
-102.5649999999999977
0
LINE
8
BLACK
6
CONTINUOUS
10
64.5499999999999972
20
-102.5649999999999977
11
64.5499999999999972
21
-102.9350000000000023
0
LINE
8
BLACK
6
CONTINUOUS
10
64.5499999999999972
20
-102.9350000000000023
11
64.5485359999999986
21
-102.9385359999999991
0
LINE
8
BLACK
6
CONTINUOUS
10
64.5485359999999986
20
-102.9385359999999991
11
64.5450000000000017
21
-102.9399999999999977
0
LINE
8
BLACK
6
CONTINUOUS
10
64.5450000000000017
20
-102.9399999999999977
11
63.5849999999999937
21
-102.9399999999999977
0
LINE
8
BLACK
6
CONTINUOUS
10
63.5849999999999937
20
-102.9399999999999977
11
63.5814639999999969
21
-102.9385359999999991
0
LINE
8
BLACK
6
CONTINUOUS
10
63.5814639999999969
20
-102.9385359999999991
11
63.5799999999999983
21
-102.9350000000000023
0
LINE
8
BLACK
6
CONTINUOUS
10
63.5799999999999983
20
-102.9350000000000023
11
63.5799999999999983
21
-102.5649999999999977
0
LINE
8
BLACK
6
CONTINUOUS
10
63.5799999999999983
20
-102.5649999999999977
11
63.5814639999999969
21
-102.5614640000000009
0
LINE
8
BLACK
6
CONTINUOUS
10
63.5814639999999969
20
-102.5614640000000009
11
63.5849999999999937
21
-102.5600000000000023
0
LINE
8
BLACK
6
CONTINUOUS
10
63.5849999999999937
20
-102.5600000000000023
11
64.5450000000000017
21
-102.5600000000000023
0
LINE
8
BLACK
6
CONTINUOUS
10
64.5450000000000017
20
-102.5600000000000023
11
64.5485359999999986
21
-102.5614640000000009
0
LINE
8
BLACK
6
CONTINUOUS
10
71.4185360000000031
20
-102.5614640000000009
11
71.4200000000000017
21
-102.5649999999999977
0
LINE
8
BLACK
6
CONTINUOUS
10
71.4200000000000017
20
-102.5649999999999977
11
71.4200000000000017
21
-102.9350000000000023
0
LINE
8
BLACK
6
CONTINUOUS
10
71.4200000000000017
20
-102.9350000000000023
11
71.4185360000000031
21
-102.9385359999999991
0
LINE
8
BLACK
6
CONTINUOUS
10
71.4185360000000031
20
-102.9385359999999991
11
71.414999999999992
21
-102.9399999999999977
0
LINE
8
BLACK
6
CONTINUOUS
10
71.414999999999992
20
-102.9399999999999977
11
70.4549999999999983
21
-102.9399999999999977
0
LINE
8
BLACK
6
CONTINUOUS
10
70.4549999999999983
20
-102.9399999999999977
11
70.4514640000000014
21
-102.9385359999999991
0
LINE
8
BLACK
6
CONTINUOUS
10
70.4514640000000014
20
-102.9385359999999991
11
70.4500000000000028
21
-102.9350000000000023
0
LINE
8
BLACK
6
CONTINUOUS
10
70.4500000000000028
20
-102.9350000000000023
11
70.4500000000000028
21
-102.5649999999999977
0
LINE
8
BLACK
6
CONTINUOUS
10
70.4500000000000028
20
-102.5649999999999977
11
70.4514640000000014
21
-102.5614640000000009
0
LINE
8
BLACK
6
CONTINUOUS
10
70.4514640000000014
20
-102.5614640000000009
11
70.4549999999999983
21
-102.5600000000000023
0
LINE
8
BLACK
6
CONTINUOUS
10
70.4549999999999983
20
-102.5600000000000023
11
71.414999999999992
21
-102.5600000000000023
0
LINE
8
BLACK
6
CONTINUOUS
10
71.414999999999992
20
-102.5600000000000023
11
71.4185360000000031
21
-102.5614640000000009
0
LINE
8
BLACK
6
CONTINUOUS
10
53.25
20
-102.8499999999999943
11
51.75
21
-102.8499999999999943
0
LINE
8
BLACK
6
CONTINUOUS
10
51.75
20
-102.8499999999999943
11
51.75
21
-102.1499999999999915
0
LINE
8
BLACK
6
CONTINUOUS
10
51.75
20
-102.1499999999999915
11
53.25
21
-102.1499999999999915
0
LINE
8
BLACK
6
CONTINUOUS
10
53.25
20
-102.1499999999999915
11
53.25
21
-102.8499999999999943
0
LINE
8
BLACK
6
CONTINUOUS
10
64.5485359999999986
20
-102.0614640000000009
11
64.5499999999999972
21
-102.0649999999999977
0
LINE
8
BLACK
6
CONTINUOUS
10
64.5499999999999972
20
-102.0649999999999977
11
64.5499999999999972
21
-102.4350000000000023
0
LINE
8
BLACK
6
CONTINUOUS
10
64.5499999999999972
20
-102.4350000000000023
11
64.5485359999999986
21
-102.4385359999999991
0
LINE
8
BLACK
6
CONTINUOUS
10
64.5485359999999986
20
-102.4385359999999991
11
64.5450000000000017
21
-102.4399999999999977
0
LINE
8
BLACK
6
CONTINUOUS
10
64.5450000000000017
20
-102.4399999999999977
11
63.5849999999999937
21
-102.4399999999999977
0
LINE
8
BLACK
6
CONTINUOUS
10
63.5849999999999937
20
-102.4399999999999977
11
63.5814639999999969
21
-102.4385359999999991
0
LINE
8
BLACK
6
CONTINUOUS
10
63.5814639999999969
20
-102.4385359999999991
11
63.5799999999999983
21
-102.4350000000000023
0
LINE
8
BLACK
6
CONTINUOUS
10
63.5799999999999983
20
-102.4350000000000023
11
63.5799999999999983
21
-102.0649999999999977
0
LINE
8
BLACK
6
CONTINUOUS
10
63.5799999999999983
20
-102.0649999999999977
11
63.5814639999999969
21
-102.0614640000000009
0
LINE
8
BLACK
6
CONTINUOUS
10
63.5814639999999969
20
-102.0614640000000009
11
63.5849999999999937
21
-102.0600000000000023
0
LINE
8
BLACK
6
CONTINUOUS
10
63.5849999999999937
20
-102.0600000000000023
11
64.5450000000000017
21
-102.0600000000000023
0
LINE
8
BLACK
6
CONTINUOUS
10
64.5450000000000017
20
-102.0600000000000023
11
64.5485359999999986
21
-102.0614640000000009
0
LINE
8
BLACK
6
CONTINUOUS
10
71.4185360000000031
20
-102.0614640000000009
11
71.4200000000000017
21
-102.0649999999999977
0
LINE
8
BLACK
6
CONTINUOUS
10
71.4200000000000017
20
-102.0649999999999977
11
71.4200000000000017
21
-102.4350000000000023
0
LINE
8
BLACK
6
CONTINUOUS
10
71.4200000000000017
20
-102.4350000000000023
11
71.4185360000000031
21
-102.4385359999999991
0
LINE
8
BLACK
6
CONTINUOUS
10
71.4185360000000031
20
-102.4385359999999991
11
71.414999999999992
21
-102.4399999999999977
0
LINE
8
BLACK
6
CONTINUOUS
10
71.414999999999992
20
-102.4399999999999977
11
70.4549999999999983
21
-102.4399999999999977
0
LINE
8
BLACK
6
CONTINUOUS
10
70.4549999999999983
20
-102.4399999999999977
11
70.4514640000000014
21
-102.4385359999999991
0
LINE
8
BLACK
6
CONTINUOUS
10
70.4514640000000014
20
-102.4385359999999991
11
70.4500000000000028
21
-102.4350000000000023
0
LINE
8
BLACK
6
CONTINUOUS
10
70.4500000000000028
20
-102.4350000000000023
11
70.4500000000000028
21
-102.0649999999999977
0
LINE
8
BLACK
6
CONTINUOUS
10
70.4500000000000028
20
-102.0649999999999977
11
70.4514640000000014
21
-102.0614640000000009
0
LINE
8
BLACK
6
CONTINUOUS
10
70.4514640000000014
20
-102.0614640000000009
11
70.4549999999999983
21
-102.0600000000000023
0
LINE
8
BLACK
6
CONTINUOUS
10
70.4549999999999983
20
-102.0600000000000023
11
71.414999999999992
21
-102.0600000000000023
0
LINE
8
BLACK
6
CONTINUOUS
10
71.414999999999992
20
-102.0600000000000023
11
71.4185360000000031
21
-102.0614640000000009
0
LINE
8
BLACK
6
CONTINUOUS
10
96.1008870000000002
20
-101.4405789999999996
11
96.1779379999999975
21
-101.49206199999999
0
LINE
8
BLACK
6
CONTINUOUS
10
96.1779379999999975
20
-101.49206199999999
11
96.2294210000000021
21
-101.5691130000000015
0
LINE
8
BLACK
6
CONTINUOUS
10
96.2294210000000021
20
-101.5691130000000015
11
96.2475000000000023
21
-101.6599999999999966
0
LINE
8
BLACK
6
CONTINUOUS
10
96.2475000000000023
20
-101.6599999999999966
11
96.2475000000000023
21
-102.1599999999999966
0
LINE
8
BLACK
6
CONTINUOUS
10
96.2475000000000023
20
-102.1599999999999966
11
96.2294210000000021
21
-102.2508869999999916
0
LINE
8
BLACK
6
CONTINUOUS
10
96.2294210000000021
20
-102.2508869999999916
11
96.1779379999999975
21
-102.327937999999989
0
LINE
8
BLACK
6
CONTINUOUS
10
96.1779379999999975
20
-102.327937999999989
11
96.1008870000000002
21
-102.3794209999999936
0
LINE
8
BLACK
6
CONTINUOUS
10
96.1008870000000002
20
-102.3794209999999936
11
96.0099999999999909
21
-102.3974999999999937
0
LINE
8
BLACK
6
CONTINUOUS
10
96.0099999999999909
20
-102.3974999999999937
11
95.5349999999999966
21
-102.3974999999999937
0
LINE
8
BLACK
6
CONTINUOUS
10
95.5349999999999966
20
-102.3974999999999937
11
95.4441130000000015
21
-102.3794209999999936
0
LINE
8
BLACK
6
CONTINUOUS
10
95.4441130000000015
20
-102.3794209999999936
11
95.36706199999999
21
-102.327937999999989
0
LINE
8
BLACK
6
CONTINUOUS
10
95.36706199999999
20
-102.327937999999989
11
95.3155789999999996
21
-102.2508869999999916
0
LINE
8
BLACK
6
CONTINUOUS
10
95.3155789999999996
20
-102.2508869999999916
11
95.2974999999999994
21
-102.1599999999999966
0
LINE
8
BLACK
6
CONTINUOUS
10
95.2974999999999994
20
-102.1599999999999966
11
95.2974999999999994
21
-101.6599999999999966
0
LINE
8
BLACK
6
CONTINUOUS
10
95.2974999999999994
20
-101.6599999999999966
11
95.3155789999999996
21
-101.5691130000000015
0
LINE
8
BLACK
6
CONTINUOUS
10
95.3155789999999996
20
-101.5691130000000015
11
95.36706199999999
21
-101.49206199999999
0
LINE
8
BLACK
6
CONTINUOUS
10
95.36706199999999
20
-101.49206199999999
11
95.4441130000000015
21
-101.4405789999999996
0
LINE
8
BLACK
6
CONTINUOUS
10
95.4441130000000015
20
-101.4405789999999996
11
95.5349999999999966
21
-101.4224999999999994
0
LINE
8
BLACK
6
CONTINUOUS
10
95.5349999999999966
20
-101.4224999999999994
11
96.0099999999999909
21
-101.4224999999999994
0
LINE
8
BLACK
6
CONTINUOUS
10
96.0099999999999909
20
-101.4224999999999994
11
96.1008870000000002
21
-101.4405789999999996
0
LINE
8
BLACK
6
CONTINUOUS
10
98.3215339999999998
20
-101.1182639999999964
11
98.3546249999999986
21
-101.1403749999999917
0
LINE
8
BLACK
6
CONTINUOUS
10
98.3546249999999986
20
-101.1403749999999917
11
98.376735999999994
21
-101.1734659999999906
0
LINE
8
BLACK
6
CONTINUOUS
10
98.376735999999994
20
-101.1734659999999906
11
98.3844999999999885
21
-101.2124999999999915
0
LINE
8
BLACK
6
CONTINUOUS
10
98.3844999999999885
20
-101.2124999999999915
11
98.3844999999999885
21
-102.2524999999999977
0
LINE
8
BLACK
6
CONTINUOUS
10
98.3844999999999885
20
-102.2524999999999977
11
98.376735999999994
21
-102.2915339999999986
0
LINE
8
BLACK
6
CONTINUOUS
10
98.376735999999994
20
-102.2915339999999986
11
98.3546249999999986
21
-102.3246249999999975
0
LINE
8
BLACK
6
CONTINUOUS
10
98.3546249999999986
20
-102.3246249999999975
11
98.3215339999999998
21
-102.3467359999999928
0
LINE
8
BLACK
6
CONTINUOUS
10
98.3215339999999998
20
-102.3467359999999928
11
98.2824999999999989
21
-102.3545000000000016
0
LINE
8
BLACK
6
CONTINUOUS
10
98.2824999999999989
20
-102.3545000000000016
11
97.2624999999999886
21
-102.3545000000000016
0
LINE
8
BLACK
6
CONTINUOUS
10
97.2624999999999886
20
-102.3545000000000016
11
97.2234660000000019
21
-102.3467359999999928
0
LINE
8
BLACK
6
CONTINUOUS
10
97.2234660000000019
20
-102.3467359999999928
11
97.1903749999999889
21
-102.3246249999999975
0
LINE
8
BLACK
6
CONTINUOUS
10
97.1903749999999889
20
-102.3246249999999975
11
97.1682639999999935
21
-102.2915339999999986
0
LINE
8
BLACK
6
CONTINUOUS
10
97.1682639999999935
20
-102.2915339999999986
11
97.160499999999999
21
-102.2524999999999977
0
LINE
8
BLACK
6
CONTINUOUS
10
97.160499999999999
20
-102.2524999999999977
11
97.160499999999999
21
-101.2124999999999915
0
LINE
8
BLACK
6
CONTINUOUS
10
97.160499999999999
20
-101.2124999999999915
11
97.1682639999999935
21
-101.1734659999999906
0
LINE
8
BLACK
6
CONTINUOUS
10
97.1682639999999935
20
-101.1734659999999906
11
97.1903749999999889
21
-101.1403749999999917
0
LINE
8
BLACK
6
CONTINUOUS
10
97.1903749999999889
20
-101.1403749999999917
11
97.2234660000000019
21
-101.1182639999999964
0
LINE
8
BLACK
6
CONTINUOUS
10
97.2234660000000019
20
-101.1182639999999964
11
97.2624999999999886
21
-101.1105000000000018
0
LINE
8
BLACK
6
CONTINUOUS
10
97.2624999999999886
20
-101.1105000000000018
11
98.2824999999999989
21
-101.1105000000000018
0
LINE
8
BLACK
6
CONTINUOUS
10
98.2824999999999989
20
-101.1105000000000018
11
98.3215339999999998
21
-101.1182639999999964
0
LINE
8
BLACK
6
CONTINUOUS
10
50.9122079999999997
20
-101.3342540000000014
11
51.0139429999999976
21
-101.392990999999995
0
LINE
8
BLACK
6
CONTINUOUS
10
51.0139429999999976
20
-101.392990999999995
11
51.0970089999999999
21
-101.4760569999999973
0
LINE
8
BLACK
6
CONTINUOUS
10
51.0970089999999999
20
-101.4760569999999973
11
51.1557460000000006
21
-101.5777920000000023
0
LINE
8
BLACK
6
CONTINUOUS
10
51.1557460000000006
20
-101.5777920000000023
11
51.1861499999999978
21
-101.6912629999999922
0
LINE
8
BLACK
6
CONTINUOUS
10
51.1861499999999978
20
-101.6912629999999922
11
51.1861499999999978
21
-101.8087369999999936
0
LINE
8
BLACK
6
CONTINUOUS
10
51.1861499999999978
20
-101.8087369999999936
11
51.1557460000000006
21
-101.9222079999999977
0
LINE
8
BLACK
6
CONTINUOUS
10
51.1557460000000006
20
-101.9222079999999977
11
51.0970089999999999
21
-102.0239429999999885
0
LINE
8
BLACK
6
CONTINUOUS
10
51.0970089999999999
20
-102.0239429999999885
11
51.0139429999999976
21
-102.1070089999999908
0
LINE
8
BLACK
6
CONTINUOUS
10
51.0139429999999976
20
-102.1070089999999908
11
50.9122079999999997
21
-102.1657459999999986
0
LINE
8
BLACK
6
CONTINUOUS
10
50.9122079999999997
20
-102.1657459999999986
11
50.7987369999999956
21
-102.1961499999999887
0
LINE
8
BLACK
6
CONTINUOUS
10
50.7987369999999956
20
-102.1961499999999887
11
50.6812629999999942
21
-102.1961499999999887
0
LINE
8
BLACK
6
CONTINUOUS
10
50.6812629999999942
20
-102.1961499999999887
11
50.5677919999999972
21
-102.1657459999999986
0
LINE
8
BLACK
6
CONTINUOUS
10
50.5677919999999972
20
-102.1657459999999986
11
50.4660569999999993
21
-102.1070089999999908
0
LINE
8
BLACK
6
CONTINUOUS
10
50.4660569999999993
20
-102.1070089999999908
11
50.382990999999997
21
-102.0239429999999885
0
LINE
8
BLACK
6
CONTINUOUS
10
50.382990999999997
20
-102.0239429999999885
11
50.3242539999999963
21
-101.9222079999999977
0
LINE
8
BLACK
6
CONTINUOUS
10
50.3242539999999963
20
-101.9222079999999977
11
50.2938499999999991
21
-101.8087369999999936
0
LINE
8
BLACK
6
CONTINUOUS
10
50.2938499999999991
20
-101.8087369999999936
11
50.2938499999999991
21
-101.6912629999999922
0
LINE
8
BLACK
6
CONTINUOUS
10
50.2938499999999991
20
-101.6912629999999922
11
50.3242539999999963
21
-101.5777920000000023
0
LINE
8
BLACK
6
CONTINUOUS
10
50.3242539999999963
20
-101.5777920000000023
11
50.382990999999997
21
-101.4760569999999973
0
LINE
8
BLACK
6
CONTINUOUS
10
50.382990999999997
20
-101.4760569999999973
11
50.4660569999999993
21
-101.392990999999995
0
LINE
8
BLACK
6
CONTINUOUS
10
50.4660569999999993
20
-101.392990999999995
11
50.5677919999999972
21
-101.3342540000000014
0
LINE
8
BLACK
6
CONTINUOUS
10
50.5677919999999972
20
-101.3342540000000014
11
50.6812629999999942
21
-101.3038499999999971
0
LINE
8
BLACK
6
CONTINUOUS
10
50.6812629999999942
20
-101.3038499999999971
11
50.7987369999999956
21
-101.3038499999999971
0
LINE
8
BLACK
6
CONTINUOUS
10
50.7987369999999956
20
-101.3038499999999971
11
50.9122079999999997
21
-101.3342540000000014
0
LINE
8
BLACK
6
CONTINUOUS
10
59.0240340000000003
20
-100.9757639999999981
11
59.0571249999999992
21
-100.9978749999999934
0
LINE
8
BLACK
6
CONTINUOUS
10
59.0571249999999992
20
-100.9978749999999934
11
59.0792359999999945
21
-101.0309659999999923
0
LINE
8
BLACK
6
CONTINUOUS
10
59.0792359999999945
20
-101.0309659999999923
11
59.0869999999999962
21
-101.0699999999999932
0
LINE
8
BLACK
6
CONTINUOUS
10
59.0869999999999962
20
-101.0699999999999932
11
59.0869999999999962
21
-101.9699999999999989
0
LINE
8
BLACK
6
CONTINUOUS
10
59.0869999999999962
20
-101.9699999999999989
11
59.0792359999999945
21
-102.0090339999999998
0
LINE
8
BLACK
6
CONTINUOUS
10
59.0792359999999945
20
-102.0090339999999998
11
59.0571249999999992
21
-102.0421249999999986
0
LINE
8
BLACK
6
CONTINUOUS
10
59.0571249999999992
20
-102.0421249999999986
11
59.0240340000000003
21
-102.064235999999994
0
LINE
8
BLACK
6
CONTINUOUS
10
59.0240340000000003
20
-102.064235999999994
11
58.9849999999999994
21
-102.0719999999999885
0
LINE
8
BLACK
6
CONTINUOUS
10
58.9849999999999994
20
-102.0719999999999885
11
58.0150000000000006
21
-102.0719999999999885
0
LINE
8
BLACK
6
CONTINUOUS
10
58.0150000000000006
20
-102.0719999999999885
11
57.9759659999999997
21
-102.064235999999994
0
LINE
8
BLACK
6
CONTINUOUS
10
57.9759659999999997
20
-102.064235999999994
11
57.9428750000000008
21
-102.0421249999999986
0
LINE
8
BLACK
6
CONTINUOUS
10
57.9428750000000008
20
-102.0421249999999986
11
57.9207639999999984
21
-102.0090339999999998
0
LINE
8
BLACK
6
CONTINUOUS
10
57.9207639999999984
20
-102.0090339999999998
11
57.9129999999999967
21
-101.9699999999999989
0
LINE
8
BLACK
6
CONTINUOUS
10
57.9129999999999967
20
-101.9699999999999989
11
57.9129999999999967
21
-101.0699999999999932
0
LINE
8
BLACK
6
CONTINUOUS
10
57.9129999999999967
20
-101.0699999999999932
11
57.9207639999999984
21
-101.0309659999999923
0
LINE
8
BLACK
6
CONTINUOUS
10
57.9207639999999984
20
-101.0309659999999923
11
57.9428750000000008
21
-100.9978749999999934
0
LINE
8
BLACK
6
CONTINUOUS
10
57.9428750000000008
20
-100.9978749999999934
11
57.9759659999999997
21
-100.9757639999999981
0
LINE
8
BLACK
6
CONTINUOUS
10
57.9759659999999997
20
-100.9757639999999981
11
58.0150000000000006
21
-100.9679999999999893
0
LINE
8
BLACK
6
CONTINUOUS
10
58.0150000000000006
20
-100.9679999999999893
11
58.9849999999999994
21
-100.9679999999999893
0
LINE
8
BLACK
6
CONTINUOUS
10
58.9849999999999994
20
-100.9679999999999893
11
59.0240340000000003
21
-100.9757639999999981
0
LINE
8
BLACK
6
CONTINUOUS
10
55.5483869999999982
20
-100.9680789999999888
11
55.6254379999999955
21
-101.0195619999999934
0
LINE
8
BLACK
6
CONTINUOUS
10
55.6254379999999955
20
-101.0195619999999934
11
55.6769210000000001
21
-101.0966129999999907
0
LINE
8
BLACK
6
CONTINUOUS
10
55.6769210000000001
20
-101.0966129999999907
11
55.6950000000000003
21
-101.1875
0
LINE
8
BLACK
6
CONTINUOUS
10
55.6950000000000003
20
-101.1875
11
55.6950000000000003
21
-101.7874999999999943
0
LINE
8
BLACK
6
CONTINUOUS
10
55.6950000000000003
20
-101.7874999999999943
11
55.6769210000000001
21
-101.8783869999999894
0
LINE
8
BLACK
6
CONTINUOUS
10
55.6769210000000001
20
-101.8783869999999894
11
55.6254379999999955
21
-101.9554380000000009
0
LINE
8
BLACK
6
CONTINUOUS
10
55.6254379999999955
20
-101.9554380000000009
11
55.5483869999999982
21
-102.0069209999999913
0
LINE
8
BLACK
6
CONTINUOUS
10
55.5483869999999982
20
-102.0069209999999913
11
55.457499999999996
21
-102.0249999999999915
0
LINE
8
BLACK
6
CONTINUOUS
10
55.457499999999996
20
-102.0249999999999915
11
54.9824999999999946
21
-102.0249999999999915
0
LINE
8
BLACK
6
CONTINUOUS
10
54.9824999999999946
20
-102.0249999999999915
11
54.8916129999999995
21
-102.0069209999999913
0
LINE
8
BLACK
6
CONTINUOUS
10
54.8916129999999995
20
-102.0069209999999913
11
54.8145619999999951
21
-101.9554380000000009
0
LINE
8
BLACK
6
CONTINUOUS
10
54.8145619999999951
20
-101.9554380000000009
11
54.7630789999999976
21
-101.8783869999999894
0
LINE
8
BLACK
6
CONTINUOUS
10
54.7630789999999976
20
-101.8783869999999894
11
54.7449999999999974
21
-101.7874999999999943
0
LINE
8
BLACK
6
CONTINUOUS
10
54.7449999999999974
20
-101.7874999999999943
11
54.7449999999999974
21
-101.1875
0
LINE
8
BLACK
6
CONTINUOUS
10
54.7449999999999974
20
-101.1875
11
54.7630789999999976
21
-101.0966129999999907
0
LINE
8
BLACK
6
CONTINUOUS
10
54.7630789999999976
20
-101.0966129999999907
11
54.8145619999999951
21
-101.0195619999999934
0
LINE
8
BLACK
6
CONTINUOUS
10
54.8145619999999951
20
-101.0195619999999934
11
54.8916129999999995
21
-100.9680789999999888
0
LINE
8
BLACK
6
CONTINUOUS
10
54.8916129999999995
20
-100.9680789999999888
11
54.9824999999999946
21
-100.9499999999999886
0
LINE
8
BLACK
6
CONTINUOUS
10
54.9824999999999946
20
-100.9499999999999886
11
55.457499999999996
21
-100.9499999999999886
0
LINE
8
BLACK
6
CONTINUOUS
10
55.457499999999996
20
-100.9499999999999886
11
55.5483869999999982
21
-100.9680789999999888
0
LINE
8
BLACK
6
CONTINUOUS
10
78.2158869999999951
20
-101.0430789999999917
11
78.2929379999999924
21
-101.0945619999999963
0
LINE
8
BLACK
6
CONTINUOUS
10
78.2929379999999924
20
-101.0945619999999963
11
78.344420999999997
21
-101.1716129999999936
0
LINE
8
BLACK
6
CONTINUOUS
10
78.344420999999997
20
-101.1716129999999936
11
78.3624999999999972
21
-101.2624999999999886
0
LINE
8
BLACK
6
CONTINUOUS
10
78.3624999999999972
20
-101.2624999999999886
11
78.3624999999999972
21
-101.7374999999999972
0
LINE
8
BLACK
6
CONTINUOUS
10
78.3624999999999972
20
-101.7374999999999972
11
78.344420999999997
21
-101.8283869999999922
0
LINE
8
BLACK
6
CONTINUOUS
10
78.344420999999997
20
-101.8283869999999922
11
78.2929379999999924
21
-101.9054379999999895
0
LINE
8
BLACK
6
CONTINUOUS
10
78.2929379999999924
20
-101.9054379999999895
11
78.2158869999999951
21
-101.9569209999999941
0
LINE
8
BLACK
6
CONTINUOUS
10
78.2158869999999951
20
-101.9569209999999941
11
78.125
21
-101.9749999999999943
0
LINE
8
BLACK
6
CONTINUOUS
10
78.125
20
-101.9749999999999943
11
77.625
21
-101.9749999999999943
0
LINE
8
BLACK
6
CONTINUOUS
10
77.625
20
-101.9749999999999943
11
77.5341129999999907
21
-101.9569209999999941
0
LINE
8
BLACK
6
CONTINUOUS
10
77.5341129999999907
20
-101.9569209999999941
11
77.4570619999999934
21
-101.9054379999999895
0
LINE
8
BLACK
6
CONTINUOUS
10
77.4570619999999934
20
-101.9054379999999895
11
77.405579000000003
21
-101.8283869999999922
0
LINE
8
BLACK
6
CONTINUOUS
10
77.405579000000003
20
-101.8283869999999922
11
77.3875000000000028
21
-101.7374999999999972
0
LINE
8
BLACK
6
CONTINUOUS
10
77.3875000000000028
20
-101.7374999999999972
11
77.3875000000000028
21
-101.2624999999999886
0
LINE
8
BLACK
6
CONTINUOUS
10
77.3875000000000028
20
-101.2624999999999886
11
77.405579000000003
21
-101.1716129999999936
0
LINE
8
BLACK
6
CONTINUOUS
10
77.405579000000003
20
-101.1716129999999936
11
77.4570619999999934
21
-101.0945619999999963
0
LINE
8
BLACK
6
CONTINUOUS
10
77.4570619999999934
20
-101.0945619999999963
11
77.5341129999999907
21
-101.0430789999999917
0
LINE
8
BLACK
6
CONTINUOUS
10
77.5341129999999907
20
-101.0430789999999917
11
77.625
21
-101.0249999999999915
0
LINE
8
BLACK
6
CONTINUOUS
10
77.625
20
-101.0249999999999915
11
78.125
21
-101.0249999999999915
0
LINE
8
BLACK
6
CONTINUOUS
10
78.125
20
-101.0249999999999915
11
78.2158869999999951
21
-101.0430789999999917
0
LINE
8
BLACK
6
CONTINUOUS
10
80.0408869999999979
20
-101.0430789999999917
11
80.1179379999999952
21
-101.0945619999999963
0
LINE
8
BLACK
6
CONTINUOUS
10
80.1179379999999952
20
-101.0945619999999963
11
80.1694209999999998
21
-101.1716129999999936
0
LINE
8
BLACK
6
CONTINUOUS
10
80.1694209999999998
20
-101.1716129999999936
11
80.1875
21
-101.2624999999999886
0
LINE
8
BLACK
6
CONTINUOUS
10
80.1875
20
-101.2624999999999886
11
80.1875
21
-101.7374999999999972
0
LINE
8
BLACK
6
CONTINUOUS
10
80.1875
20
-101.7374999999999972
11
80.1694209999999998
21
-101.8283869999999922
0
LINE
8
BLACK
6
CONTINUOUS
10
80.1694209999999998
20
-101.8283869999999922
11
80.1179379999999952
21
-101.9054379999999895
0
LINE
8
BLACK
6
CONTINUOUS
10
80.1179379999999952
20
-101.9054379999999895
11
80.0408869999999979
21
-101.9569209999999941
0
LINE
8
BLACK
6
CONTINUOUS
10
80.0408869999999979
20
-101.9569209999999941
11
79.9500000000000028
21
-101.9749999999999943
0
LINE
8
BLACK
6
CONTINUOUS
10
79.9500000000000028
20
-101.9749999999999943
11
79.4500000000000028
21
-101.9749999999999943
0
LINE
8
BLACK
6
CONTINUOUS
10
79.4500000000000028
20
-101.9749999999999943
11
79.3591129999999936
21
-101.9569209999999941
0
LINE
8
BLACK
6
CONTINUOUS
10
79.3591129999999936
20
-101.9569209999999941
11
79.2820619999999963
21
-101.9054379999999895
0
LINE
8
BLACK
6
CONTINUOUS
10
79.2820619999999963
20
-101.9054379999999895
11
79.2305789999999917
21
-101.8283869999999922
0
LINE
8
BLACK
6
CONTINUOUS
10
79.2305789999999917
20
-101.8283869999999922
11
79.2124999999999915
21
-101.7374999999999972
0
LINE
8
BLACK
6
CONTINUOUS
10
79.2124999999999915
20
-101.7374999999999972
11
79.2124999999999915
21
-101.2624999999999886
0
LINE
8
BLACK
6
CONTINUOUS
10
79.2124999999999915
20
-101.2624999999999886
11
79.2305789999999917
21
-101.1716129999999936
0
LINE
8
BLACK
6
CONTINUOUS
10
79.2305789999999917
20
-101.1716129999999936
11
79.2820619999999963
21
-101.0945619999999963
0
LINE
8
BLACK
6
CONTINUOUS
10
79.2820619999999963
20
-101.0945619999999963
11
79.3591129999999936
21
-101.0430789999999917
0
LINE
8
BLACK
6
CONTINUOUS
10
79.3591129999999936
20
-101.0430789999999917
11
79.4500000000000028
21
-101.0249999999999915
0
LINE
8
BLACK
6
CONTINUOUS
10
79.4500000000000028
20
-101.0249999999999915
11
79.9500000000000028
21
-101.0249999999999915
0
LINE
8
BLACK
6
CONTINUOUS
10
79.9500000000000028
20
-101.0249999999999915
11
80.0408869999999979
21
-101.0430789999999917
0
LINE
8
BLACK
6
CONTINUOUS
10
102.0783869999999922
20
-100.9055789999999888
11
102.1554379999999895
21
-100.9570619999999934
0
LINE
8
BLACK
6
CONTINUOUS
10
102.1554379999999895
20
-100.9570619999999934
11
102.2069209999999941
21
-101.0341129999999907
0
LINE
8
BLACK
6
CONTINUOUS
10
102.2069209999999941
20
-101.0341129999999907
11
102.2249999999999943
21
-101.125
0
LINE
8
BLACK
6
CONTINUOUS
10
102.2249999999999943
20
-101.125
11
102.2249999999999943
21
-101.7249999999999943
0
LINE
8
BLACK
6
CONTINUOUS
10
102.2249999999999943
20
-101.7249999999999943
11
102.2069209999999941
21
-101.8158869999999894
0
LINE
8
BLACK
6
CONTINUOUS
10
102.2069209999999941
20
-101.8158869999999894
11
102.1554379999999895
21
-101.8929380000000009
0
LINE
8
BLACK
6
CONTINUOUS
10
102.1554379999999895
20
-101.8929380000000009
11
102.0783869999999922
21
-101.9444209999999913
0
LINE
8
BLACK
6
CONTINUOUS
10
102.0783869999999922
20
-101.9444209999999913
11
101.9874999999999972
21
-101.9624999999999915
0
LINE
8
BLACK
6
CONTINUOUS
10
101.9874999999999972
20
-101.9624999999999915
11
101.5124999999999886
21
-101.9624999999999915
0
LINE
8
BLACK
6
CONTINUOUS
10
101.5124999999999886
20
-101.9624999999999915
11
101.4216129999999936
21
-101.9444209999999913
0
LINE
8
BLACK
6
CONTINUOUS
10
101.4216129999999936
20
-101.9444209999999913
11
101.3445619999999963
21
-101.8929380000000009
0
LINE
8
BLACK
6
CONTINUOUS
10
101.3445619999999963
20
-101.8929380000000009
11
101.2930789999999917
21
-101.8158869999999894
0
LINE
8
BLACK
6
CONTINUOUS
10
101.2930789999999917
20
-101.8158869999999894
11
101.2749999999999915
21
-101.7249999999999943
0
LINE
8
BLACK
6
CONTINUOUS
10
101.2749999999999915
20
-101.7249999999999943
11
101.2749999999999915
21
-101.125
0
LINE
8
BLACK
6
CONTINUOUS
10
101.2749999999999915
20
-101.125
11
101.2930789999999917
21
-101.0341129999999907
0
LINE
8
BLACK
6
CONTINUOUS
10
101.2930789999999917
20
-101.0341129999999907
11
101.3445619999999963
21
-100.9570619999999934
0
LINE
8
BLACK
6
CONTINUOUS
10
101.3445619999999963
20
-100.9570619999999934
11
101.4216129999999936
21
-100.9055789999999888
0
LINE
8
BLACK
6
CONTINUOUS
10
101.4216129999999936
20
-100.9055789999999888
11
101.5124999999999886
21
-100.8874999999999886
0
LINE
8
BLACK
6
CONTINUOUS
10
101.5124999999999886
20
-100.8874999999999886
11
101.9874999999999972
21
-100.8874999999999886
0
LINE
8
BLACK
6
CONTINUOUS
10
101.9874999999999972
20
-100.8874999999999886
11
102.0783869999999922
21
-100.9055789999999888
0
LINE
8
BLACK
6
CONTINUOUS
10
64.5485359999999986
20
-101.5614640000000009
11
64.5499999999999972
21
-101.5649999999999977
0
LINE
8
BLACK
6
CONTINUOUS
10
64.5499999999999972
20
-101.5649999999999977
11
64.5499999999999972
21
-101.9350000000000023
0
LINE
8
BLACK
6
CONTINUOUS
10
64.5499999999999972
20
-101.9350000000000023
11
64.5485359999999986
21
-101.9385359999999991
0
LINE
8
BLACK
6
CONTINUOUS
10
64.5485359999999986
20
-101.9385359999999991
11
64.5450000000000017
21
-101.9399999999999977
0
LINE
8
BLACK
6
CONTINUOUS
10
64.5450000000000017
20
-101.9399999999999977
11
63.5849999999999937
21
-101.9399999999999977
0
LINE
8
BLACK
6
CONTINUOUS
10
63.5849999999999937
20
-101.9399999999999977
11
63.5814639999999969
21
-101.9385359999999991
0
LINE
8
BLACK
6
CONTINUOUS
10
63.5814639999999969
20
-101.9385359999999991
11
63.5799999999999983
21
-101.9350000000000023
0
LINE
8
BLACK
6
CONTINUOUS
10
63.5799999999999983
20
-101.9350000000000023
11
63.5799999999999983
21
-101.5649999999999977
0
LINE
8
BLACK
6
CONTINUOUS
10
63.5799999999999983
20
-101.5649999999999977
11
63.5814639999999969
21
-101.5614640000000009
0
LINE
8
BLACK
6
CONTINUOUS
10
63.5814639999999969
20
-101.5614640000000009
11
63.5849999999999937
21
-101.5600000000000023
0
LINE
8
BLACK
6
CONTINUOUS
10
63.5849999999999937
20
-101.5600000000000023
11
64.5450000000000017
21
-101.5600000000000023
0
LINE
8
BLACK
6
CONTINUOUS
10
64.5450000000000017
20
-101.5600000000000023
11
64.5485359999999986
21
-101.5614640000000009
0
LINE
8
BLACK
6
CONTINUOUS
10
71.4185360000000031
20
-101.5614640000000009
11
71.4200000000000017
21
-101.5649999999999977
0
LINE
8
BLACK
6
CONTINUOUS
10
71.4200000000000017
20
-101.5649999999999977
11
71.4200000000000017
21
-101.9350000000000023
0
LINE
8
BLACK
6
CONTINUOUS
10
71.4200000000000017
20
-101.9350000000000023
11
71.4185360000000031
21
-101.9385359999999991
0
LINE
8
BLACK
6
CONTINUOUS
10
71.4185360000000031
20
-101.9385359999999991
11
71.414999999999992
21
-101.9399999999999977
0
LINE
8
BLACK
6
CONTINUOUS
10
71.414999999999992
20
-101.9399999999999977
11
70.4549999999999983
21
-101.9399999999999977
0
LINE
8
BLACK
6
CONTINUOUS
10
70.4549999999999983
20
-101.9399999999999977
11
70.4514640000000014
21
-101.9385359999999991
0
LINE
8
BLACK
6
CONTINUOUS
10
70.4514640000000014
20
-101.9385359999999991
11
70.4500000000000028
21
-101.9350000000000023
0
LINE
8
BLACK
6
CONTINUOUS
10
70.4500000000000028
20
-101.9350000000000023
11
70.4500000000000028
21
-101.5649999999999977
0
LINE
8
BLACK
6
CONTINUOUS
10
70.4500000000000028
20
-101.5649999999999977
11
70.4514640000000014
21
-101.5614640000000009
0
LINE
8
BLACK
6
CONTINUOUS
10
70.4514640000000014
20
-101.5614640000000009
11
70.4549999999999983
21
-101.5600000000000023
0
LINE
8
BLACK
6
CONTINUOUS
10
70.4549999999999983
20
-101.5600000000000023
11
71.414999999999992
21
-101.5600000000000023
0
LINE
8
BLACK
6
CONTINUOUS
10
71.414999999999992
20
-101.5600000000000023
11
71.4185360000000031
21
-101.5614640000000009
0
LINE
8
BLACK
6
CONTINUOUS
10
62.3283869999999993
20
-100.7430789999999945
11
62.4054379999999966
21
-100.7945619999999991
0
LINE
8
BLACK
6
CONTINUOUS
10
62.4054379999999966
20
-100.7945619999999991
11
62.4569209999999941
21
-100.8716129999999964
0
LINE
8
BLACK
6
CONTINUOUS
10
62.4569209999999941
20
-100.8716129999999964
11
62.4749999999999943
21
-100.9624999999999915
0
LINE
8
BLACK
6
CONTINUOUS
10
62.4749999999999943
20
-100.9624999999999915
11
62.4749999999999943
21
-101.5625
0
LINE
8
BLACK
6
CONTINUOUS
10
62.4749999999999943
20
-101.5625
11
62.4569209999999941
21
-101.6533869999999951
0
LINE
8
BLACK
6
CONTINUOUS
10
62.4569209999999941
20
-101.6533869999999951
11
62.4054379999999966
21
-101.7304379999999924
0
LINE
8
BLACK
6
CONTINUOUS
10
62.4054379999999966
20
-101.7304379999999924
11
62.3283869999999993
21
-101.781920999999997
0
LINE
8
BLACK
6
CONTINUOUS
10
62.3283869999999993
20
-101.781920999999997
11
62.2374999999999972
21
-101.7999999999999972
0
LINE
8
BLACK
6
CONTINUOUS
10
62.2374999999999972
20
-101.7999999999999972
11
61.7624999999999957
21
-101.7999999999999972
0
LINE
8
BLACK
6
CONTINUOUS
10
61.7624999999999957
20
-101.7999999999999972
11
61.6716130000000007
21
-101.781920999999997
0
LINE
8
BLACK
6
CONTINUOUS
10
61.6716130000000007
20
-101.781920999999997
11
61.5945619999999963
21
-101.7304379999999924
0
LINE
8
BLACK
6
CONTINUOUS
10
61.5945619999999963
20
-101.7304379999999924
11
61.5430789999999988
21
-101.6533869999999951
0
LINE
8
BLACK
6
CONTINUOUS
10
61.5430789999999988
20
-101.6533869999999951
11
61.5249999999999986
21
-101.5625
0
LINE
8
BLACK
6
CONTINUOUS
10
61.5249999999999986
20
-101.5625
11
61.5249999999999986
21
-100.9624999999999915
0
LINE
8
BLACK
6
CONTINUOUS
10
61.5249999999999986
20
-100.9624999999999915
11
61.5430789999999988
21
-100.8716129999999964
0
LINE
8
BLACK
6
CONTINUOUS
10
61.5430789999999988
20
-100.8716129999999964
11
61.5945619999999963
21
-100.7945619999999991
0
LINE
8
BLACK
6
CONTINUOUS
10
61.5945619999999963
20
-100.7945619999999991
11
61.6716130000000007
21
-100.7430789999999945
0
LINE
8
BLACK
6
CONTINUOUS
10
61.6716130000000007
20
-100.7430789999999945
11
61.7624999999999957
21
-100.7249999999999943
0
LINE
8
BLACK
6
CONTINUOUS
10
61.7624999999999957
20
-100.7249999999999943
11
62.2374999999999972
21
-100.7249999999999943
0
LINE
8
BLACK
6
CONTINUOUS
10
62.2374999999999972
20
-100.7249999999999943
11
62.3283869999999993
21
-100.7430789999999945
0
LINE
8
BLACK
6
CONTINUOUS
10
107.9358869999999939
20
-100.6730790000000013
11
108.0129379999999912
21
-100.7245619999999917
0
LINE
8
BLACK
6
CONTINUOUS
10
108.0129379999999912
20
-100.7245619999999917
11
108.0644209999999958
21
-100.801612999999989
0
LINE
8
BLACK
6
CONTINUOUS
10
108.0644209999999958
20
-100.801612999999989
11
108.082499999999996
21
-100.8924999999999983
0
LINE
8
BLACK
6
CONTINUOUS
10
108.082499999999996
20
-100.8924999999999983
11
108.082499999999996
21
-101.3674999999999926
0
LINE
8
BLACK
6
CONTINUOUS
10
108.082499999999996
20
-101.3674999999999926
11
108.0644209999999958
21
-101.4583870000000019
0
LINE
8
BLACK
6
CONTINUOUS
10
108.0644209999999958
20
-101.4583870000000019
11
108.0129379999999912
21
-101.5354379999999992
0
LINE
8
BLACK
6
CONTINUOUS
10
108.0129379999999912
20
-101.5354379999999992
11
107.9358869999999939
21
-101.5869209999999896
0
LINE
8
BLACK
6
CONTINUOUS
10
107.9358869999999939
20
-101.5869209999999896
11
107.8449999999999989
21
-101.6049999999999898
0
LINE
8
BLACK
6
CONTINUOUS
10
107.8449999999999989
20
-101.6049999999999898
11
107.3449999999999989
21
-101.6049999999999898
0
LINE
8
BLACK
6
CONTINUOUS
10
107.3449999999999989
20
-101.6049999999999898
11
107.2541129999999896
21
-101.5869209999999896
0
LINE
8
BLACK
6
CONTINUOUS
10
107.2541129999999896
20
-101.5869209999999896
11
107.1770619999999923
21
-101.5354379999999992
0
LINE
8
BLACK
6
CONTINUOUS
10
107.1770619999999923
20
-101.5354379999999992
11
107.1255790000000019
21
-101.4583870000000019
0
LINE
8
BLACK
6
CONTINUOUS
10
107.1255790000000019
20
-101.4583870000000019
11
107.1075000000000017
21
-101.3674999999999926
0
LINE
8
BLACK
6
CONTINUOUS
10
107.1075000000000017
20
-101.3674999999999926
11
107.1075000000000017
21
-100.8924999999999983
0
LINE
8
BLACK
6
CONTINUOUS
10
107.1075000000000017
20
-100.8924999999999983
11
107.1255790000000019
21
-100.801612999999989
0
LINE
8
BLACK
6
CONTINUOUS
10
107.1255790000000019
20
-100.801612999999989
11
107.1770619999999923
21
-100.7245619999999917
0
LINE
8
BLACK
6
CONTINUOUS
10
107.1770619999999923
20
-100.7245619999999917
11
107.2541129999999896
21
-100.6730790000000013
0
LINE
8
BLACK
6
CONTINUOUS
10
107.2541129999999896
20
-100.6730790000000013
11
107.3449999999999989
21
-100.6550000000000011
0
LINE
8
BLACK
6
CONTINUOUS
10
107.3449999999999989
20
-100.6550000000000011
11
107.8449999999999989
21
-100.6550000000000011
0
LINE
8
BLACK
6
CONTINUOUS
10
107.8449999999999989
20
-100.6550000000000011
11
107.9358869999999939
21
-100.6730790000000013
0
LINE
8
BLACK
6
CONTINUOUS
10
109.7608869999999968
20
-100.6730790000000013
11
109.8379379999999941
21
-100.7245619999999917
0
LINE
8
BLACK
6
CONTINUOUS
10
109.8379379999999941
20
-100.7245619999999917
11
109.8894209999999987
21
-100.801612999999989
0
LINE
8
BLACK
6
CONTINUOUS
10
109.8894209999999987
20
-100.801612999999989
11
109.9074999999999989
21
-100.8924999999999983
0
LINE
8
BLACK
6
CONTINUOUS
10
109.9074999999999989
20
-100.8924999999999983
11
109.9074999999999989
21
-101.3674999999999926
0
LINE
8
BLACK
6
CONTINUOUS
10
109.9074999999999989
20
-101.3674999999999926
11
109.8894209999999987
21
-101.4583870000000019
0
LINE
8
BLACK
6
CONTINUOUS
10
109.8894209999999987
20
-101.4583870000000019
11
109.8379379999999941
21
-101.5354379999999992
0
LINE
8
BLACK
6
CONTINUOUS
10
109.8379379999999941
20
-101.5354379999999992
11
109.7608869999999968
21
-101.5869209999999896
0
LINE
8
BLACK
6
CONTINUOUS
10
109.7608869999999968
20
-101.5869209999999896
11
109.6700000000000017
21
-101.6049999999999898
0
LINE
8
BLACK
6
CONTINUOUS
10
109.6700000000000017
20
-101.6049999999999898
11
109.1700000000000017
21
-101.6049999999999898
0
LINE
8
BLACK
6
CONTINUOUS
10
109.1700000000000017
20
-101.6049999999999898
11
109.0791129999999924
21
-101.5869209999999896
0
LINE
8
BLACK
6
CONTINUOUS
10
109.0791129999999924
20
-101.5869209999999896
11
109.0020619999999951
21
-101.5354379999999992
0
LINE
8
BLACK
6
CONTINUOUS
10
109.0020619999999951
20
-101.5354379999999992
11
108.9505789999999905
21
-101.4583870000000019
0
LINE
8
BLACK
6
CONTINUOUS
10
108.9505789999999905
20
-101.4583870000000019
11
108.9324999999999903
21
-101.3674999999999926
0
LINE
8
BLACK
6
CONTINUOUS
10
108.9324999999999903
20
-101.3674999999999926
11
108.9324999999999903
21
-100.8924999999999983
0
LINE
8
BLACK
6
CONTINUOUS
10
108.9324999999999903
20
-100.8924999999999983
11
108.9505789999999905
21
-100.801612999999989
0
LINE
8
BLACK
6
CONTINUOUS
10
108.9505789999999905
20
-100.801612999999989
11
109.0020619999999951
21
-100.7245619999999917
0
LINE
8
BLACK
6
CONTINUOUS
10
109.0020619999999951
20
-100.7245619999999917
11
109.0791129999999924
21
-100.6730790000000013
0
LINE
8
BLACK
6
CONTINUOUS
10
109.0791129999999924
20
-100.6730790000000013
11
109.1700000000000017
21
-100.6550000000000011
0
LINE
8
BLACK
6
CONTINUOUS
10
109.1700000000000017
20
-100.6550000000000011
11
109.6700000000000017
21
-100.6550000000000011
0
LINE
8
BLACK
6
CONTINUOUS
10
109.6700000000000017
20
-100.6550000000000011
11
109.7608869999999968
21
-100.6730790000000013
0
LINE
8
BLACK
6
CONTINUOUS
10
64.9385359999999991
20
-100.5814639999999969
11
64.9399999999999977
21
-100.5849999999999937
0
LINE
8
BLACK
6
CONTINUOUS
10
64.9399999999999977
20
-100.5849999999999937
11
64.9399999999999977
21
-101.5450000000000017
0
LINE
8
BLACK
6
CONTINUOUS
10
64.9399999999999977
20
-101.5450000000000017
11
64.9385359999999991
21
-101.5485359999999986
0
LINE
8
BLACK
6
CONTINUOUS
10
64.9385359999999991
20
-101.5485359999999986
11
64.9350000000000023
21
-101.5499999999999972
0
LINE
8
BLACK
6
CONTINUOUS
10
64.9350000000000023
20
-101.5499999999999972
11
64.5649999999999977
21
-101.5499999999999972
0
LINE
8
BLACK
6
CONTINUOUS
10
64.5649999999999977
20
-101.5499999999999972
11
64.5614640000000009
21
-101.5485359999999986
0
LINE
8
BLACK
6
CONTINUOUS
10
64.5614640000000009
20
-101.5485359999999986
11
64.5600000000000023
21
-101.5450000000000017
0
LINE
8
BLACK
6
CONTINUOUS
10
64.5600000000000023
20
-101.5450000000000017
11
64.5600000000000023
21
-100.5849999999999937
0
LINE
8
BLACK
6
CONTINUOUS
10
64.5600000000000023
20
-100.5849999999999937
11
64.5614640000000009
21
-100.5814639999999969
0
LINE
8
BLACK
6
CONTINUOUS
10
64.5614640000000009
20
-100.5814639999999969
11
64.5649999999999977
21
-100.5799999999999983
0
LINE
8
BLACK
6
CONTINUOUS
10
64.5649999999999977
20
-100.5799999999999983
11
64.9350000000000023
21
-100.5799999999999983
0
LINE
8
BLACK
6
CONTINUOUS
10
64.9350000000000023
20
-100.5799999999999983
11
64.9385359999999991
21
-100.5814639999999969
0
LINE
8
BLACK
6
CONTINUOUS
10
65.4385359999999991
20
-100.5814639999999969
11
65.4399999999999977
21
-100.5849999999999937
0
LINE
8
BLACK
6
CONTINUOUS
10
65.4399999999999977
20
-100.5849999999999937
11
65.4399999999999977
21
-101.5450000000000017
0
LINE
8
BLACK
6
CONTINUOUS
10
65.4399999999999977
20
-101.5450000000000017
11
65.4385359999999991
21
-101.5485359999999986
0
LINE
8
BLACK
6
CONTINUOUS
10
65.4385359999999991
20
-101.5485359999999986
11
65.4350000000000023
21
-101.5499999999999972
0
LINE
8
BLACK
6
CONTINUOUS
10
65.4350000000000023
20
-101.5499999999999972
11
65.0649999999999977
21
-101.5499999999999972
0
LINE
8
BLACK
6
CONTINUOUS
10
65.0649999999999977
20
-101.5499999999999972
11
65.0614640000000009
21
-101.5485359999999986
0
LINE
8
BLACK
6
CONTINUOUS
10
65.0614640000000009
20
-101.5485359999999986
11
65.0600000000000023
21
-101.5450000000000017
0
LINE
8
BLACK
6
CONTINUOUS
10
65.0600000000000023
20
-101.5450000000000017
11
65.0600000000000023
21
-100.5849999999999937
0
LINE
8
BLACK
6
CONTINUOUS
10
65.0600000000000023
20
-100.5849999999999937
11
65.0614640000000009
21
-100.5814639999999969
0
LINE
8
BLACK
6
CONTINUOUS
10
65.0614640000000009
20
-100.5814639999999969
11
65.0649999999999977
21
-100.5799999999999983
0
LINE
8
BLACK
6
CONTINUOUS
10
65.0649999999999977
20
-100.5799999999999983
11
65.4350000000000023
21
-100.5799999999999983
0
LINE
8
BLACK
6
CONTINUOUS
10
65.4350000000000023
20
-100.5799999999999983
11
65.4385359999999991
21
-100.5814639999999969
0
LINE
8
BLACK
6
CONTINUOUS
10
65.9385359999999991
20
-100.5814639999999969
11
65.9399999999999977
21
-100.5849999999999937
0
LINE
8
BLACK
6
CONTINUOUS
10
65.9399999999999977
20
-100.5849999999999937
11
65.9399999999999977
21
-101.5450000000000017
0
LINE
8
BLACK
6
CONTINUOUS
10
65.9399999999999977
20
-101.5450000000000017
11
65.9385359999999991
21
-101.5485359999999986
0
LINE
8
BLACK
6
CONTINUOUS
10
65.9385359999999991
20
-101.5485359999999986
11
65.9350000000000023
21
-101.5499999999999972
0
LINE
8
BLACK
6
CONTINUOUS
10
65.9350000000000023
20
-101.5499999999999972
11
65.5649999999999977
21
-101.5499999999999972
0
LINE
8
BLACK
6
CONTINUOUS
10
65.5649999999999977
20
-101.5499999999999972
11
65.5614640000000009
21
-101.5485359999999986
0
LINE
8
BLACK
6
CONTINUOUS
10
65.5614640000000009
20
-101.5485359999999986
11
65.5600000000000023
21
-101.5450000000000017
0
LINE
8
BLACK
6
CONTINUOUS
10
65.5600000000000023
20
-101.5450000000000017
11
65.5600000000000023
21
-100.5849999999999937
0
LINE
8
BLACK
6
CONTINUOUS
10
65.5600000000000023
20
-100.5849999999999937
11
65.5614640000000009
21
-100.5814639999999969
0
LINE
8
BLACK
6
CONTINUOUS
10
65.5614640000000009
20
-100.5814639999999969
11
65.5649999999999977
21
-100.5799999999999983
0
LINE
8
BLACK
6
CONTINUOUS
10
65.5649999999999977
20
-100.5799999999999983
11
65.9350000000000023
21
-100.5799999999999983
0
LINE
8
BLACK
6
CONTINUOUS
10
65.9350000000000023
20
-100.5799999999999983
11
65.9385359999999991
21
-100.5814639999999969
0
LINE
8
BLACK
6
CONTINUOUS
10
66.4385359999999991
20
-100.5814639999999969
11
66.4399999999999977
21
-100.5849999999999937
0
LINE
8
BLACK
6
CONTINUOUS
10
66.4399999999999977
20
-100.5849999999999937
11
66.4399999999999977
21
-101.5450000000000017
0
LINE
8
BLACK
6
CONTINUOUS
10
66.4399999999999977
20
-101.5450000000000017
11
66.4385359999999991
21
-101.5485359999999986
0
LINE
8
BLACK
6
CONTINUOUS
10
66.4385359999999991
20
-101.5485359999999986
11
66.4350000000000023
21
-101.5499999999999972
0
LINE
8
BLACK
6
CONTINUOUS
10
66.4350000000000023
20
-101.5499999999999972
11
66.0649999999999977
21
-101.5499999999999972
0
LINE
8
BLACK
6
CONTINUOUS
10
66.0649999999999977
20
-101.5499999999999972
11
66.0614640000000009
21
-101.5485359999999986
0
LINE
8
BLACK
6
CONTINUOUS
10
66.0614640000000009
20
-101.5485359999999986
11
66.0600000000000023
21
-101.5450000000000017
0
LINE
8
BLACK
6
CONTINUOUS
10
66.0600000000000023
20
-101.5450000000000017
11
66.0600000000000023
21
-100.5849999999999937
0
LINE
8
BLACK
6
CONTINUOUS
10
66.0600000000000023
20
-100.5849999999999937
11
66.0614640000000009
21
-100.5814639999999969
0
LINE
8
BLACK
6
CONTINUOUS
10
66.0614640000000009
20
-100.5814639999999969
11
66.0649999999999977
21
-100.5799999999999983
0
LINE
8
BLACK
6
CONTINUOUS
10
66.0649999999999977
20
-100.5799999999999983
11
66.4350000000000023
21
-100.5799999999999983
0
LINE
8
BLACK
6
CONTINUOUS
10
66.4350000000000023
20
-100.5799999999999983
11
66.4385359999999991
21
-100.5814639999999969
0
LINE
8
BLACK
6
CONTINUOUS
10
66.9385359999999991
20
-100.5814639999999969
11
66.9399999999999977
21
-100.5849999999999937
0
LINE
8
BLACK
6
CONTINUOUS
10
66.9399999999999977
20
-100.5849999999999937
11
66.9399999999999977
21
-101.5450000000000017
0
LINE
8
BLACK
6
CONTINUOUS
10
66.9399999999999977
20
-101.5450000000000017
11
66.9385359999999991
21
-101.5485359999999986
0
LINE
8
BLACK
6
CONTINUOUS
10
66.9385359999999991
20
-101.5485359999999986
11
66.9350000000000023
21
-101.5499999999999972
0
LINE
8
BLACK
6
CONTINUOUS
10
66.9350000000000023
20
-101.5499999999999972
11
66.5649999999999977
21
-101.5499999999999972
0
LINE
8
BLACK
6
CONTINUOUS
10
66.5649999999999977
20
-101.5499999999999972
11
66.5614640000000009
21
-101.5485359999999986
0
LINE
8
BLACK
6
CONTINUOUS
10
66.5614640000000009
20
-101.5485359999999986
11
66.5600000000000023
21
-101.5450000000000017
0
LINE
8
BLACK
6
CONTINUOUS
10
66.5600000000000023
20
-101.5450000000000017
11
66.5600000000000023
21
-100.5849999999999937
0
LINE
8
BLACK
6
CONTINUOUS
10
66.5600000000000023
20
-100.5849999999999937
11
66.5614640000000009
21
-100.5814639999999969
0
LINE
8
BLACK
6
CONTINUOUS
10
66.5614640000000009
20
-100.5814639999999969
11
66.5649999999999977
21
-100.5799999999999983
0
LINE
8
BLACK
6
CONTINUOUS
10
66.5649999999999977
20
-100.5799999999999983
11
66.9350000000000023
21
-100.5799999999999983
0
LINE
8
BLACK
6
CONTINUOUS
10
66.9350000000000023
20
-100.5799999999999983
11
66.9385359999999991
21
-100.5814639999999969
0
LINE
8
BLACK
6
CONTINUOUS
10
67.4385359999999991
20
-100.5814639999999969
11
67.4399999999999977
21
-100.5849999999999937
0
LINE
8
BLACK
6
CONTINUOUS
10
67.4399999999999977
20
-100.5849999999999937
11
67.4399999999999977
21
-101.5450000000000017
0
LINE
8
BLACK
6
CONTINUOUS
10
67.4399999999999977
20
-101.5450000000000017
11
67.4385359999999991
21
-101.5485359999999986
0
LINE
8
BLACK
6
CONTINUOUS
10
67.4385359999999991
20
-101.5485359999999986
11
67.4350000000000023
21
-101.5499999999999972
0
LINE
8
BLACK
6
CONTINUOUS
10
67.4350000000000023
20
-101.5499999999999972
11
67.0649999999999977
21
-101.5499999999999972
0
LINE
8
BLACK
6
CONTINUOUS
10
67.0649999999999977
20
-101.5499999999999972
11
67.0614640000000009
21
-101.5485359999999986
0
LINE
8
BLACK
6
CONTINUOUS
10
67.0614640000000009
20
-101.5485359999999986
11
67.0600000000000023
21
-101.5450000000000017
0
LINE
8
BLACK
6
CONTINUOUS
10
67.0600000000000023
20
-101.5450000000000017
11
67.0600000000000023
21
-100.5849999999999937
0
LINE
8
BLACK
6
CONTINUOUS
10
67.0600000000000023
20
-100.5849999999999937
11
67.0614640000000009
21
-100.5814639999999969
0
LINE
8
BLACK
6
CONTINUOUS
10
67.0614640000000009
20
-100.5814639999999969
11
67.0649999999999977
21
-100.5799999999999983
0
LINE
8
BLACK
6
CONTINUOUS
10
67.0649999999999977
20
-100.5799999999999983
11
67.4350000000000023
21
-100.5799999999999983
0
LINE
8
BLACK
6
CONTINUOUS
10
67.4350000000000023
20
-100.5799999999999983
11
67.4385359999999991
21
-100.5814639999999969
0
LINE
8
BLACK
6
CONTINUOUS
10
67.9385359999999991
20
-100.5814639999999969
11
67.9399999999999977
21
-100.5849999999999937
0
LINE
8
BLACK
6
CONTINUOUS
10
67.9399999999999977
20
-100.5849999999999937
11
67.9399999999999977
21
-101.5450000000000017
0
LINE
8
BLACK
6
CONTINUOUS
10
67.9399999999999977
20
-101.5450000000000017
11
67.9385359999999991
21
-101.5485359999999986
0
LINE
8
BLACK
6
CONTINUOUS
10
67.9385359999999991
20
-101.5485359999999986
11
67.9350000000000023
21
-101.5499999999999972
0
LINE
8
BLACK
6
CONTINUOUS
10
67.9350000000000023
20
-101.5499999999999972
11
67.5649999999999977
21
-101.5499999999999972
0
LINE
8
BLACK
6
CONTINUOUS
10
67.5649999999999977
20
-101.5499999999999972
11
67.5614640000000009
21
-101.5485359999999986
0
LINE
8
BLACK
6
CONTINUOUS
10
67.5614640000000009
20
-101.5485359999999986
11
67.5600000000000023
21
-101.5450000000000017
0
LINE
8
BLACK
6
CONTINUOUS
10
67.5600000000000023
20
-101.5450000000000017
11
67.5600000000000023
21
-100.5849999999999937
0
LINE
8
BLACK
6
CONTINUOUS
10
67.5600000000000023
20
-100.5849999999999937
11
67.5614640000000009
21
-100.5814639999999969
0
LINE
8
BLACK
6
CONTINUOUS
10
67.5614640000000009
20
-100.5814639999999969
11
67.5649999999999977
21
-100.5799999999999983
0
LINE
8
BLACK
6
CONTINUOUS
10
67.5649999999999977
20
-100.5799999999999983
11
67.9350000000000023
21
-100.5799999999999983
0
LINE
8
BLACK
6
CONTINUOUS
10
67.9350000000000023
20
-100.5799999999999983
11
67.9385359999999991
21
-100.5814639999999969
0
LINE
8
BLACK
6
CONTINUOUS
10
68.4385359999999991
20
-100.5814639999999969
11
68.4399999999999977
21
-100.5849999999999937
0
LINE
8
BLACK
6
CONTINUOUS
10
68.4399999999999977
20
-100.5849999999999937
11
68.4399999999999977
21
-101.5450000000000017
0
LINE
8
BLACK
6
CONTINUOUS
10
68.4399999999999977
20
-101.5450000000000017
11
68.4385359999999991
21
-101.5485359999999986
0
LINE
8
BLACK
6
CONTINUOUS
10
68.4385359999999991
20
-101.5485359999999986
11
68.4350000000000023
21
-101.5499999999999972
0
LINE
8
BLACK
6
CONTINUOUS
10
68.4350000000000023
20
-101.5499999999999972
11
68.0649999999999977
21
-101.5499999999999972
0
LINE
8
BLACK
6
CONTINUOUS
10
68.0649999999999977
20
-101.5499999999999972
11
68.0614640000000009
21
-101.5485359999999986
0
LINE
8
BLACK
6
CONTINUOUS
10
68.0614640000000009
20
-101.5485359999999986
11
68.0600000000000023
21
-101.5450000000000017
0
LINE
8
BLACK
6
CONTINUOUS
10
68.0600000000000023
20
-101.5450000000000017
11
68.0600000000000023
21
-100.5849999999999937
0
LINE
8
BLACK
6
CONTINUOUS
10
68.0600000000000023
20
-100.5849999999999937
11
68.0614640000000009
21
-100.5814639999999969
0
LINE
8
BLACK
6
CONTINUOUS
10
68.0614640000000009
20
-100.5814639999999969
11
68.0649999999999977
21
-100.5799999999999983
0
LINE
8
BLACK
6
CONTINUOUS
10
68.0649999999999977
20
-100.5799999999999983
11
68.4350000000000023
21
-100.5799999999999983
0
LINE
8
BLACK
6
CONTINUOUS
10
68.4350000000000023
20
-100.5799999999999983
11
68.4385359999999991
21
-100.5814639999999969
0
LINE
8
BLACK
6
CONTINUOUS
10
68.9385359999999991
20
-100.5814639999999969
11
68.9399999999999977
21
-100.5849999999999937
0
LINE
8
BLACK
6
CONTINUOUS
10
68.9399999999999977
20
-100.5849999999999937
11
68.9399999999999977
21
-101.5450000000000017
0
LINE
8
BLACK
6
CONTINUOUS
10
68.9399999999999977
20
-101.5450000000000017
11
68.9385359999999991
21
-101.5485359999999986
0
LINE
8
BLACK
6
CONTINUOUS
10
68.9385359999999991
20
-101.5485359999999986
11
68.9350000000000023
21
-101.5499999999999972
0
LINE
8
BLACK
6
CONTINUOUS
10
68.9350000000000023
20
-101.5499999999999972
11
68.5649999999999977
21
-101.5499999999999972
0
LINE
8
BLACK
6
CONTINUOUS
10
68.5649999999999977
20
-101.5499999999999972
11
68.5614640000000009
21
-101.5485359999999986
0
LINE
8
BLACK
6
CONTINUOUS
10
68.5614640000000009
20
-101.5485359999999986
11
68.5600000000000023
21
-101.5450000000000017
0
LINE
8
BLACK
6
CONTINUOUS
10
68.5600000000000023
20
-101.5450000000000017
11
68.5600000000000023
21
-100.5849999999999937
0
LINE
8
BLACK
6
CONTINUOUS
10
68.5600000000000023
20
-100.5849999999999937
11
68.5614640000000009
21
-100.5814639999999969
0
LINE
8
BLACK
6
CONTINUOUS
10
68.5614640000000009
20
-100.5814639999999969
11
68.5649999999999977
21
-100.5799999999999983
0
LINE
8
BLACK
6
CONTINUOUS
10
68.5649999999999977
20
-100.5799999999999983
11
68.9350000000000023
21
-100.5799999999999983
0
LINE
8
BLACK
6
CONTINUOUS
10
68.9350000000000023
20
-100.5799999999999983
11
68.9385359999999991
21
-100.5814639999999969
0
LINE
8
BLACK
6
CONTINUOUS
10
69.4385359999999991
20
-100.5814639999999969
11
69.4399999999999977
21
-100.5849999999999937
0
LINE
8
BLACK
6
CONTINUOUS
10
69.4399999999999977
20
-100.5849999999999937
11
69.4399999999999977
21
-101.5450000000000017
0
LINE
8
BLACK
6
CONTINUOUS
10
69.4399999999999977
20
-101.5450000000000017
11
69.4385359999999991
21
-101.5485359999999986
0
LINE
8
BLACK
6
CONTINUOUS
10
69.4385359999999991
20
-101.5485359999999986
11
69.4350000000000023
21
-101.5499999999999972
0
LINE
8
BLACK
6
CONTINUOUS
10
69.4350000000000023
20
-101.5499999999999972
11
69.0649999999999977
21
-101.5499999999999972
0
LINE
8
BLACK
6
CONTINUOUS
10
69.0649999999999977
20
-101.5499999999999972
11
69.0614640000000009
21
-101.5485359999999986
0
LINE
8
BLACK
6
CONTINUOUS
10
69.0614640000000009
20
-101.5485359999999986
11
69.0600000000000023
21
-101.5450000000000017
0
LINE
8
BLACK
6
CONTINUOUS
10
69.0600000000000023
20
-101.5450000000000017
11
69.0600000000000023
21
-100.5849999999999937
0
LINE
8
BLACK
6
CONTINUOUS
10
69.0600000000000023
20
-100.5849999999999937
11
69.0614640000000009
21
-100.5814639999999969
0
LINE
8
BLACK
6
CONTINUOUS
10
69.0614640000000009
20
-100.5814639999999969
11
69.0649999999999977
21
-100.5799999999999983
0
LINE
8
BLACK
6
CONTINUOUS
10
69.0649999999999977
20
-100.5799999999999983
11
69.4350000000000023
21
-100.5799999999999983
0
LINE
8
BLACK
6
CONTINUOUS
10
69.4350000000000023
20
-100.5799999999999983
11
69.4385359999999991
21
-100.5814639999999969
0
LINE
8
BLACK
6
CONTINUOUS
10
69.9385359999999991
20
-100.5814639999999969
11
69.9399999999999977
21
-100.5849999999999937
0
LINE
8
BLACK
6
CONTINUOUS
10
69.9399999999999977
20
-100.5849999999999937
11
69.9399999999999977
21
-101.5450000000000017
0
LINE
8
BLACK
6
CONTINUOUS
10
69.9399999999999977
20
-101.5450000000000017
11
69.9385359999999991
21
-101.5485359999999986
0
LINE
8
BLACK
6
CONTINUOUS
10
69.9385359999999991
20
-101.5485359999999986
11
69.9350000000000023
21
-101.5499999999999972
0
LINE
8
BLACK
6
CONTINUOUS
10
69.9350000000000023
20
-101.5499999999999972
11
69.5649999999999977
21
-101.5499999999999972
0
LINE
8
BLACK
6
CONTINUOUS
10
69.5649999999999977
20
-101.5499999999999972
11
69.5614640000000009
21
-101.5485359999999986
0
LINE
8
BLACK
6
CONTINUOUS
10
69.5614640000000009
20
-101.5485359999999986
11
69.5600000000000023
21
-101.5450000000000017
0
LINE
8
BLACK
6
CONTINUOUS
10
69.5600000000000023
20
-101.5450000000000017
11
69.5600000000000023
21
-100.5849999999999937
0
LINE
8
BLACK
6
CONTINUOUS
10
69.5600000000000023
20
-100.5849999999999937
11
69.5614640000000009
21
-100.5814639999999969
0
LINE
8
BLACK
6
CONTINUOUS
10
69.5614640000000009
20
-100.5814639999999969
11
69.5649999999999977
21
-100.5799999999999983
0
LINE
8
BLACK
6
CONTINUOUS
10
69.5649999999999977
20
-100.5799999999999983
11
69.9350000000000023
21
-100.5799999999999983
0
LINE
8
BLACK
6
CONTINUOUS
10
69.9350000000000023
20
-100.5799999999999983
11
69.9385359999999991
21
-100.5814639999999969
0
LINE
8
BLACK
6
CONTINUOUS
10
70.4385359999999991
20
-100.5814639999999969
11
70.4399999999999977
21
-100.5849999999999937
0
LINE
8
BLACK
6
CONTINUOUS
10
70.4399999999999977
20
-100.5849999999999937
11
70.4399999999999977
21
-101.5450000000000017
0
LINE
8
BLACK
6
CONTINUOUS
10
70.4399999999999977
20
-101.5450000000000017
11
70.4385359999999991
21
-101.5485359999999986
0
LINE
8
BLACK
6
CONTINUOUS
10
70.4385359999999991
20
-101.5485359999999986
11
70.4350000000000023
21
-101.5499999999999972
0
LINE
8
BLACK
6
CONTINUOUS
10
70.4350000000000023
20
-101.5499999999999972
11
70.0649999999999977
21
-101.5499999999999972
0
LINE
8
BLACK
6
CONTINUOUS
10
70.0649999999999977
20
-101.5499999999999972
11
70.0614640000000009
21
-101.5485359999999986
0
LINE
8
BLACK
6
CONTINUOUS
10
70.0614640000000009
20
-101.5485359999999986
11
70.0600000000000023
21
-101.5450000000000017
0
LINE
8
BLACK
6
CONTINUOUS
10
70.0600000000000023
20
-101.5450000000000017
11
70.0600000000000023
21
-100.5849999999999937
0
LINE
8
BLACK
6
CONTINUOUS
10
70.0600000000000023
20
-100.5849999999999937
11
70.0614640000000009
21
-100.5814639999999969
0
LINE
8
BLACK
6
CONTINUOUS
10
70.0614640000000009
20
-100.5814639999999969
11
70.0649999999999977
21
-100.5799999999999983
0
LINE
8
BLACK
6
CONTINUOUS
10
70.0649999999999977
20
-100.5799999999999983
11
70.4350000000000023
21
-100.5799999999999983
0
LINE
8
BLACK
6
CONTINUOUS
10
70.4350000000000023
20
-100.5799999999999983
11
70.4385359999999991
21
-100.5814639999999969
0
LINE
8
BLACK
6
CONTINUOUS
10
91.6108869999999911
20
-100.5330790000000007
11
91.6879380000000026
21
-100.5845619999999911
0
LINE
8
BLACK
6
CONTINUOUS
10
91.6879380000000026
20
-100.5845619999999911
11
91.739420999999993
21
-100.6616129999999885
0
LINE
8
BLACK
6
CONTINUOUS
10
91.739420999999993
20
-100.6616129999999885
11
91.7574999999999932
21
-100.7524999999999977
0
LINE
8
BLACK
6
CONTINUOUS
10
91.7574999999999932
20
-100.7524999999999977
11
91.7574999999999932
21
-101.227499999999992
0
LINE
8
BLACK
6
CONTINUOUS
10
91.7574999999999932
20
-101.227499999999992
11
91.739420999999993
21
-101.3183870000000013
0
LINE
8
BLACK
6
CONTINUOUS
10
91.739420999999993
20
-101.3183870000000013
11
91.6879380000000026
21
-101.3954379999999986
0
LINE
8
BLACK
6
CONTINUOUS
10
91.6879380000000026
20
-101.3954379999999986
11
91.6108869999999911
21
-101.446920999999989
0
LINE
8
BLACK
6
CONTINUOUS
10
91.6108869999999911
20
-101.446920999999989
11
91.519999999999996
21
-101.4649999999999892
0
LINE
8
BLACK
6
CONTINUOUS
10
91.519999999999996
20
-101.4649999999999892
11
90.9200000000000017
21
-101.4649999999999892
0
LINE
8
BLACK
6
CONTINUOUS
10
90.9200000000000017
20
-101.4649999999999892
11
90.8291129999999924
21
-101.446920999999989
0
LINE
8
BLACK
6
CONTINUOUS
10
90.8291129999999924
20
-101.446920999999989
11
90.7520619999999951
21
-101.3954379999999986
0
LINE
8
BLACK
6
CONTINUOUS
10
90.7520619999999951
20
-101.3954379999999986
11
90.7005789999999905
21
-101.3183870000000013
0
LINE
8
BLACK
6
CONTINUOUS
10
90.7005789999999905
20
-101.3183870000000013
11
90.6824999999999903
21
-101.227499999999992
0
LINE
8
BLACK
6
CONTINUOUS
10
90.6824999999999903
20
-101.227499999999992
11
90.6824999999999903
21
-100.7524999999999977
0
LINE
8
BLACK
6
CONTINUOUS
10
90.6824999999999903
20
-100.7524999999999977
11
90.7005789999999905
21
-100.6616129999999885
0
LINE
8
BLACK
6
CONTINUOUS
10
90.7005789999999905
20
-100.6616129999999885
11
90.7520619999999951
21
-100.5845619999999911
0
LINE
8
BLACK
6
CONTINUOUS
10
90.7520619999999951
20
-100.5845619999999911
11
90.8291129999999924
21
-100.5330790000000007
0
LINE
8
BLACK
6
CONTINUOUS
10
90.8291129999999924
20
-100.5330790000000007
11
90.9200000000000017
21
-100.5150000000000006
0
LINE
8
BLACK
6
CONTINUOUS
10
90.9200000000000017
20
-100.5150000000000006
11
91.519999999999996
21
-100.5150000000000006
0
LINE
8
BLACK
6
CONTINUOUS
10
91.519999999999996
20
-100.5150000000000006
11
91.6108869999999911
21
-100.5330790000000007
0
LINE
8
BLACK
6
CONTINUOUS
10
93.3358869999999996
20
-100.5330790000000007
11
93.4129379999999969
21
-100.5845619999999911
0
LINE
8
BLACK
6
CONTINUOUS
10
93.4129379999999969
20
-100.5845619999999911
11
93.4644210000000015
21
-100.6616129999999885
0
LINE
8
BLACK
6
CONTINUOUS
10
93.4644210000000015
20
-100.6616129999999885
11
93.4825000000000017
21
-100.7524999999999977
0
LINE
8
BLACK
6
CONTINUOUS
10
93.4825000000000017
20
-100.7524999999999977
11
93.4825000000000017
21
-101.227499999999992
0
LINE
8
BLACK
6
CONTINUOUS
10
93.4825000000000017
20
-101.227499999999992
11
93.4644210000000015
21
-101.3183870000000013
0
LINE
8
BLACK
6
CONTINUOUS
10
93.4644210000000015
20
-101.3183870000000013
11
93.4129379999999969
21
-101.3954379999999986
0
LINE
8
BLACK
6
CONTINUOUS
10
93.4129379999999969
20
-101.3954379999999986
11
93.3358869999999996
21
-101.446920999999989
0
LINE
8
BLACK
6
CONTINUOUS
10
93.3358869999999996
20
-101.446920999999989
11
93.2449999999999903
21
-101.4649999999999892
0
LINE
8
BLACK
6
CONTINUOUS
10
93.2449999999999903
20
-101.4649999999999892
11
92.644999999999996
21
-101.4649999999999892
0
LINE
8
BLACK
6
CONTINUOUS
10
92.644999999999996
20
-101.4649999999999892
11
92.554113000000001
21
-101.446920999999989
0
LINE
8
BLACK
6
CONTINUOUS
10
92.554113000000001
20
-101.446920999999989
11
92.4770619999999894
21
-101.3954379999999986
0
LINE
8
BLACK
6
CONTINUOUS
10
92.4770619999999894
20
-101.3954379999999986
11
92.425578999999999
21
-101.3183870000000013
0
LINE
8
BLACK
6
CONTINUOUS
10
92.425578999999999
20
-101.3183870000000013
11
92.4074999999999989
21
-101.227499999999992
0
LINE
8
BLACK
6
CONTINUOUS
10
92.4074999999999989
20
-101.227499999999992
11
92.4074999999999989
21
-100.7524999999999977
0
LINE
8
BLACK
6
CONTINUOUS
10
92.4074999999999989
20
-100.7524999999999977
11
92.425578999999999
21
-100.6616129999999885
0
LINE
8
BLACK
6
CONTINUOUS
10
92.425578999999999
20
-100.6616129999999885
11
92.4770619999999894
21
-100.5845619999999911
0
LINE
8
BLACK
6
CONTINUOUS
10
92.4770619999999894
20
-100.5845619999999911
11
92.554113000000001
21
-100.5330790000000007
0
LINE
8
BLACK
6
CONTINUOUS
10
92.554113000000001
20
-100.5330790000000007
11
92.644999999999996
21
-100.5150000000000006
0
LINE
8
BLACK
6
CONTINUOUS
10
92.644999999999996
20
-100.5150000000000006
11
93.2449999999999903
21
-100.5150000000000006
0
LINE
8
BLACK
6
CONTINUOUS
10
93.2449999999999903
20
-100.5150000000000006
11
93.3358869999999996
21
-100.5330790000000007
0
LINE
8
BLACK
6
CONTINUOUS
10
53.25
20
-101.3499999999999943
11
51.75
21
-101.3499999999999943
0
LINE
8
BLACK
6
CONTINUOUS
10
51.75
20
-101.3499999999999943
11
51.75
21
-100.6499999999999915
0
LINE
8
BLACK
6
CONTINUOUS
10
51.75
20
-100.6499999999999915
11
53.25
21
-100.6499999999999915
0
LINE
8
BLACK
6
CONTINUOUS
10
53.25
20
-100.6499999999999915
11
53.25
21
-101.3499999999999943
0
LINE
8
BLACK
6
CONTINUOUS
10
126.8499999999999943
20
-101.0999999999999943
11
123.8499999999999943
21
-101.0999999999999943
0
LINE
8
BLACK
6
CONTINUOUS
10
123.8499999999999943
20
-101.0999999999999943
11
123.8499999999999943
21
-98.0999999999999943
0
LINE
8
BLACK
6
CONTINUOUS
10
123.8499999999999943
20
-98.0999999999999943
11
126.8499999999999943
21
-98.0999999999999943
0
LINE
8
BLACK
6
CONTINUOUS
10
126.8499999999999943
20
-98.0999999999999943
11
126.8499999999999943
21
-101.0999999999999943
0
LINE
8
BLACK
6
CONTINUOUS
10
118.2001679999999908
20
-98.1414449999999903
11
118.4240250000000003
21
-98.2141809999999964
0
LINE
8
BLACK
6
CONTINUOUS
10
118.4240250000000003
20
-98.2141809999999964
11
118.6337479999999971
21
-98.3210399999999964
0
LINE
8
BLACK
6
CONTINUOUS
10
118.6337479999999971
20
-98.3210399999999964
11
118.8241719999999901
21
-98.4593909999999966
0
LINE
8
BLACK
6
CONTINUOUS
10
118.8241719999999901
20
-98.4593909999999966
11
118.9906089999999921
21
-98.6258279999999985
0
LINE
8
BLACK
6
CONTINUOUS
10
118.9906089999999921
20
-98.6258279999999985
11
119.1289599999999922
21
-98.8162519999999915
0
LINE
8
BLACK
6
CONTINUOUS
10
119.1289599999999922
20
-98.8162519999999915
11
119.2358189999999922
21
-99.0259750000000025
0
LINE
8
BLACK
6
CONTINUOUS
10
119.2358189999999922
20
-99.0259750000000025
11
119.3085549999999984
21
-99.2498319999999978
0
LINE
8
BLACK
6
CONTINUOUS
10
119.3085549999999984
20
-99.2498319999999978
11
119.3453760000000017
21
-99.4823109999999957
0
LINE
8
BLACK
6
CONTINUOUS
10
119.3453760000000017
20
-99.4823109999999957
11
119.3453760000000017
21
-99.7176889999999929
0
LINE
8
BLACK
6
CONTINUOUS
10
119.3453760000000017
20
-99.7176889999999929
11
119.3085549999999984
21
-99.9501679999999908
0
LINE
8
BLACK
6
CONTINUOUS
10
119.3085549999999984
20
-99.9501679999999908
11
119.2358189999999922
21
-100.1740250000000003
0
LINE
8
BLACK
6
CONTINUOUS
10
119.2358189999999922
20
-100.1740250000000003
11
119.1289599999999922
21
-100.3837479999999971
0
LINE
8
BLACK
6
CONTINUOUS
10
119.1289599999999922
20
-100.3837479999999971
11
118.9906089999999921
21
-100.5741719999999901
0
LINE
8
BLACK
6
CONTINUOUS
10
118.9906089999999921
20
-100.5741719999999901
11
118.8241719999999901
21
-100.7406089999999921
0
LINE
8
BLACK
6
CONTINUOUS
10
118.8241719999999901
20
-100.7406089999999921
11
118.6337479999999971
21
-100.8789599999999922
0
LINE
8
BLACK
6
CONTINUOUS
10
118.6337479999999971
20
-100.8789599999999922
11
118.4240250000000003
21
-100.9858189999999922
0
LINE
8
BLACK
6
CONTINUOUS
10
118.4240250000000003
20
-100.9858189999999922
11
118.2001679999999908
21
-101.0585549999999984
0
LINE
8
BLACK
6
CONTINUOUS
10
118.2001679999999908
20
-101.0585549999999984
11
117.9676889999999929
21
-101.0953760000000017
0
LINE
8
BLACK
6
CONTINUOUS
10
117.9676889999999929
20
-101.0953760000000017
11
117.7323109999999957
21
-101.0953760000000017
0
LINE
8
BLACK
6
CONTINUOUS
10
117.7323109999999957
20
-101.0953760000000017
11
117.4998319999999978
21
-101.0585549999999984
0
LINE
8
BLACK
6
CONTINUOUS
10
117.4998319999999978
20
-101.0585549999999984
11
117.2759749999999883
21
-100.9858189999999922
0
LINE
8
BLACK
6
CONTINUOUS
10
117.2759749999999883
20
-100.9858189999999922
11
117.0662519999999915
21
-100.8789599999999922
0
LINE
8
BLACK
6
CONTINUOUS
10
117.0662519999999915
20
-100.8789599999999922
11
116.8758279999999985
21
-100.7406089999999921
0
LINE
8
BLACK
6
CONTINUOUS
10
116.8758279999999985
20
-100.7406089999999921
11
116.7093909999999966
21
-100.5741719999999901
0
LINE
8
BLACK
6
CONTINUOUS
10
116.7093909999999966
20
-100.5741719999999901
11
116.5710399999999964
21
-100.3837479999999971
0
LINE
8
BLACK
6
CONTINUOUS
10
116.5710399999999964
20
-100.3837479999999971
11
116.4641809999999964
21
-100.1740250000000003
0
LINE
8
BLACK
6
CONTINUOUS
10
116.4641809999999964
20
-100.1740250000000003
11
116.3914449999999903
21
-99.9501679999999908
0
LINE
8
BLACK
6
CONTINUOUS
10
116.3914449999999903
20
-99.9501679999999908
11
116.3546240000000012
21
-99.7176889999999929
0
LINE
8
BLACK
6
CONTINUOUS
10
116.3546240000000012
20
-99.7176889999999929
11
116.3546240000000012
21
-99.4823109999999957
0
LINE
8
BLACK
6
CONTINUOUS
10
116.3546240000000012
20
-99.4823109999999957
11
116.3914449999999903
21
-99.2498319999999978
0
LINE
8
BLACK
6
CONTINUOUS
10
116.3914449999999903
20
-99.2498319999999978
11
116.4641809999999964
21
-99.0259750000000025
0
LINE
8
BLACK
6
CONTINUOUS
10
116.4641809999999964
20
-99.0259750000000025
11
116.5710399999999964
21
-98.8162519999999915
0
LINE
8
BLACK
6
CONTINUOUS
10
116.5710399999999964
20
-98.8162519999999915
11
116.7093909999999966
21
-98.6258279999999985
0
LINE
8
BLACK
6
CONTINUOUS
10
116.7093909999999966
20
-98.6258279999999985
11
116.8758279999999985
21
-98.4593909999999966
0
LINE
8
BLACK
6
CONTINUOUS
10
116.8758279999999985
20
-98.4593909999999966
11
117.0662519999999915
21
-98.3210399999999964
0
LINE
8
BLACK
6
CONTINUOUS
10
117.0662519999999915
20
-98.3210399999999964
11
117.2759749999999883
21
-98.2141809999999964
0
LINE
8
BLACK
6
CONTINUOUS
10
117.2759749999999883
20
-98.2141809999999964
11
117.4998319999999978
21
-98.1414449999999903
0
LINE
8
BLACK
6
CONTINUOUS
10
117.4998319999999978
20
-98.1414449999999903
11
117.7323109999999957
21
-98.1046240000000012
0
LINE
8
BLACK
6
CONTINUOUS
10
117.7323109999999957
20
-98.1046240000000012
11
117.9676889999999929
21
-98.1046240000000012
0
LINE
8
BLACK
6
CONTINUOUS
10
117.9676889999999929
20
-98.1046240000000012
11
118.2001679999999908
21
-98.1414449999999903
0
LINE
8
BLACK
6
CONTINUOUS
10
73.9283870000000007
20
-99.8430789999999888
11
74.0054379999999981
21
-99.8945619999999934
0
LINE
8
BLACK
6
CONTINUOUS
10
74.0054379999999981
20
-99.8945619999999934
11
74.0569210000000027
21
-99.9716129999999907
0
LINE
8
BLACK
6
CONTINUOUS
10
74.0569210000000027
20
-99.9716129999999907
11
74.0750000000000028
21
-100.0625
0
LINE
8
BLACK
6
CONTINUOUS
10
74.0750000000000028
20
-100.0625
11
74.0750000000000028
21
-100.6624999999999943
0
LINE
8
BLACK
6
CONTINUOUS
10
74.0750000000000028
20
-100.6624999999999943
11
74.0569210000000027
21
-100.7533869999999894
0
LINE
8
BLACK
6
CONTINUOUS
10
74.0569210000000027
20
-100.7533869999999894
11
74.0054379999999981
21
-100.8304380000000009
0
LINE
8
BLACK
6
CONTINUOUS
10
74.0054379999999981
20
-100.8304380000000009
11
73.9283870000000007
21
-100.8819209999999913
0
LINE
8
BLACK
6
CONTINUOUS
10
73.9283870000000007
20
-100.8819209999999913
11
73.8374999999999915
21
-100.8999999999999915
0
LINE
8
BLACK
6
CONTINUOUS
10
73.8374999999999915
20
-100.8999999999999915
11
73.3624999999999972
21
-100.8999999999999915
0
LINE
8
BLACK
6
CONTINUOUS
10
73.3624999999999972
20
-100.8999999999999915
11
73.2716130000000021
21
-100.8819209999999913
0
LINE
8
BLACK
6
CONTINUOUS
10
73.2716130000000021
20
-100.8819209999999913
11
73.1945619999999906
21
-100.8304380000000009
0
LINE
8
BLACK
6
CONTINUOUS
10
73.1945619999999906
20
-100.8304380000000009
11
73.1430790000000002
21
-100.7533869999999894
0
LINE
8
BLACK
6
CONTINUOUS
10
73.1430790000000002
20
-100.7533869999999894
11
73.125
21
-100.6624999999999943
0
LINE
8
BLACK
6
CONTINUOUS
10
73.125
20
-100.6624999999999943
11
73.125
21
-100.0625
0
LINE
8
BLACK
6
CONTINUOUS
10
73.125
20
-100.0625
11
73.1430790000000002
21
-99.9716129999999907
0
LINE
8
BLACK
6
CONTINUOUS
10
73.1430790000000002
20
-99.9716129999999907
11
73.1945619999999906
21
-99.8945619999999934
0
LINE
8
BLACK
6
CONTINUOUS
10
73.1945619999999906
20
-99.8945619999999934
11
73.2716130000000021
21
-99.8430789999999888
0
LINE
8
BLACK
6
CONTINUOUS
10
73.2716130000000021
20
-99.8430789999999888
11
73.3624999999999972
21
-99.8249999999999886
0
LINE
8
BLACK
6
CONTINUOUS
10
73.3624999999999972
20
-99.8249999999999886
11
73.8374999999999915
21
-99.8249999999999886
0
LINE
8
BLACK
6
CONTINUOUS
10
73.8374999999999915
20
-99.8249999999999886
11
73.9283870000000007
21
-99.8430789999999888
0
LINE
8
BLACK
6
CONTINUOUS
10
98.3215339999999998
20
-99.6482639999999975
11
98.3546249999999986
21
-99.6703749999999928
0
LINE
8
BLACK
6
CONTINUOUS
10
98.3546249999999986
20
-99.6703749999999928
11
98.376735999999994
21
-99.7034659999999917
0
LINE
8
BLACK
6
CONTINUOUS
10
98.376735999999994
20
-99.7034659999999917
11
98.3844999999999885
21
-99.7424999999999926
0
LINE
8
BLACK
6
CONTINUOUS
10
98.3844999999999885
20
-99.7424999999999926
11
98.3844999999999885
21
-100.7824999999999989
0
LINE
8
BLACK
6
CONTINUOUS
10
98.3844999999999885
20
-100.7824999999999989
11
98.376735999999994
21
-100.8215339999999998
0
LINE
8
BLACK
6
CONTINUOUS
10
98.376735999999994
20
-100.8215339999999998
11
98.3546249999999986
21
-100.8546249999999986
0
LINE
8
BLACK
6
CONTINUOUS
10
98.3546249999999986
20
-100.8546249999999986
11
98.3215339999999998
21
-100.876735999999994
0
LINE
8
BLACK
6
CONTINUOUS
10
98.3215339999999998
20
-100.876735999999994
11
98.2824999999999989
21
-100.8844999999999885
0
LINE
8
BLACK
6
CONTINUOUS
10
98.2824999999999989
20
-100.8844999999999885
11
97.2624999999999886
21
-100.8844999999999885
0
LINE
8
BLACK
6
CONTINUOUS
10
97.2624999999999886
20
-100.8844999999999885
11
97.2234660000000019
21
-100.876735999999994
0
LINE
8
BLACK
6
CONTINUOUS
10
97.2234660000000019
20
-100.876735999999994
11
97.1903749999999889
21
-100.8546249999999986
0
LINE
8
BLACK
6
CONTINUOUS
10
97.1903749999999889
20
-100.8546249999999986
11
97.1682639999999935
21
-100.8215339999999998
0
LINE
8
BLACK
6
CONTINUOUS
10
97.1682639999999935
20
-100.8215339999999998
11
97.160499999999999
21
-100.7824999999999989
0
LINE
8
BLACK
6
CONTINUOUS
10
97.160499999999999
20
-100.7824999999999989
11
97.160499999999999
21
-99.7424999999999926
0
LINE
8
BLACK
6
CONTINUOUS
10
97.160499999999999
20
-99.7424999999999926
11
97.1682639999999935
21
-99.7034659999999917
0
LINE
8
BLACK
6
CONTINUOUS
10
97.1682639999999935
20
-99.7034659999999917
11
97.1903749999999889
21
-99.6703749999999928
0
LINE
8
BLACK
6
CONTINUOUS
10
97.1903749999999889
20
-99.6703749999999928
11
97.2234660000000019
21
-99.6482639999999975
0
LINE
8
BLACK
6
CONTINUOUS
10
97.2234660000000019
20
-99.6482639999999975
11
97.2624999999999886
21
-99.6404999999999887
0
LINE
8
BLACK
6
CONTINUOUS
10
97.2624999999999886
20
-99.6404999999999887
11
98.2824999999999989
21
-99.6404999999999887
0
LINE
8
BLACK
6
CONTINUOUS
10
98.2824999999999989
20
-99.6404999999999887
11
98.3215339999999998
21
-99.6482639999999975
0
LINE
8
BLACK
6
CONTINUOUS
10
96.1008870000000002
20
-99.6155789999999968
11
96.1779379999999975
21
-99.6670620000000014
0
LINE
8
BLACK
6
CONTINUOUS
10
96.1779379999999975
20
-99.6670620000000014
11
96.2294210000000021
21
-99.7441129999999987
0
LINE
8
BLACK
6
CONTINUOUS
10
96.2294210000000021
20
-99.7441129999999987
11
96.2475000000000023
21
-99.8349999999999937
0
LINE
8
BLACK
6
CONTINUOUS
10
96.2475000000000023
20
-99.8349999999999937
11
96.2475000000000023
21
-100.3349999999999937
0
LINE
8
BLACK
6
CONTINUOUS
10
96.2475000000000023
20
-100.3349999999999937
11
96.2294210000000021
21
-100.4258869999999888
0
LINE
8
BLACK
6
CONTINUOUS
10
96.2294210000000021
20
-100.4258869999999888
11
96.1779379999999975
21
-100.5029380000000003
0
LINE
8
BLACK
6
CONTINUOUS
10
96.1779379999999975
20
-100.5029380000000003
11
96.1008870000000002
21
-100.5544209999999907
0
LINE
8
BLACK
6
CONTINUOUS
10
96.1008870000000002
20
-100.5544209999999907
11
96.0099999999999909
21
-100.5724999999999909
0
LINE
8
BLACK
6
CONTINUOUS
10
96.0099999999999909
20
-100.5724999999999909
11
95.5349999999999966
21
-100.5724999999999909
0
LINE
8
BLACK
6
CONTINUOUS
10
95.5349999999999966
20
-100.5724999999999909
11
95.4441130000000015
21
-100.5544209999999907
0
LINE
8
BLACK
6
CONTINUOUS
10
95.4441130000000015
20
-100.5544209999999907
11
95.36706199999999
21
-100.5029380000000003
0
LINE
8
BLACK
6
CONTINUOUS
10
95.36706199999999
20
-100.5029380000000003
11
95.3155789999999996
21
-100.4258869999999888
0
LINE
8
BLACK
6
CONTINUOUS
10
95.3155789999999996
20
-100.4258869999999888
11
95.2974999999999994
21
-100.3349999999999937
0
LINE
8
BLACK
6
CONTINUOUS
10
95.2974999999999994
20
-100.3349999999999937
11
95.2974999999999994
21
-99.8349999999999937
0
LINE
8
BLACK
6
CONTINUOUS
10
95.2974999999999994
20
-99.8349999999999937
11
95.3155789999999996
21
-99.7441129999999987
0
LINE
8
BLACK
6
CONTINUOUS
10
95.3155789999999996
20
-99.7441129999999987
11
95.36706199999999
21
-99.6670620000000014
0
LINE
8
BLACK
6
CONTINUOUS
10
95.36706199999999
20
-99.6670620000000014
11
95.4441130000000015
21
-99.6155789999999968
0
LINE
8
BLACK
6
CONTINUOUS
10
95.4441130000000015
20
-99.6155789999999968
11
95.5349999999999966
21
-99.5974999999999966
0
LINE
8
BLACK
6
CONTINUOUS
10
95.5349999999999966
20
-99.5974999999999966
11
96.0099999999999909
21
-99.5974999999999966
0
LINE
8
BLACK
6
CONTINUOUS
10
96.0099999999999909
20
-99.5974999999999966
11
96.1008870000000002
21
-99.6155789999999968
0
LINE
8
BLACK
6
CONTINUOUS
10
59.0240340000000003
20
-99.4557640000000021
11
59.0571249999999992
21
-99.4778749999999974
0
LINE
8
BLACK
6
CONTINUOUS
10
59.0571249999999992
20
-99.4778749999999974
11
59.0792359999999945
21
-99.5109659999999963
0
LINE
8
BLACK
6
CONTINUOUS
10
59.0792359999999945
20
-99.5109659999999963
11
59.0869999999999962
21
-99.5499999999999972
0
LINE
8
BLACK
6
CONTINUOUS
10
59.0869999999999962
20
-99.5499999999999972
11
59.0869999999999962
21
-100.4499999999999886
0
LINE
8
BLACK
6
CONTINUOUS
10
59.0869999999999962
20
-100.4499999999999886
11
59.0792359999999945
21
-100.4890339999999895
0
LINE
8
BLACK
6
CONTINUOUS
10
59.0792359999999945
20
-100.4890339999999895
11
59.0571249999999992
21
-100.5221249999999884
0
LINE
8
BLACK
6
CONTINUOUS
10
59.0571249999999992
20
-100.5221249999999884
11
59.0240340000000003
21
-100.5442359999999979
0
LINE
8
BLACK
6
CONTINUOUS
10
59.0240340000000003
20
-100.5442359999999979
11
58.9849999999999994
21
-100.5519999999999925
0
LINE
8
BLACK
6
CONTINUOUS
10
58.9849999999999994
20
-100.5519999999999925
11
58.0150000000000006
21
-100.5519999999999925
0
LINE
8
BLACK
6
CONTINUOUS
10
58.0150000000000006
20
-100.5519999999999925
11
57.9759659999999997
21
-100.5442359999999979
0
LINE
8
BLACK
6
CONTINUOUS
10
57.9759659999999997
20
-100.5442359999999979
11
57.9428750000000008
21
-100.5221249999999884
0
LINE
8
BLACK
6
CONTINUOUS
10
57.9428750000000008
20
-100.5221249999999884
11
57.9207639999999984
21
-100.4890339999999895
0
LINE
8
BLACK
6
CONTINUOUS
10
57.9207639999999984
20
-100.4890339999999895
11
57.9129999999999967
21
-100.4499999999999886
0
LINE
8
BLACK
6
CONTINUOUS
10
57.9129999999999967
20
-100.4499999999999886
11
57.9129999999999967
21
-99.5499999999999972
0
LINE
8
BLACK
6
CONTINUOUS
10
57.9129999999999967
20
-99.5499999999999972
11
57.9207639999999984
21
-99.5109659999999963
0
LINE
8
BLACK
6
CONTINUOUS
10
57.9207639999999984
20
-99.5109659999999963
11
57.9428750000000008
21
-99.4778749999999974
0
LINE
8
BLACK
6
CONTINUOUS
10
57.9428750000000008
20
-99.4778749999999974
11
57.9759659999999997
21
-99.4557640000000021
0
LINE
8
BLACK
6
CONTINUOUS
10
57.9759659999999997
20
-99.4557640000000021
11
58.0150000000000006
21
-99.4479999999999933
0
LINE
8
BLACK
6
CONTINUOUS
10
58.0150000000000006
20
-99.4479999999999933
11
58.9849999999999994
21
-99.4479999999999933
0
LINE
8
BLACK
6
CONTINUOUS
10
58.9849999999999994
20
-99.4479999999999933
11
59.0240340000000003
21
-99.4557640000000021
0
LINE
8
BLACK
6
CONTINUOUS
10
102.0783869999999922
20
-99.1805789999999945
11
102.1554379999999895
21
-99.2320619999999991
0
LINE
8
BLACK
6
CONTINUOUS
10
102.1554379999999895
20
-99.2320619999999991
11
102.2069209999999941
21
-99.3091129999999964
0
LINE
8
BLACK
6
CONTINUOUS
10
102.2069209999999941
20
-99.3091129999999964
11
102.2249999999999943
21
-99.3999999999999915
0
LINE
8
BLACK
6
CONTINUOUS
10
102.2249999999999943
20
-99.3999999999999915
11
102.2249999999999943
21
-100.
0
LINE
8
BLACK
6
CONTINUOUS
10
102.2249999999999943
20
-100.
11
102.2069209999999941
21
-100.0908869999999951
0
LINE
8
BLACK
6
CONTINUOUS
10
102.2069209999999941
20
-100.0908869999999951
11
102.1554379999999895
21
-100.1679379999999924
0
LINE
8
BLACK
6
CONTINUOUS
10
102.1554379999999895
20
-100.1679379999999924
11
102.0783869999999922
21
-100.219420999999997
0
LINE
8
BLACK
6
CONTINUOUS
10
102.0783869999999922
20
-100.219420999999997
11
101.9874999999999972
21
-100.2374999999999972
0
LINE
8
BLACK
6
CONTINUOUS
10
101.9874999999999972
20
-100.2374999999999972
11
101.5124999999999886
21
-100.2374999999999972
0
LINE
8
BLACK
6
CONTINUOUS
10
101.5124999999999886
20
-100.2374999999999972
11
101.4216129999999936
21
-100.219420999999997
0
LINE
8
BLACK
6
CONTINUOUS
10
101.4216129999999936
20
-100.219420999999997
11
101.3445619999999963
21
-100.1679379999999924
0
LINE
8
BLACK
6
CONTINUOUS
10
101.3445619999999963
20
-100.1679379999999924
11
101.2930789999999917
21
-100.0908869999999951
0
LINE
8
BLACK
6
CONTINUOUS
10
101.2930789999999917
20
-100.0908869999999951
11
101.2749999999999915
21
-100.
0
LINE
8
BLACK
6
CONTINUOUS
10
101.2749999999999915
20
-100.
11
101.2749999999999915
21
-99.3999999999999915
0
LINE
8
BLACK
6
CONTINUOUS
10
101.2749999999999915
20
-99.3999999999999915
11
101.2930789999999917
21
-99.3091129999999964
0
LINE
8
BLACK
6
CONTINUOUS
10
101.2930789999999917
20
-99.3091129999999964
11
101.3445619999999963
21
-99.2320619999999991
0
LINE
8
BLACK
6
CONTINUOUS
10
101.3445619999999963
20
-99.2320619999999991
11
101.4216129999999936
21
-99.1805789999999945
0
LINE
8
BLACK
6
CONTINUOUS
10
101.4216129999999936
20
-99.1805789999999945
11
101.5124999999999886
21
-99.1624999999999943
0
LINE
8
BLACK
6
CONTINUOUS
10
101.5124999999999886
20
-99.1624999999999943
11
101.9874999999999972
21
-99.1624999999999943
0
LINE
8
BLACK
6
CONTINUOUS
10
101.9874999999999972
20
-99.1624999999999943
11
102.0783869999999922
21
-99.1805789999999945
0
LINE
8
BLACK
6
CONTINUOUS
10
78.0283869999999951
20
-99.2430789999999945
11
78.1054379999999924
21
-99.2945619999999991
0
LINE
8
BLACK
6
CONTINUOUS
10
78.1054379999999924
20
-99.2945619999999991
11
78.156920999999997
21
-99.3716129999999964
0
LINE
8
BLACK
6
CONTINUOUS
10
78.156920999999997
20
-99.3716129999999964
11
78.1749999999999972
21
-99.4624999999999915
0
LINE
8
BLACK
6
CONTINUOUS
10
78.1749999999999972
20
-99.4624999999999915
11
78.1749999999999972
21
-99.9375
0
LINE
8
BLACK
6
CONTINUOUS
10
78.1749999999999972
20
-99.9375
11
78.156920999999997
21
-100.0283869999999951
0
LINE
8
BLACK
6
CONTINUOUS
10
78.156920999999997
20
-100.0283869999999951
11
78.1054379999999924
21
-100.1054379999999924
0
LINE
8
BLACK
6
CONTINUOUS
10
78.1054379999999924
20
-100.1054379999999924
11
78.0283869999999951
21
-100.156920999999997
0
LINE
8
BLACK
6
CONTINUOUS
10
78.0283869999999951
20
-100.156920999999997
11
77.9375
21
-100.1749999999999972
0
LINE
8
BLACK
6
CONTINUOUS
10
77.9375
20
-100.1749999999999972
11
77.4375
21
-100.1749999999999972
0
LINE
8
BLACK
6
CONTINUOUS
10
77.4375
20
-100.1749999999999972
11
77.3466129999999907
21
-100.156920999999997
0
LINE
8
BLACK
6
CONTINUOUS
10
77.3466129999999907
20
-100.156920999999997
11
77.2695619999999934
21
-100.1054379999999924
0
LINE
8
BLACK
6
CONTINUOUS
10
77.2695619999999934
20
-100.1054379999999924
11
77.218079000000003
21
-100.0283869999999951
0
LINE
8
BLACK
6
CONTINUOUS
10
77.218079000000003
20
-100.0283869999999951
11
77.2000000000000028
21
-99.9375
0
LINE
8
BLACK
6
CONTINUOUS
10
77.2000000000000028
20
-99.9375
11
77.2000000000000028
21
-99.4624999999999915
0
LINE
8
BLACK
6
CONTINUOUS
10
77.2000000000000028
20
-99.4624999999999915
11
77.218079000000003
21
-99.3716129999999964
0
LINE
8
BLACK
6
CONTINUOUS
10
77.218079000000003
20
-99.3716129999999964
11
77.2695619999999934
21
-99.2945619999999991
0
LINE
8
BLACK
6
CONTINUOUS
10
77.2695619999999934
20
-99.2945619999999991
11
77.3466129999999907
21
-99.2430789999999945
0
LINE
8
BLACK
6
CONTINUOUS
10
77.3466129999999907
20
-99.2430789999999945
11
77.4375
21
-99.2249999999999943
0
LINE
8
BLACK
6
CONTINUOUS
10
77.4375
20
-99.2249999999999943
11
77.9375
21
-99.2249999999999943
0
LINE
8
BLACK
6
CONTINUOUS
10
77.9375
20
-99.2249999999999943
11
78.0283869999999951
21
-99.2430789999999945
0
LINE
8
BLACK
6
CONTINUOUS
10
79.8533869999999979
20
-99.2430789999999945
11
79.9304379999999952
21
-99.2945619999999991
0
LINE
8
BLACK
6
CONTINUOUS
10
79.9304379999999952
20
-99.2945619999999991
11
79.9819209999999998
21
-99.3716129999999964
0
LINE
8
BLACK
6
CONTINUOUS
10
79.9819209999999998
20
-99.3716129999999964
11
80.
21
-99.4624999999999915
0
LINE
8
BLACK
6
CONTINUOUS
10
80.
20
-99.4624999999999915
11
80.
21
-99.9375
0
LINE
8
BLACK
6
CONTINUOUS
10
80.
20
-99.9375
11
79.9819209999999998
21
-100.0283869999999951
0
LINE
8
BLACK
6
CONTINUOUS
10
79.9819209999999998
20
-100.0283869999999951
11
79.9304379999999952
21
-100.1054379999999924
0
LINE
8
BLACK
6
CONTINUOUS
10
79.9304379999999952
20
-100.1054379999999924
11
79.8533869999999979
21
-100.156920999999997
0
LINE
8
BLACK
6
CONTINUOUS
10
79.8533869999999979
20
-100.156920999999997
11
79.7625000000000028
21
-100.1749999999999972
0
LINE
8
BLACK
6
CONTINUOUS
10
79.7625000000000028
20
-100.1749999999999972
11
79.2625000000000028
21
-100.1749999999999972
0
LINE
8
BLACK
6
CONTINUOUS
10
79.2625000000000028
20
-100.1749999999999972
11
79.1716129999999936
21
-100.156920999999997
0
LINE
8
BLACK
6
CONTINUOUS
10
79.1716129999999936
20
-100.156920999999997
11
79.0945619999999963
21
-100.1054379999999924
0
LINE
8
BLACK
6
CONTINUOUS
10
79.0945619999999963
20
-100.1054379999999924
11
79.0430789999999917
21
-100.0283869999999951
0
LINE
8
BLACK
6
CONTINUOUS
10
79.0430789999999917
20
-100.0283869999999951
11
79.0249999999999915
21
-99.9375
0
LINE
8
BLACK
6
CONTINUOUS
10
79.0249999999999915
20
-99.9375
11
79.0249999999999915
21
-99.4624999999999915
0
LINE
8
BLACK
6
CONTINUOUS
10
79.0249999999999915
20
-99.4624999999999915
11
79.0430789999999917
21
-99.3716129999999964
0
LINE
8
BLACK
6
CONTINUOUS
10
79.0430789999999917
20
-99.3716129999999964
11
79.0945619999999963
21
-99.2945619999999991
0
LINE
8
BLACK
6
CONTINUOUS
10
79.0945619999999963
20
-99.2945619999999991
11
79.1716129999999936
21
-99.2430789999999945
0
LINE
8
BLACK
6
CONTINUOUS
10
79.1716129999999936
20
-99.2430789999999945
11
79.2625000000000028
21
-99.2249999999999943
0
LINE
8
BLACK
6
CONTINUOUS
10
79.2625000000000028
20
-99.2249999999999943
11
79.7625000000000028
21
-99.2249999999999943
0
LINE
8
BLACK
6
CONTINUOUS
10
79.7625000000000028
20
-99.2249999999999943
11
79.8533869999999979
21
-99.2430789999999945
0
LINE
8
BLACK
6
CONTINUOUS
10
62.3283869999999993
20
-99.0180790000000002
11
62.4054379999999966
21
-99.0695619999999906
0
LINE
8
BLACK
6
CONTINUOUS
10
62.4054379999999966
20
-99.0695619999999906
11
62.4569209999999941
21
-99.1466130000000021
0
LINE
8
BLACK
6
CONTINUOUS
10
62.4569209999999941
20
-99.1466130000000021
11
62.4749999999999943
21
-99.2374999999999972
0
LINE
8
BLACK
6
CONTINUOUS
10
62.4749999999999943
20
-99.2374999999999972
11
62.4749999999999943
21
-99.8374999999999915
0
LINE
8
BLACK
6
CONTINUOUS
10
62.4749999999999943
20
-99.8374999999999915
11
62.4569209999999941
21
-99.9283870000000007
0
LINE
8
BLACK
6
CONTINUOUS
10
62.4569209999999941
20
-99.9283870000000007
11
62.4054379999999966
21
-100.0054379999999981
0
LINE
8
BLACK
6
CONTINUOUS
10
62.4054379999999966
20
-100.0054379999999981
11
62.3283869999999993
21
-100.0569209999999885
0
LINE
8
BLACK
6
CONTINUOUS
10
62.3283869999999993
20
-100.0569209999999885
11
62.2374999999999972
21
-100.0749999999999886
0
LINE
8
BLACK
6
CONTINUOUS
10
62.2374999999999972
20
-100.0749999999999886
11
61.7624999999999957
21
-100.0749999999999886
0
LINE
8
BLACK
6
CONTINUOUS
10
61.7624999999999957
20
-100.0749999999999886
11
61.6716130000000007
21
-100.0569209999999885
0
LINE
8
BLACK
6
CONTINUOUS
10
61.6716130000000007
20
-100.0569209999999885
11
61.5945619999999963
21
-100.0054379999999981
0
LINE
8
BLACK
6
CONTINUOUS
10
61.5945619999999963
20
-100.0054379999999981
11
61.5430789999999988
21
-99.9283870000000007
0
LINE
8
BLACK
6
CONTINUOUS
10
61.5430789999999988
20
-99.9283870000000007
11
61.5249999999999986
21
-99.8374999999999915
0
LINE
8
BLACK
6
CONTINUOUS
10
61.5249999999999986
20
-99.8374999999999915
11
61.5249999999999986
21
-99.2374999999999972
0
LINE
8
BLACK
6
CONTINUOUS
10
61.5249999999999986
20
-99.2374999999999972
11
61.5430789999999988
21
-99.1466130000000021
0
LINE
8
BLACK
6
CONTINUOUS
10
61.5430789999999988
20
-99.1466130000000021
11
61.5945619999999963
21
-99.0695619999999906
0
LINE
8
BLACK
6
CONTINUOUS
10
61.5945619999999963
20
-99.0695619999999906
11
61.6716130000000007
21
-99.0180790000000002
0
LINE
8
BLACK
6
CONTINUOUS
10
61.6716130000000007
20
-99.0180790000000002
11
61.7624999999999957
21
-99.
0
LINE
8
BLACK
6
CONTINUOUS
10
61.7624999999999957
20
-99.
11
62.2374999999999972
21
-99.
0
LINE
8
BLACK
6
CONTINUOUS
10
62.2374999999999972
20
-99.
11
62.3283869999999993
21
-99.0180790000000002
0
LINE
8
BLACK
6
CONTINUOUS
10
55.8283869999999993
20
-98.5930789999999888
11
55.9054379999999966
21
-98.6445619999999934
0
LINE
8
BLACK
6
CONTINUOUS
10
55.9054379999999966
20
-98.6445619999999934
11
55.9569209999999941
21
-98.7216129999999907
0
LINE
8
BLACK
6
CONTINUOUS
10
55.9569209999999941
20
-98.7216129999999907
11
55.9749999999999943
21
-98.8125
0
LINE
8
BLACK
6
CONTINUOUS
10
55.9749999999999943
20
-98.8125
11
55.9749999999999943
21
-99.4124999999999943
0
LINE
8
BLACK
6
CONTINUOUS
10
55.9749999999999943
20
-99.4124999999999943
11
55.9569209999999941
21
-99.5033869999999894
0
LINE
8
BLACK
6
CONTINUOUS
10
55.9569209999999941
20
-99.5033869999999894
11
55.9054379999999966
21
-99.5804380000000009
0
LINE
8
BLACK
6
CONTINUOUS
10
55.9054379999999966
20
-99.5804380000000009
11
55.8283869999999993
21
-99.6319209999999913
0
LINE
8
BLACK
6
CONTINUOUS
10
55.8283869999999993
20
-99.6319209999999913
11
55.7374999999999972
21
-99.6499999999999915
0
LINE
8
BLACK
6
CONTINUOUS
10
55.7374999999999972
20
-99.6499999999999915
11
55.2624999999999957
21
-99.6499999999999915
0
LINE
8
BLACK
6
CONTINUOUS
10
55.2624999999999957
20
-99.6499999999999915
11
55.1716130000000007
21
-99.6319209999999913
0
LINE
8
BLACK
6
CONTINUOUS
10
55.1716130000000007
20
-99.6319209999999913
11
55.0945619999999963
21
-99.5804380000000009
0
LINE
8
BLACK
6
CONTINUOUS
10
55.0945619999999963
20
-99.5804380000000009
11
55.0430789999999988
21
-99.5033869999999894
0
LINE
8
BLACK
6
CONTINUOUS
10
55.0430789999999988
20
-99.5033869999999894
11
55.0249999999999986
21
-99.4124999999999943
0
LINE
8
BLACK
6
CONTINUOUS
10
55.0249999999999986
20
-99.4124999999999943
11
55.0249999999999986
21
-98.8125
0
LINE
8
BLACK
6
CONTINUOUS
10
55.0249999999999986
20
-98.8125
11
55.0430789999999988
21
-98.7216129999999907
0
LINE
8
BLACK
6
CONTINUOUS
10
55.0430789999999988
20
-98.7216129999999907
11
55.0945619999999963
21
-98.6445619999999934
0
LINE
8
BLACK
6
CONTINUOUS
10
55.0945619999999963
20
-98.6445619999999934
11
55.1716130000000007
21
-98.5930789999999888
0
LINE
8
BLACK
6
CONTINUOUS
10
55.1716130000000007
20
-98.5930789999999888
11
55.2624999999999957
21
-98.5749999999999886
0
LINE
8
BLACK
6
CONTINUOUS
10
55.2624999999999957
20
-98.5749999999999886
11
55.7374999999999972
21
-98.5749999999999886
0
LINE
8
BLACK
6
CONTINUOUS
10
55.7374999999999972
20
-98.5749999999999886
11
55.8283869999999993
21
-98.5930789999999888
0
LINE
8
BLACK
6
CONTINUOUS
10
50.9122079999999997
20
-98.3342540000000014
11
51.0139429999999976
21
-98.392990999999995
0
LINE
8
BLACK
6
CONTINUOUS
10
51.0139429999999976
20
-98.392990999999995
11
51.0970089999999999
21
-98.4760569999999973
0
LINE
8
BLACK
6
CONTINUOUS
10
51.0970089999999999
20
-98.4760569999999973
11
51.1557460000000006
21
-98.5777920000000023
0
LINE
8
BLACK
6
CONTINUOUS
10
51.1557460000000006
20
-98.5777920000000023
11
51.1861499999999978
21
-98.6912629999999922
0
LINE
8
BLACK
6
CONTINUOUS
10
51.1861499999999978
20
-98.6912629999999922
11
51.1861499999999978
21
-98.8087369999999936
0
LINE
8
BLACK
6
CONTINUOUS
10
51.1861499999999978
20
-98.8087369999999936
11
51.1557460000000006
21
-98.9222079999999977
0
LINE
8
BLACK
6
CONTINUOUS
10
51.1557460000000006
20
-98.9222079999999977
11
51.0970089999999999
21
-99.0239429999999885
0
LINE
8
BLACK
6
CONTINUOUS
10
51.0970089999999999
20
-99.0239429999999885
11
51.0139429999999976
21
-99.1070089999999908
0
LINE
8
BLACK
6
CONTINUOUS
10
51.0139429999999976
20
-99.1070089999999908
11
50.9122079999999997
21
-99.1657459999999986
0
LINE
8
BLACK
6
CONTINUOUS
10
50.9122079999999997
20
-99.1657459999999986
11
50.7987369999999956
21
-99.1961499999999887
0
LINE
8
BLACK
6
CONTINUOUS
10
50.7987369999999956
20
-99.1961499999999887
11
50.6812629999999942
21
-99.1961499999999887
0
LINE
8
BLACK
6
CONTINUOUS
10
50.6812629999999942
20
-99.1961499999999887
11
50.5677919999999972
21
-99.1657459999999986
0
LINE
8
BLACK
6
CONTINUOUS
10
50.5677919999999972
20
-99.1657459999999986
11
50.4660569999999993
21
-99.1070089999999908
0
LINE
8
BLACK
6
CONTINUOUS
10
50.4660569999999993
20
-99.1070089999999908
11
50.382990999999997
21
-99.0239429999999885
0
LINE
8
BLACK
6
CONTINUOUS
10
50.382990999999997
20
-99.0239429999999885
11
50.3242539999999963
21
-98.9222079999999977
0
LINE
8
BLACK
6
CONTINUOUS
10
50.3242539999999963
20
-98.9222079999999977
11
50.2938499999999991
21
-98.8087369999999936
0
LINE
8
BLACK
6
CONTINUOUS
10
50.2938499999999991
20
-98.8087369999999936
11
50.2938499999999991
21
-98.6912629999999922
0
LINE
8
BLACK
6
CONTINUOUS
10
50.2938499999999991
20
-98.6912629999999922
11
50.3242539999999963
21
-98.5777920000000023
0
LINE
8
BLACK
6
CONTINUOUS
10
50.3242539999999963
20
-98.5777920000000023
11
50.382990999999997
21
-98.4760569999999973
0
LINE
8
BLACK
6
CONTINUOUS
10
50.382990999999997
20
-98.4760569999999973
11
50.4660569999999993
21
-98.392990999999995
0
LINE
8
BLACK
6
CONTINUOUS
10
50.4660569999999993
20
-98.392990999999995
11
50.5677919999999972
21
-98.3342540000000014
0
LINE
8
BLACK
6
CONTINUOUS
10
50.5677919999999972
20
-98.3342540000000014
11
50.6812629999999942
21
-98.3038499999999971
0
LINE
8
BLACK
6
CONTINUOUS
10
50.6812629999999942
20
-98.3038499999999971
11
50.7987369999999956
21
-98.3038499999999971
0
LINE
8
BLACK
6
CONTINUOUS
10
50.7987369999999956
20
-98.3038499999999971
11
50.9122079999999997
21
-98.3342540000000014
0
LINE
8
BLACK
6
CONTINUOUS
10
73.9283870000000007
20
-98.1180789999999945
11
74.0054379999999981
21
-98.1695619999999991
0
LINE
8
BLACK
6
CONTINUOUS
10
74.0054379999999981
20
-98.1695619999999991
11
74.0569210000000027
21
-98.2466129999999964
0
LINE
8
BLACK
6
CONTINUOUS
10
74.0569210000000027
20
-98.2466129999999964
11
74.0750000000000028
21
-98.3374999999999915
0
LINE
8
BLACK
6
CONTINUOUS
10
74.0750000000000028
20
-98.3374999999999915
11
74.0750000000000028
21
-98.9375
0
LINE
8
BLACK
6
CONTINUOUS
10
74.0750000000000028
20
-98.9375
11
74.0569210000000027
21
-99.0283869999999951
0
LINE
8
BLACK
6
CONTINUOUS
10
74.0569210000000027
20
-99.0283869999999951
11
74.0054379999999981
21
-99.1054379999999924
0
LINE
8
BLACK
6
CONTINUOUS
10
74.0054379999999981
20
-99.1054379999999924
11
73.9283870000000007
21
-99.156920999999997
0
LINE
8
BLACK
6
CONTINUOUS
10
73.9283870000000007
20
-99.156920999999997
11
73.8374999999999915
21
-99.1749999999999972
0
LINE
8
BLACK
6
CONTINUOUS
10
73.8374999999999915
20
-99.1749999999999972
11
73.3624999999999972
21
-99.1749999999999972
0
LINE
8
BLACK
6
CONTINUOUS
10
73.3624999999999972
20
-99.1749999999999972
11
73.2716130000000021
21
-99.156920999999997
0
LINE
8
BLACK
6
CONTINUOUS
10
73.2716130000000021
20
-99.156920999999997
11
73.1945619999999906
21
-99.1054379999999924
0
LINE
8
BLACK
6
CONTINUOUS
10
73.1945619999999906
20
-99.1054379999999924
11
73.1430790000000002
21
-99.0283869999999951
0
LINE
8
BLACK
6
CONTINUOUS
10
73.1430790000000002
20
-99.0283869999999951
11
73.125
21
-98.9375
0
LINE
8
BLACK
6
CONTINUOUS
10
73.125
20
-98.9375
11
73.125
21
-98.3374999999999915
0
LINE
8
BLACK
6
CONTINUOUS
10
73.125
20
-98.3374999999999915
11
73.1430790000000002
21
-98.2466129999999964
0
LINE
8
BLACK
6
CONTINUOUS
10
73.1430790000000002
20
-98.2466129999999964
11
73.1945619999999906
21
-98.1695619999999991
0
LINE
8
BLACK
6
CONTINUOUS
10
73.1945619999999906
20
-98.1695619999999991
11
73.2716130000000021
21
-98.1180789999999945
0
LINE
8
BLACK
6
CONTINUOUS
10
73.2716130000000021
20
-98.1180789999999945
11
73.3624999999999972
21
-98.0999999999999943
0
LINE
8
BLACK
6
CONTINUOUS
10
73.3624999999999972
20
-98.0999999999999943
11
73.8374999999999915
21
-98.0999999999999943
0
LINE
8
BLACK
6
CONTINUOUS
10
73.8374999999999915
20
-98.0999999999999943
11
73.9283870000000007
21
-98.1180789999999945
0
LINE
8
BLACK
6
CONTINUOUS
10
85.6283869999999894
20
-98.0430789999999917
11
85.7054380000000009
21
-98.0945619999999963
0
LINE
8
BLACK
6
CONTINUOUS
10
85.7054380000000009
20
-98.0945619999999963
11
85.7569209999999913
21
-98.1716129999999936
0
LINE
8
BLACK
6
CONTINUOUS
10
85.7569209999999913
20
-98.1716129999999936
11
85.7749999999999915
21
-98.2624999999999886
0
LINE
8
BLACK
6
CONTINUOUS
10
85.7749999999999915
20
-98.2624999999999886
11
85.7749999999999915
21
-98.8624999999999972
0
LINE
8
BLACK
6
CONTINUOUS
10
85.7749999999999915
20
-98.8624999999999972
11
85.7569209999999913
21
-98.9533869999999922
0
LINE
8
BLACK
6
CONTINUOUS
10
85.7569209999999913
20
-98.9533869999999922
11
85.7054380000000009
21
-99.0304379999999895
0
LINE
8
BLACK
6
CONTINUOUS
10
85.7054380000000009
20
-99.0304379999999895
11
85.6283869999999894
21
-99.0819209999999941
0
LINE
8
BLACK
6
CONTINUOUS
10
85.6283869999999894
20
-99.0819209999999941
11
85.5374999999999943
21
-99.0999999999999943
0
LINE
8
BLACK
6
CONTINUOUS
10
85.5374999999999943
20
-99.0999999999999943
11
85.0625
21
-99.0999999999999943
0
LINE
8
BLACK
6
CONTINUOUS
10
85.0625
20
-99.0999999999999943
11
84.9716129999999907
21
-99.0819209999999941
0
LINE
8
BLACK
6
CONTINUOUS
10
84.9716129999999907
20
-99.0819209999999941
11
84.8945619999999934
21
-99.0304379999999895
0
LINE
8
BLACK
6
CONTINUOUS
10
84.8945619999999934
20
-99.0304379999999895
11
84.843079000000003
21
-98.9533869999999922
0
LINE
8
BLACK
6
CONTINUOUS
10
84.843079000000003
20
-98.9533869999999922
11
84.8250000000000028
21
-98.8624999999999972
0
LINE
8
BLACK
6
CONTINUOUS
10
84.8250000000000028
20
-98.8624999999999972
11
84.8250000000000028
21
-98.2624999999999886
0
LINE
8
BLACK
6
CONTINUOUS
10
84.8250000000000028
20
-98.2624999999999886
11
84.843079000000003
21
-98.1716129999999936
0
LINE
8
BLACK
6
CONTINUOUS
10
84.843079000000003
20
-98.1716129999999936
11
84.8945619999999934
21
-98.0945619999999963
0
LINE
8
BLACK
6
CONTINUOUS
10
84.8945619999999934
20
-98.0945619999999963
11
84.9716129999999907
21
-98.0430789999999917
0
LINE
8
BLACK
6
CONTINUOUS
10
84.9716129999999907
20
-98.0430789999999917
11
85.0625
21
-98.0249999999999915
0
LINE
8
BLACK
6
CONTINUOUS
10
85.0625
20
-98.0249999999999915
11
85.5374999999999943
21
-98.0249999999999915
0
LINE
8
BLACK
6
CONTINUOUS
10
85.5374999999999943
20
-98.0249999999999915
11
85.6283869999999894
21
-98.0430789999999917
0
LINE
8
BLACK
6
CONTINUOUS
10
53.25
20
-98.3499999999999943
11
51.75
21
-98.3499999999999943
0
LINE
8
BLACK
6
CONTINUOUS
10
51.75
20
-98.3499999999999943
11
51.75
21
-97.6499999999999915
0
LINE
8
BLACK
6
CONTINUOUS
10
51.75
20
-97.6499999999999915
11
53.25
21
-97.6499999999999915
0
LINE
8
BLACK
6
CONTINUOUS
10
53.25
20
-97.6499999999999915
11
53.25
21
-98.3499999999999943
0
LINE
8
BLACK
6
CONTINUOUS
10
78.0133869999999945
20
-97.2430789999999945
11
78.0904379999999918
21
-97.2945619999999991
0
LINE
8
BLACK
6
CONTINUOUS
10
78.0904379999999918
20
-97.2945619999999991
11
78.1419209999999964
21
-97.3716129999999964
0
LINE
8
BLACK
6
CONTINUOUS
10
78.1419209999999964
20
-97.3716129999999964
11
78.1599999999999966
21
-97.4624999999999915
0
LINE
8
BLACK
6
CONTINUOUS
10
78.1599999999999966
20
-97.4624999999999915
11
78.1599999999999966
21
-97.9375
0
LINE
8
BLACK
6
CONTINUOUS
10
78.1599999999999966
20
-97.9375
11
78.1419209999999964
21
-98.0283869999999951
0
LINE
8
BLACK
6
CONTINUOUS
10
78.1419209999999964
20
-98.0283869999999951
11
78.0904379999999918
21
-98.1054379999999924
0
LINE
8
BLACK
6
CONTINUOUS
10
78.0904379999999918
20
-98.1054379999999924
11
78.0133869999999945
21
-98.156920999999997
0
LINE
8
BLACK
6
CONTINUOUS
10
78.0133869999999945
20
-98.156920999999997
11
77.9224999999999994
21
-98.1749999999999972
0
LINE
8
BLACK
6
CONTINUOUS
10
77.9224999999999994
20
-98.1749999999999972
11
77.4224999999999994
21
-98.1749999999999972
0
LINE
8
BLACK
6
CONTINUOUS
10
77.4224999999999994
20
-98.1749999999999972
11
77.3316129999999902
21
-98.156920999999997
0
LINE
8
BLACK
6
CONTINUOUS
10
77.3316129999999902
20
-98.156920999999997
11
77.2545619999999928
21
-98.1054379999999924
0
LINE
8
BLACK
6
CONTINUOUS
10
77.2545619999999928
20
-98.1054379999999924
11
77.2030790000000025
21
-98.0283869999999951
0
LINE
8
BLACK
6
CONTINUOUS
10
77.2030790000000025
20
-98.0283869999999951
11
77.1850000000000023
21
-97.9375
0
LINE
8
BLACK
6
CONTINUOUS
10
77.1850000000000023
20
-97.9375
11
77.1850000000000023
21
-97.4624999999999915
0
LINE
8
BLACK
6
CONTINUOUS
10
77.1850000000000023
20
-97.4624999999999915
11
77.2030790000000025
21
-97.3716129999999964
0
LINE
8
BLACK
6
CONTINUOUS
10
77.2030790000000025
20
-97.3716129999999964
11
77.2545619999999928
21
-97.2945619999999991
0
LINE
8
BLACK
6
CONTINUOUS
10
77.2545619999999928
20
-97.2945619999999991
11
77.3316129999999902
21
-97.2430789999999945
0
LINE
8
BLACK
6
CONTINUOUS
10
77.3316129999999902
20
-97.2430789999999945
11
77.4224999999999994
21
-97.2249999999999943
0
LINE
8
BLACK
6
CONTINUOUS
10
77.4224999999999994
20
-97.2249999999999943
11
77.9224999999999994
21
-97.2249999999999943
0
LINE
8
BLACK
6
CONTINUOUS
10
77.9224999999999994
20
-97.2249999999999943
11
78.0133869999999945
21
-97.2430789999999945
0
LINE
8
BLACK
6
CONTINUOUS
10
79.8383869999999973
20
-97.2430789999999945
11
79.9154379999999946
21
-97.2945619999999991
0
LINE
8
BLACK
6
CONTINUOUS
10
79.9154379999999946
20
-97.2945619999999991
11
79.9669209999999993
21
-97.3716129999999964
0
LINE
8
BLACK
6
CONTINUOUS
10
79.9669209999999993
20
-97.3716129999999964
11
79.9849999999999994
21
-97.4624999999999915
0
LINE
8
BLACK
6
CONTINUOUS
10
79.9849999999999994
20
-97.4624999999999915
11
79.9849999999999994
21
-97.9375
0
LINE
8
BLACK
6
CONTINUOUS
10
79.9849999999999994
20
-97.9375
11
79.9669209999999993
21
-98.0283869999999951
0
LINE
8
BLACK
6
CONTINUOUS
10
79.9669209999999993
20
-98.0283869999999951
11
79.9154379999999946
21
-98.1054379999999924
0
LINE
8
BLACK
6
CONTINUOUS
10
79.9154379999999946
20
-98.1054379999999924
11
79.8383869999999973
21
-98.156920999999997
0
LINE
8
BLACK
6
CONTINUOUS
10
79.8383869999999973
20
-98.156920999999997
11
79.7475000000000023
21
-98.1749999999999972
0
LINE
8
BLACK
6
CONTINUOUS
10
79.7475000000000023
20
-98.1749999999999972
11
79.2475000000000023
21
-98.1749999999999972
0
LINE
8
BLACK
6
CONTINUOUS
10
79.2475000000000023
20
-98.1749999999999972
11
79.156612999999993
21
-98.156920999999997
0
LINE
8
BLACK
6
CONTINUOUS
10
79.156612999999993
20
-98.156920999999997
11
79.0795619999999957
21
-98.1054379999999924
0
LINE
8
BLACK
6
CONTINUOUS
10
79.0795619999999957
20
-98.1054379999999924
11
79.0280789999999911
21
-98.0283869999999951
0
LINE
8
BLACK
6
CONTINUOUS
10
79.0280789999999911
20
-98.0283869999999951
11
79.0099999999999909
21
-97.9375
0
LINE
8
BLACK
6
CONTINUOUS
10
79.0099999999999909
20
-97.9375
11
79.0099999999999909
21
-97.4624999999999915
0
LINE
8
BLACK
6
CONTINUOUS
10
79.0099999999999909
20
-97.4624999999999915
11
79.0280789999999911
21
-97.3716129999999964
0
LINE
8
BLACK
6
CONTINUOUS
10
79.0280789999999911
20
-97.3716129999999964
11
79.0795619999999957
21
-97.2945619999999991
0
LINE
8
BLACK
6
CONTINUOUS
10
79.0795619999999957
20
-97.2945619999999991
11
79.156612999999993
21
-97.2430789999999945
0
LINE
8
BLACK
6
CONTINUOUS
10
79.156612999999993
20
-97.2430789999999945
11
79.2475000000000023
21
-97.2249999999999943
0
LINE
8
BLACK
6
CONTINUOUS
10
79.2475000000000023
20
-97.2249999999999943
11
79.7475000000000023
21
-97.2249999999999943
0
LINE
8
BLACK
6
CONTINUOUS
10
79.7475000000000023
20
-97.2249999999999943
11
79.8383869999999973
21
-97.2430789999999945
0
LINE
8
BLACK
6
CONTINUOUS
10
63.0283869999999951
20
-97.0805790000000002
11
63.1054379999999995
21
-97.1320619999999906
0
LINE
8
BLACK
6
CONTINUOUS
10
63.1054379999999995
20
-97.1320619999999906
11
63.156920999999997
21
-97.2091130000000021
0
LINE
8
BLACK
6
CONTINUOUS
10
63.156920999999997
20
-97.2091130000000021
11
63.1749999999999972
21
-97.2999999999999972
0
LINE
8
BLACK
6
CONTINUOUS
10
63.1749999999999972
20
-97.2999999999999972
11
63.1749999999999972
21
-97.7749999999999915
0
LINE
8
BLACK
6
CONTINUOUS
10
63.1749999999999972
20
-97.7749999999999915
11
63.156920999999997
21
-97.8658870000000007
0
LINE
8
BLACK
6
CONTINUOUS
10
63.156920999999997
20
-97.8658870000000007
11
63.1054379999999995
21
-97.9429379999999981
0
LINE
8
BLACK
6
CONTINUOUS
10
63.1054379999999995
20
-97.9429379999999981
11
63.0283869999999951
21
-97.9944210000000027
0
LINE
8
BLACK
6
CONTINUOUS
10
63.0283869999999951
20
-97.9944210000000027
11
62.9375
21
-98.0124999999999886
0
LINE
8
BLACK
6
CONTINUOUS
10
62.9375
20
-98.0124999999999886
11
62.3374999999999986
21
-98.0124999999999886
0
LINE
8
BLACK
6
CONTINUOUS
10
62.3374999999999986
20
-98.0124999999999886
11
62.2466129999999964
21
-97.9944210000000027
0
LINE
8
BLACK
6
CONTINUOUS
10
62.2466129999999964
20
-97.9944210000000027
11
62.1695619999999991
21
-97.9429379999999981
0
LINE
8
BLACK
6
CONTINUOUS
10
62.1695619999999991
20
-97.9429379999999981
11
62.1180789999999945
21
-97.8658870000000007
0
LINE
8
BLACK
6
CONTINUOUS
10
62.1180789999999945
20
-97.8658870000000007
11
62.0999999999999943
21
-97.7749999999999915
0
LINE
8
BLACK
6
CONTINUOUS
10
62.0999999999999943
20
-97.7749999999999915
11
62.0999999999999943
21
-97.2999999999999972
0
LINE
8
BLACK
6
CONTINUOUS
10
62.0999999999999943
20
-97.2999999999999972
11
62.1180789999999945
21
-97.2091130000000021
0
LINE
8
BLACK
6
CONTINUOUS
10
62.1180789999999945
20
-97.2091130000000021
11
62.1695619999999991
21
-97.1320619999999906
0
LINE
8
BLACK
6
CONTINUOUS
10
62.1695619999999991
20
-97.1320619999999906
11
62.2466129999999964
21
-97.0805790000000002
0
LINE
8
BLACK
6
CONTINUOUS
10
62.2466129999999964
20
-97.0805790000000002
11
62.3374999999999986
21
-97.0625
0
LINE
8
BLACK
6
CONTINUOUS
10
62.3374999999999986
20
-97.0625
11
62.9375
21
-97.0625
0
LINE
8
BLACK
6
CONTINUOUS
10
62.9375
20
-97.0625
11
63.0283869999999951
21
-97.0805790000000002
0
LINE
8
BLACK
6
CONTINUOUS
10
64.7533870000000036
20
-97.0805790000000002
11
64.8304380000000009
21
-97.1320619999999906
0
LINE
8
BLACK
6
CONTINUOUS
10
64.8304380000000009
20
-97.1320619999999906
11
64.8819209999999913
21
-97.2091130000000021
0
LINE
8
BLACK
6
CONTINUOUS
10
64.8819209999999913
20
-97.2091130000000021
11
64.8999999999999915
21
-97.2999999999999972
0
LINE
8
BLACK
6
CONTINUOUS
10
64.8999999999999915
20
-97.2999999999999972
11
64.8999999999999915
21
-97.7749999999999915
0
LINE
8
BLACK
6
CONTINUOUS
10
64.8999999999999915
20
-97.7749999999999915
11
64.8819209999999913
21
-97.8658870000000007
0
LINE
8
BLACK
6
CONTINUOUS
10
64.8819209999999913
20
-97.8658870000000007
11
64.8304380000000009
21
-97.9429379999999981
0
LINE
8
BLACK
6
CONTINUOUS
10
64.8304380000000009
20
-97.9429379999999981
11
64.7533870000000036
21
-97.9944210000000027
0
LINE
8
BLACK
6
CONTINUOUS
10
64.7533870000000036
20
-97.9944210000000027
11
64.6624999999999943
21
-98.0124999999999886
0
LINE
8
BLACK
6
CONTINUOUS
10
64.6624999999999943
20
-98.0124999999999886
11
64.0625
21
-98.0124999999999886
0
LINE
8
BLACK
6
CONTINUOUS
10
64.0625
20
-98.0124999999999886
11
63.9716129999999978
21
-97.9944210000000027
0
LINE
8
BLACK
6
CONTINUOUS
10
63.9716129999999978
20
-97.9944210000000027
11
63.8945620000000005
21
-97.9429379999999981
0
LINE
8
BLACK
6
CONTINUOUS
10
63.8945620000000005
20
-97.9429379999999981
11
63.8430789999999959
21
-97.8658870000000007
0
LINE
8
BLACK
6
CONTINUOUS
10
63.8430789999999959
20
-97.8658870000000007
11
63.8249999999999957
21
-97.7749999999999915
0
LINE
8
BLACK
6
CONTINUOUS
10
63.8249999999999957
20
-97.7749999999999915
11
63.8249999999999957
21
-97.2999999999999972
0
LINE
8
BLACK
6
CONTINUOUS
10
63.8249999999999957
20
-97.2999999999999972
11
63.8430789999999959
21
-97.2091130000000021
0
LINE
8
BLACK
6
CONTINUOUS
10
63.8430789999999959
20
-97.2091130000000021
11
63.8945620000000005
21
-97.1320619999999906
0
LINE
8
BLACK
6
CONTINUOUS
10
63.8945620000000005
20
-97.1320619999999906
11
63.9716129999999978
21
-97.0805790000000002
0
LINE
8
BLACK
6
CONTINUOUS
10
63.9716129999999978
20
-97.0805790000000002
11
64.0625
21
-97.0625
0
LINE
8
BLACK
6
CONTINUOUS
10
64.0625
20
-97.0625
11
64.6624999999999943
21
-97.0625
0
LINE
8
BLACK
6
CONTINUOUS
10
64.6624999999999943
20
-97.0625
11
64.7533870000000036
21
-97.0805790000000002
0
LINE
8
BLACK
6
CONTINUOUS
10
58.9908870000000007
20
-97.0430789999999917
11
59.0679379999999981
21
-97.0945619999999963
0
LINE
8
BLACK
6
CONTINUOUS
10
59.0679379999999981
20
-97.0945619999999963
11
59.1194209999999956
21
-97.1716129999999936
0
LINE
8
BLACK
6
CONTINUOUS
10
59.1194209999999956
20
-97.1716129999999936
11
59.1374999999999957
21
-97.2624999999999886
0
LINE
8
BLACK
6
CONTINUOUS
10
59.1374999999999957
20
-97.2624999999999886
11
59.1374999999999957
21
-97.7374999999999972
0
LINE
8
BLACK
6
CONTINUOUS
10
59.1374999999999957
20
-97.7374999999999972
11
59.1194209999999956
21
-97.8283869999999922
0
LINE
8
BLACK
6
CONTINUOUS
10
59.1194209999999956
20
-97.8283869999999922
11
59.0679379999999981
21
-97.9054379999999895
0
LINE
8
BLACK
6
CONTINUOUS
10
59.0679379999999981
20
-97.9054379999999895
11
58.9908870000000007
21
-97.9569209999999941
0
LINE
8
BLACK
6
CONTINUOUS
10
58.9908870000000007
20
-97.9569209999999941
11
58.8999999999999986
21
-97.9749999999999943
0
LINE
8
BLACK
6
CONTINUOUS
10
58.8999999999999986
20
-97.9749999999999943
11
58.2999999999999972
21
-97.9749999999999943
0
LINE
8
BLACK
6
CONTINUOUS
10
58.2999999999999972
20
-97.9749999999999943
11
58.209112999999995
21
-97.9569209999999941
0
LINE
8
BLACK
6
CONTINUOUS
10
58.209112999999995
20
-97.9569209999999941
11
58.1320619999999977
21
-97.9054379999999895
0
LINE
8
BLACK
6
CONTINUOUS
10
58.1320619999999977
20
-97.9054379999999895
11
58.0805790000000002
21
-97.8283869999999922
0
LINE
8
BLACK
6
CONTINUOUS
10
58.0805790000000002
20
-97.8283869999999922
11
58.0625
21
-97.7374999999999972
0
LINE
8
BLACK
6
CONTINUOUS
10
58.0625
20
-97.7374999999999972
11
58.0625
21
-97.2624999999999886
0
LINE
8
BLACK
6
CONTINUOUS
10
58.0625
20
-97.2624999999999886
11
58.0805790000000002
21
-97.1716129999999936
0
LINE
8
BLACK
6
CONTINUOUS
10
58.0805790000000002
20
-97.1716129999999936
11
58.1320619999999977
21
-97.0945619999999963
0
LINE
8
BLACK
6
CONTINUOUS
10
58.1320619999999977
20
-97.0945619999999963
11
58.209112999999995
21
-97.0430789999999917
0
LINE
8
BLACK
6
CONTINUOUS
10
58.209112999999995
20
-97.0430789999999917
11
58.2999999999999972
21
-97.0249999999999915
0
LINE
8
BLACK
6
CONTINUOUS
10
58.2999999999999972
20
-97.0249999999999915
11
58.8999999999999986
21
-97.0249999999999915
0
LINE
8
BLACK
6
CONTINUOUS
10
58.8999999999999986
20
-97.0249999999999915
11
58.9908870000000007
21
-97.0430789999999917
0
LINE
8
BLACK
6
CONTINUOUS
10
60.7158869999999951
20
-97.0430789999999917
11
60.7929379999999995
21
-97.0945619999999963
0
LINE
8
BLACK
6
CONTINUOUS
10
60.7929379999999995
20
-97.0945619999999963
11
60.844420999999997
21
-97.1716129999999936
0
LINE
8
BLACK
6
CONTINUOUS
10
60.844420999999997
20
-97.1716129999999936
11
60.8624999999999972
21
-97.2624999999999886
0
LINE
8
BLACK
6
CONTINUOUS
10
60.8624999999999972
20
-97.2624999999999886
11
60.8624999999999972
21
-97.7374999999999972
0
LINE
8
BLACK
6
CONTINUOUS
10
60.8624999999999972
20
-97.7374999999999972
11
60.844420999999997
21
-97.8283869999999922
0
LINE
8
BLACK
6
CONTINUOUS
10
60.844420999999997
20
-97.8283869999999922
11
60.7929379999999995
21
-97.9054379999999895
0
LINE
8
BLACK
6
CONTINUOUS
10
60.7929379999999995
20
-97.9054379999999895
11
60.7158869999999951
21
-97.9569209999999941
0
LINE
8
BLACK
6
CONTINUOUS
10
60.7158869999999951
20
-97.9569209999999941
11
60.625
21
-97.9749999999999943
0
LINE
8
BLACK
6
CONTINUOUS
10
60.625
20
-97.9749999999999943
11
60.0249999999999986
21
-97.9749999999999943
0
LINE
8
BLACK
6
CONTINUOUS
10
60.0249999999999986
20
-97.9749999999999943
11
59.9341129999999964
21
-97.9569209999999941
0
LINE
8
BLACK
6
CONTINUOUS
10
59.9341129999999964
20
-97.9569209999999941
11
59.8570619999999991
21
-97.9054379999999895
0
LINE
8
BLACK
6
CONTINUOUS
10
59.8570619999999991
20
-97.9054379999999895
11
59.8055789999999945
21
-97.8283869999999922
0
LINE
8
BLACK
6
CONTINUOUS
10
59.8055789999999945
20
-97.8283869999999922
11
59.7874999999999943
21
-97.7374999999999972
0
LINE
8
BLACK
6
CONTINUOUS
10
59.7874999999999943
20
-97.7374999999999972
11
59.7874999999999943
21
-97.2624999999999886
0
LINE
8
BLACK
6
CONTINUOUS
10
59.7874999999999943
20
-97.2624999999999886
11
59.8055789999999945
21
-97.1716129999999936
0
LINE
8
BLACK
6
CONTINUOUS
10
59.8055789999999945
20
-97.1716129999999936
11
59.8570619999999991
21
-97.0945619999999963
0
LINE
8
BLACK
6
CONTINUOUS
10
59.8570619999999991
20
-97.0945619999999963
11
59.9341129999999964
21
-97.0430789999999917
0
LINE
8
BLACK
6
CONTINUOUS
10
59.9341129999999964
20
-97.0430789999999917
11
60.0249999999999986
21
-97.0249999999999915
0
LINE
8
BLACK
6
CONTINUOUS
10
60.0249999999999986
20
-97.0249999999999915
11
60.625
21
-97.0249999999999915
0
LINE
8
BLACK
6
CONTINUOUS
10
60.625
20
-97.0249999999999915
11
60.7158869999999951
21
-97.0430789999999917
0
LINE
8
BLACK
6
CONTINUOUS
10
88.8989710000000031
20
-96.9132379999999927
11
88.9426059999999978
21
-96.9423939999999931
0
LINE
8
BLACK
6
CONTINUOUS
10
88.9426059999999978
20
-96.9423939999999931
11
88.9717619999999982
21
-96.986029000000002
0
LINE
8
BLACK
6
CONTINUOUS
10
88.9717619999999982
20
-96.986029000000002
11
88.9819999999999993
21
-97.0374999999999943
0
LINE
8
BLACK
6
CONTINUOUS
10
88.9819999999999993
20
-97.0374999999999943
11
88.9819999999999993
21
-97.832499999999996
0
LINE
8
BLACK
6
CONTINUOUS
10
88.9819999999999993
20
-97.832499999999996
11
88.9717619999999982
21
-97.8839710000000025
0
LINE
8
BLACK
6
CONTINUOUS
10
88.9717619999999982
20
-97.8839710000000025
11
88.9426059999999978
21
-97.9276059999999973
0
LINE
8
BLACK
6
CONTINUOUS
10
88.9426059999999978
20
-97.9276059999999973
11
88.8989710000000031
21
-97.9567619999999977
0
LINE
8
BLACK
6
CONTINUOUS
10
88.8989710000000031
20
-97.9567619999999977
11
88.8474999999999966
21
-97.9669999999999987
0
LINE
8
BLACK
6
CONTINUOUS
10
88.8474999999999966
20
-97.9669999999999987
11
88.6524999999999892
21
-97.9669999999999987
0
LINE
8
BLACK
6
CONTINUOUS
10
88.6524999999999892
20
-97.9669999999999987
11
88.6010289999999969
21
-97.9567619999999977
0
LINE
8
BLACK
6
CONTINUOUS
10
88.6010289999999969
20
-97.9567619999999977
11
88.5573940000000022
21
-97.9276059999999973
0
LINE
8
BLACK
6
CONTINUOUS
10
88.5573940000000022
20
-97.9276059999999973
11
88.5282380000000018
21
-97.8839710000000025
0
LINE
8
BLACK
6
CONTINUOUS
10
88.5282380000000018
20
-97.8839710000000025
11
88.5180000000000007
21
-97.832499999999996
0
LINE
8
BLACK
6
CONTINUOUS
10
88.5180000000000007
20
-97.832499999999996
11
88.5180000000000007
21
-97.0374999999999943
0
LINE
8
BLACK
6
CONTINUOUS
10
88.5180000000000007
20
-97.0374999999999943
11
88.5282380000000018
21
-96.986029000000002
0
LINE
8
BLACK
6
CONTINUOUS
10
88.5282380000000018
20
-96.986029000000002
11
88.5573940000000022
21
-96.9423939999999931
0
LINE
8
BLACK
6
CONTINUOUS
10
88.5573940000000022
20
-96.9423939999999931
11
88.6010289999999969
21
-96.9132379999999927
0
LINE
8
BLACK
6
CONTINUOUS
10
88.6010289999999969
20
-96.9132379999999927
11
88.6524999999999892
21
-96.9029999999999916
0
LINE
8
BLACK
6
CONTINUOUS
10
88.6524999999999892
20
-96.9029999999999916
11
88.8474999999999966
21
-96.9029999999999916
0
LINE
8
BLACK
6
CONTINUOUS
10
88.8474999999999966
20
-96.9029999999999916
11
88.8989710000000031
21
-96.9132379999999927
0
LINE
8
BLACK
6
CONTINUOUS
10
89.3989709999999889
20
-96.9132379999999927
11
89.4426059999999978
21
-96.9423939999999931
0
LINE
8
BLACK
6
CONTINUOUS
10
89.4426059999999978
20
-96.9423939999999931
11
89.4717619999999982
21
-96.986029000000002
0
LINE
8
BLACK
6
CONTINUOUS
10
89.4717619999999982
20
-96.986029000000002
11
89.4819999999999993
21
-97.0374999999999943
0
LINE
8
BLACK
6
CONTINUOUS
10
89.4819999999999993
20
-97.0374999999999943
11
89.4819999999999993
21
-97.832499999999996
0
LINE
8
BLACK
6
CONTINUOUS
10
89.4819999999999993
20
-97.832499999999996
11
89.4717619999999982
21
-97.8839710000000025
0
LINE
8
BLACK
6
CONTINUOUS
10
89.4717619999999982
20
-97.8839710000000025
11
89.4426059999999978
21
-97.9276059999999973
0
LINE
8
BLACK
6
CONTINUOUS
10
89.4426059999999978
20
-97.9276059999999973
11
89.3989709999999889
21
-97.9567619999999977
0
LINE
8
BLACK
6
CONTINUOUS
10
89.3989709999999889
20
-97.9567619999999977
11
89.3474999999999966
21
-97.9669999999999987
0
LINE
8
BLACK
6
CONTINUOUS
10
89.3474999999999966
20
-97.9669999999999987
11
89.1524999999999892
21
-97.9669999999999987
0
LINE
8
BLACK
6
CONTINUOUS
10
89.1524999999999892
20
-97.9669999999999987
11
89.1010289999999969
21
-97.9567619999999977
0
LINE
8
BLACK
6
CONTINUOUS
10
89.1010289999999969
20
-97.9567619999999977
11
89.0573940000000022
21
-97.9276059999999973
0
LINE
8
BLACK
6
CONTINUOUS
10
89.0573940000000022
20
-97.9276059999999973
11
89.0282380000000018
21
-97.8839710000000025
0
LINE
8
BLACK
6
CONTINUOUS
10
89.0282380000000018
20
-97.8839710000000025
11
89.0180000000000007
21
-97.832499999999996
0
LINE
8
BLACK
6
CONTINUOUS
10
89.0180000000000007
20
-97.832499999999996
11
89.0180000000000007
21
-97.0374999999999943
0
LINE
8
BLACK
6
CONTINUOUS
10
89.0180000000000007
20
-97.0374999999999943
11
89.0282380000000018
21
-96.986029000000002
0
LINE
8
BLACK
6
CONTINUOUS
10
89.0282380000000018
20
-96.986029000000002
11
89.0573940000000022
21
-96.9423939999999931
0
LINE
8
BLACK
6
CONTINUOUS
10
89.0573940000000022
20
-96.9423939999999931
11
89.1010289999999969
21
-96.9132379999999927
0
LINE
8
BLACK
6
CONTINUOUS
10
89.1010289999999969
20
-96.9132379999999927
11
89.1524999999999892
21
-96.9029999999999916
0
LINE
8
BLACK
6
CONTINUOUS
10
89.1524999999999892
20
-96.9029999999999916
11
89.3474999999999966
21
-96.9029999999999916
0
LINE
8
BLACK
6
CONTINUOUS
10
89.3474999999999966
20
-96.9029999999999916
11
89.3989709999999889
21
-96.9132379999999927
0
LINE
8
BLACK
6
CONTINUOUS
10
89.8989709999999889
20
-96.9132379999999927
11
89.9426059999999978
21
-96.9423939999999931
0
LINE
8
BLACK
6
CONTINUOUS
10
89.9426059999999978
20
-96.9423939999999931
11
89.9717619999999982
21
-96.986029000000002
0
LINE
8
BLACK
6
CONTINUOUS
10
89.9717619999999982
20
-96.986029000000002
11
89.9819999999999993
21
-97.0374999999999943
0
LINE
8
BLACK
6
CONTINUOUS
10
89.9819999999999993
20
-97.0374999999999943
11
89.9819999999999993
21
-97.832499999999996
0
LINE
8
BLACK
6
CONTINUOUS
10
89.9819999999999993
20
-97.832499999999996
11
89.9717619999999982
21
-97.8839710000000025
0
LINE
8
BLACK
6
CONTINUOUS
10
89.9717619999999982
20
-97.8839710000000025
11
89.9426059999999978
21
-97.9276059999999973
0
LINE
8
BLACK
6
CONTINUOUS
10
89.9426059999999978
20
-97.9276059999999973
11
89.8989709999999889
21
-97.9567619999999977
0
LINE
8
BLACK
6
CONTINUOUS
10
89.8989709999999889
20
-97.9567619999999977
11
89.8474999999999966
21
-97.9669999999999987
0
LINE
8
BLACK
6
CONTINUOUS
10
89.8474999999999966
20
-97.9669999999999987
11
89.6524999999999892
21
-97.9669999999999987
0
LINE
8
BLACK
6
CONTINUOUS
10
89.6524999999999892
20
-97.9669999999999987
11
89.6010289999999969
21
-97.9567619999999977
0
LINE
8
BLACK
6
CONTINUOUS
10
89.6010289999999969
20
-97.9567619999999977
11
89.5573940000000022
21
-97.9276059999999973
0
LINE
8
BLACK
6
CONTINUOUS
10
89.5573940000000022
20
-97.9276059999999973
11
89.5282380000000018
21
-97.8839710000000025
0
LINE
8
BLACK
6
CONTINUOUS
10
89.5282380000000018
20
-97.8839710000000025
11
89.5180000000000007
21
-97.832499999999996
0
LINE
8
BLACK
6
CONTINUOUS
10
89.5180000000000007
20
-97.832499999999996
11
89.5180000000000007
21
-97.0374999999999943
0
LINE
8
BLACK
6
CONTINUOUS
10
89.5180000000000007
20
-97.0374999999999943
11
89.5282380000000018
21
-96.986029000000002
0
LINE
8
BLACK
6
CONTINUOUS
10
89.5282380000000018
20
-96.986029000000002
11
89.5573940000000022
21
-96.9423939999999931
0
LINE
8
BLACK
6
CONTINUOUS
10
89.5573940000000022
20
-96.9423939999999931
11
89.6010289999999969
21
-96.9132379999999927
0
LINE
8
BLACK
6
CONTINUOUS
10
89.6010289999999969
20
-96.9132379999999927
11
89.6524999999999892
21
-96.9029999999999916
0
LINE
8
BLACK
6
CONTINUOUS
10
89.6524999999999892
20
-96.9029999999999916
11
89.8474999999999966
21
-96.9029999999999916
0
LINE
8
BLACK
6
CONTINUOUS
10
89.8474999999999966
20
-96.9029999999999916
11
89.8989709999999889
21
-96.9132379999999927
0
LINE
8
BLACK
6
CONTINUOUS
10
90.3989709999999889
20
-96.9132379999999927
11
90.4426059999999978
21
-96.9423939999999931
0
LINE
8
BLACK
6
CONTINUOUS
10
90.4426059999999978
20
-96.9423939999999931
11
90.4717619999999982
21
-96.986029000000002
0
LINE
8
BLACK
6
CONTINUOUS
10
90.4717619999999982
20
-96.986029000000002
11
90.4819999999999993
21
-97.0374999999999943
0
LINE
8
BLACK
6
CONTINUOUS
10
90.4819999999999993
20
-97.0374999999999943
11
90.4819999999999993
21
-97.832499999999996
0
LINE
8
BLACK
6
CONTINUOUS
10
90.4819999999999993
20
-97.832499999999996
11
90.4717619999999982
21
-97.8839710000000025
0
LINE
8
BLACK
6
CONTINUOUS
10
90.4717619999999982
20
-97.8839710000000025
11
90.4426059999999978
21
-97.9276059999999973
0
LINE
8
BLACK
6
CONTINUOUS
10
90.4426059999999978
20
-97.9276059999999973
11
90.3989709999999889
21
-97.9567619999999977
0
LINE
8
BLACK
6
CONTINUOUS
10
90.3989709999999889
20
-97.9567619999999977
11
90.3474999999999966
21
-97.9669999999999987
0
LINE
8
BLACK
6
CONTINUOUS
10
90.3474999999999966
20
-97.9669999999999987
11
90.1524999999999892
21
-97.9669999999999987
0
LINE
8
BLACK
6
CONTINUOUS
10
90.1524999999999892
20
-97.9669999999999987
11
90.1010289999999969
21
-97.9567619999999977
0
LINE
8
BLACK
6
CONTINUOUS
10
90.1010289999999969
20
-97.9567619999999977
11
90.0573940000000022
21
-97.9276059999999973
0
LINE
8
BLACK
6
CONTINUOUS
10
90.0573940000000022
20
-97.9276059999999973
11
90.0282380000000018
21
-97.8839710000000025
0
LINE
8
BLACK
6
CONTINUOUS
10
90.0282380000000018
20
-97.8839710000000025
11
90.0180000000000007
21
-97.832499999999996
0
LINE
8
BLACK
6
CONTINUOUS
10
90.0180000000000007
20
-97.832499999999996
11
90.0180000000000007
21
-97.0374999999999943
0
LINE
8
BLACK
6
CONTINUOUS
10
90.0180000000000007
20
-97.0374999999999943
11
90.0282380000000018
21
-96.986029000000002
0
LINE
8
BLACK
6
CONTINUOUS
10
90.0282380000000018
20
-96.986029000000002
11
90.0573940000000022
21
-96.9423939999999931
0
LINE
8
BLACK
6
CONTINUOUS
10
90.0573940000000022
20
-96.9423939999999931
11
90.1010289999999969
21
-96.9132379999999927
0
LINE
8
BLACK
6
CONTINUOUS
10
90.1010289999999969
20
-96.9132379999999927
11
90.1524999999999892
21
-96.9029999999999916
0
LINE
8
BLACK
6
CONTINUOUS
10
90.1524999999999892
20
-96.9029999999999916
11
90.3474999999999966
21
-96.9029999999999916
0
LINE
8
BLACK
6
CONTINUOUS
10
90.3474999999999966
20
-96.9029999999999916
11
90.3989709999999889
21
-96.9132379999999927
0
LINE
8
BLACK
6
CONTINUOUS
10
90.8989709999999889
20
-96.9132379999999927
11
90.9426059999999978
21
-96.9423939999999931
0
LINE
8
BLACK
6
CONTINUOUS
10
90.9426059999999978
20
-96.9423939999999931
11
90.9717619999999982
21
-96.986029000000002
0
LINE
8
BLACK
6
CONTINUOUS
10
90.9717619999999982
20
-96.986029000000002
11
90.9819999999999993
21
-97.0374999999999943
0
LINE
8
BLACK
6
CONTINUOUS
10
90.9819999999999993
20
-97.0374999999999943
11
90.9819999999999993
21
-97.832499999999996
0
LINE
8
BLACK
6
CONTINUOUS
10
90.9819999999999993
20
-97.832499999999996
11
90.9717619999999982
21
-97.8839710000000025
0
LINE
8
BLACK
6
CONTINUOUS
10
90.9717619999999982
20
-97.8839710000000025
11
90.9426059999999978
21
-97.9276059999999973
0
LINE
8
BLACK
6
CONTINUOUS
10
90.9426059999999978
20
-97.9276059999999973
11
90.8989709999999889
21
-97.9567619999999977
0
LINE
8
BLACK
6
CONTINUOUS
10
90.8989709999999889
20
-97.9567619999999977
11
90.8474999999999966
21
-97.9669999999999987
0
LINE
8
BLACK
6
CONTINUOUS
10
90.8474999999999966
20
-97.9669999999999987
11
90.6524999999999892
21
-97.9669999999999987
0
LINE
8
BLACK
6
CONTINUOUS
10
90.6524999999999892
20
-97.9669999999999987
11
90.6010289999999969
21
-97.9567619999999977
0
LINE
8
BLACK
6
CONTINUOUS
10
90.6010289999999969
20
-97.9567619999999977
11
90.5573940000000022
21
-97.9276059999999973
0
LINE
8
BLACK
6
CONTINUOUS
10
90.5573940000000022
20
-97.9276059999999973
11
90.5282380000000018
21
-97.8839710000000025
0
LINE
8
BLACK
6
CONTINUOUS
10
90.5282380000000018
20
-97.8839710000000025
11
90.5180000000000007
21
-97.832499999999996
0
LINE
8
BLACK
6
CONTINUOUS
10
90.5180000000000007
20
-97.832499999999996
11
90.5180000000000007
21
-97.0374999999999943
0
LINE
8
BLACK
6
CONTINUOUS
10
90.5180000000000007
20
-97.0374999999999943
11
90.5282380000000018
21
-96.986029000000002
0
LINE
8
BLACK
6
CONTINUOUS
10
90.5282380000000018
20
-96.986029000000002
11
90.5573940000000022
21
-96.9423939999999931
0
LINE
8
BLACK
6
CONTINUOUS
10
90.5573940000000022
20
-96.9423939999999931
11
90.6010289999999969
21
-96.9132379999999927
0
LINE
8
BLACK
6
CONTINUOUS
10
90.6010289999999969
20
-96.9132379999999927
11
90.6524999999999892
21
-96.9029999999999916
0
LINE
8
BLACK
6
CONTINUOUS
10
90.6524999999999892
20
-96.9029999999999916
11
90.8474999999999966
21
-96.9029999999999916
0
LINE
8
BLACK
6
CONTINUOUS
10
90.8474999999999966
20
-96.9029999999999916
11
90.8989709999999889
21
-96.9132379999999927
0
LINE
8
BLACK
6
CONTINUOUS
10
91.3989709999999889
20
-96.9132379999999927
11
91.4426059999999978
21
-96.9423939999999931
0
LINE
8
BLACK
6
CONTINUOUS
10
91.4426059999999978
20
-96.9423939999999931
11
91.4717619999999982
21
-96.986029000000002
0
LINE
8
BLACK
6
CONTINUOUS
10
91.4717619999999982
20
-96.986029000000002
11
91.4819999999999993
21
-97.0374999999999943
0
LINE
8
BLACK
6
CONTINUOUS
10
91.4819999999999993
20
-97.0374999999999943
11
91.4819999999999993
21
-97.832499999999996
0
LINE
8
BLACK
6
CONTINUOUS
10
91.4819999999999993
20
-97.832499999999996
11
91.4717619999999982
21
-97.8839710000000025
0
LINE
8
BLACK
6
CONTINUOUS
10
91.4717619999999982
20
-97.8839710000000025
11
91.4426059999999978
21
-97.9276059999999973
0
LINE
8
BLACK
6
CONTINUOUS
10
91.4426059999999978
20
-97.9276059999999973
11
91.3989709999999889
21
-97.9567619999999977
0
LINE
8
BLACK
6
CONTINUOUS
10
91.3989709999999889
20
-97.9567619999999977
11
91.3474999999999966
21
-97.9669999999999987
0
LINE
8
BLACK
6
CONTINUOUS
10
91.3474999999999966
20
-97.9669999999999987
11
91.1524999999999892
21
-97.9669999999999987
0
LINE
8
BLACK
6
CONTINUOUS
10
91.1524999999999892
20
-97.9669999999999987
11
91.1010289999999969
21
-97.9567619999999977
0
LINE
8
BLACK
6
CONTINUOUS
10
91.1010289999999969
20
-97.9567619999999977
11
91.0573940000000022
21
-97.9276059999999973
0
LINE
8
BLACK
6
CONTINUOUS
10
91.0573940000000022
20
-97.9276059999999973
11
91.0282380000000018
21
-97.8839710000000025
0
LINE
8
BLACK
6
CONTINUOUS
10
91.0282380000000018
20
-97.8839710000000025
11
91.0180000000000007
21
-97.832499999999996
0
LINE
8
BLACK
6
CONTINUOUS
10
91.0180000000000007
20
-97.832499999999996
11
91.0180000000000007
21
-97.0374999999999943
0
LINE
8
BLACK
6
CONTINUOUS
10
91.0180000000000007
20
-97.0374999999999943
11
91.0282380000000018
21
-96.986029000000002
0
LINE
8
BLACK
6
CONTINUOUS
10
91.0282380000000018
20
-96.986029000000002
11
91.0573940000000022
21
-96.9423939999999931
0
LINE
8
BLACK
6
CONTINUOUS
10
91.0573940000000022
20
-96.9423939999999931
11
91.1010289999999969
21
-96.9132379999999927
0
LINE
8
BLACK
6
CONTINUOUS
10
91.1010289999999969
20
-96.9132379999999927
11
91.1524999999999892
21
-96.9029999999999916
0
LINE
8
BLACK
6
CONTINUOUS
10
91.1524999999999892
20
-96.9029999999999916
11
91.3474999999999966
21
-96.9029999999999916
0
LINE
8
BLACK
6
CONTINUOUS
10
91.3474999999999966
20
-96.9029999999999916
11
91.3989709999999889
21
-96.9132379999999927
0
LINE
8
BLACK
6
CONTINUOUS
10
91.8989709999999889
20
-96.9132379999999927
11
91.9426059999999978
21
-96.9423939999999931
0
LINE
8
BLACK
6
CONTINUOUS
10
91.9426059999999978
20
-96.9423939999999931
11
91.9717619999999982
21
-96.986029000000002
0
LINE
8
BLACK
6
CONTINUOUS
10
91.9717619999999982
20
-96.986029000000002
11
91.9819999999999993
21
-97.0374999999999943
0
LINE
8
BLACK
6
CONTINUOUS
10
91.9819999999999993
20
-97.0374999999999943
11
91.9819999999999993
21
-97.832499999999996
0
LINE
8
BLACK
6
CONTINUOUS
10
91.9819999999999993
20
-97.832499999999996
11
91.9717619999999982
21
-97.8839710000000025
0
LINE
8
BLACK
6
CONTINUOUS
10
91.9717619999999982
20
-97.8839710000000025
11
91.9426059999999978
21
-97.9276059999999973
0
LINE
8
BLACK
6
CONTINUOUS
10
91.9426059999999978
20
-97.9276059999999973
11
91.8989709999999889
21
-97.9567619999999977
0
LINE
8
BLACK
6
CONTINUOUS
10
91.8989709999999889
20
-97.9567619999999977
11
91.8474999999999966
21
-97.9669999999999987
0
LINE
8
BLACK
6
CONTINUOUS
10
91.8474999999999966
20
-97.9669999999999987
11
91.6524999999999892
21
-97.9669999999999987
0
LINE
8
BLACK
6
CONTINUOUS
10
91.6524999999999892
20
-97.9669999999999987
11
91.6010289999999969
21
-97.9567619999999977
0
LINE
8
BLACK
6
CONTINUOUS
10
91.6010289999999969
20
-97.9567619999999977
11
91.5573940000000022
21
-97.9276059999999973
0
LINE
8
BLACK
6
CONTINUOUS
10
91.5573940000000022
20
-97.9276059999999973
11
91.5282380000000018
21
-97.8839710000000025
0
LINE
8
BLACK
6
CONTINUOUS
10
91.5282380000000018
20
-97.8839710000000025
11
91.5180000000000007
21
-97.832499999999996
0
LINE
8
BLACK
6
CONTINUOUS
10
91.5180000000000007
20
-97.832499999999996
11
91.5180000000000007
21
-97.0374999999999943
0
LINE
8
BLACK
6
CONTINUOUS
10
91.5180000000000007
20
-97.0374999999999943
11
91.5282380000000018
21
-96.986029000000002
0
LINE
8
BLACK
6
CONTINUOUS
10
91.5282380000000018
20
-96.986029000000002
11
91.5573940000000022
21
-96.9423939999999931
0
LINE
8
BLACK
6
CONTINUOUS
10
91.5573940000000022
20
-96.9423939999999931
11
91.6010289999999969
21
-96.9132379999999927
0
LINE
8
BLACK
6
CONTINUOUS
10
91.6010289999999969
20
-96.9132379999999927
11
91.6524999999999892
21
-96.9029999999999916
0
LINE
8
BLACK
6
CONTINUOUS
10
91.6524999999999892
20
-96.9029999999999916
11
91.8474999999999966
21
-96.9029999999999916
0
LINE
8
BLACK
6
CONTINUOUS
10
91.8474999999999966
20
-96.9029999999999916
11
91.8989709999999889
21
-96.9132379999999927
0
LINE
8
BLACK
6
CONTINUOUS
10
92.3989709999999889
20
-96.9132379999999927
11
92.4426059999999978
21
-96.9423939999999931
0
LINE
8
BLACK
6
CONTINUOUS
10
92.4426059999999978
20
-96.9423939999999931
11
92.4717619999999982
21
-96.986029000000002
0
LINE
8
BLACK
6
CONTINUOUS
10
92.4717619999999982
20
-96.986029000000002
11
92.4819999999999993
21
-97.0374999999999943
0
LINE
8
BLACK
6
CONTINUOUS
10
92.4819999999999993
20
-97.0374999999999943
11
92.4819999999999993
21
-97.832499999999996
0
LINE
8
BLACK
6
CONTINUOUS
10
92.4819999999999993
20
-97.832499999999996
11
92.4717619999999982
21
-97.8839710000000025
0
LINE
8
BLACK
6
CONTINUOUS
10
92.4717619999999982
20
-97.8839710000000025
11
92.4426059999999978
21
-97.9276059999999973
0
LINE
8
BLACK
6
CONTINUOUS
10
92.4426059999999978
20
-97.9276059999999973
11
92.3989709999999889
21
-97.9567619999999977
0
LINE
8
BLACK
6
CONTINUOUS
10
92.3989709999999889
20
-97.9567619999999977
11
92.3474999999999966
21
-97.9669999999999987
0
LINE
8
BLACK
6
CONTINUOUS
10
92.3474999999999966
20
-97.9669999999999987
11
92.1524999999999892
21
-97.9669999999999987
0
LINE
8
BLACK
6
CONTINUOUS
10
92.1524999999999892
20
-97.9669999999999987
11
92.1010289999999969
21
-97.9567619999999977
0
LINE
8
BLACK
6
CONTINUOUS
10
92.1010289999999969
20
-97.9567619999999977
11
92.0573940000000022
21
-97.9276059999999973
0
LINE
8
BLACK
6
CONTINUOUS
10
92.0573940000000022
20
-97.9276059999999973
11
92.0282380000000018
21
-97.8839710000000025
0
LINE
8
BLACK
6
CONTINUOUS
10
92.0282380000000018
20
-97.8839710000000025
11
92.0180000000000007
21
-97.832499999999996
0
LINE
8
BLACK
6
CONTINUOUS
10
92.0180000000000007
20
-97.832499999999996
11
92.0180000000000007
21
-97.0374999999999943
0
LINE
8
BLACK
6
CONTINUOUS
10
92.0180000000000007
20
-97.0374999999999943
11
92.0282380000000018
21
-96.986029000000002
0
LINE
8
BLACK
6
CONTINUOUS
10
92.0282380000000018
20
-96.986029000000002
11
92.0573940000000022
21
-96.9423939999999931
0
LINE
8
BLACK
6
CONTINUOUS
10
92.0573940000000022
20
-96.9423939999999931
11
92.1010289999999969
21
-96.9132379999999927
0
LINE
8
BLACK
6
CONTINUOUS
10
92.1010289999999969
20
-96.9132379999999927
11
92.1524999999999892
21
-96.9029999999999916
0
LINE
8
BLACK
6
CONTINUOUS
10
92.1524999999999892
20
-96.9029999999999916
11
92.3474999999999966
21
-96.9029999999999916
0
LINE
8
BLACK
6
CONTINUOUS
10
92.3474999999999966
20
-96.9029999999999916
11
92.3989709999999889
21
-96.9132379999999927
0
LINE
8
BLACK
6
CONTINUOUS
10
92.8989709999999889
20
-96.9132379999999927
11
92.9426059999999978
21
-96.9423939999999931
0
LINE
8
BLACK
6
CONTINUOUS
10
92.9426059999999978
20
-96.9423939999999931
11
92.9717619999999982
21
-96.986029000000002
0
LINE
8
BLACK
6
CONTINUOUS
10
92.9717619999999982
20
-96.986029000000002
11
92.9819999999999993
21
-97.0374999999999943
0
LINE
8
BLACK
6
CONTINUOUS
10
92.9819999999999993
20
-97.0374999999999943
11
92.9819999999999993
21
-97.832499999999996
0
LINE
8
BLACK
6
CONTINUOUS
10
92.9819999999999993
20
-97.832499999999996
11
92.9717619999999982
21
-97.8839710000000025
0
LINE
8
BLACK
6
CONTINUOUS
10
92.9717619999999982
20
-97.8839710000000025
11
92.9426059999999978
21
-97.9276059999999973
0
LINE
8
BLACK
6
CONTINUOUS
10
92.9426059999999978
20
-97.9276059999999973
11
92.8989709999999889
21
-97.9567619999999977
0
LINE
8
BLACK
6
CONTINUOUS
10
92.8989709999999889
20
-97.9567619999999977
11
92.8474999999999966
21
-97.9669999999999987
0
LINE
8
BLACK
6
CONTINUOUS
10
92.8474999999999966
20
-97.9669999999999987
11
92.6524999999999892
21
-97.9669999999999987
0
LINE
8
BLACK
6
CONTINUOUS
10
92.6524999999999892
20
-97.9669999999999987
11
92.6010289999999969
21
-97.9567619999999977
0
LINE
8
BLACK
6
CONTINUOUS
10
92.6010289999999969
20
-97.9567619999999977
11
92.5573940000000022
21
-97.9276059999999973
0
LINE
8
BLACK
6
CONTINUOUS
10
92.5573940000000022
20
-97.9276059999999973
11
92.5282380000000018
21
-97.8839710000000025
0
LINE
8
BLACK
6
CONTINUOUS
10
92.5282380000000018
20
-97.8839710000000025
11
92.5180000000000007
21
-97.832499999999996
0
LINE
8
BLACK
6
CONTINUOUS
10
92.5180000000000007
20
-97.832499999999996
11
92.5180000000000007
21
-97.0374999999999943
0
LINE
8
BLACK
6
CONTINUOUS
10
92.5180000000000007
20
-97.0374999999999943
11
92.5282380000000018
21
-96.986029000000002
0
LINE
8
BLACK
6
CONTINUOUS
10
92.5282380000000018
20
-96.986029000000002
11
92.5573940000000022
21
-96.9423939999999931
0
LINE
8
BLACK
6
CONTINUOUS
10
92.5573940000000022
20
-96.9423939999999931
11
92.6010289999999969
21
-96.9132379999999927
0
LINE
8
BLACK
6
CONTINUOUS
10
92.6010289999999969
20
-96.9132379999999927
11
92.6524999999999892
21
-96.9029999999999916
0
LINE
8
BLACK
6
CONTINUOUS
10
92.6524999999999892
20
-96.9029999999999916
11
92.8474999999999966
21
-96.9029999999999916
0
LINE
8
BLACK
6
CONTINUOUS
10
92.8474999999999966
20
-96.9029999999999916
11
92.8989709999999889
21
-96.9132379999999927
0
LINE
8
BLACK
6
CONTINUOUS
10
93.3989709999999889
20
-96.9132379999999927
11
93.4426059999999978
21
-96.9423939999999931
0
LINE
8
BLACK
6
CONTINUOUS
10
93.4426059999999978
20
-96.9423939999999931
11
93.4717619999999982
21
-96.986029000000002
0
LINE
8
BLACK
6
CONTINUOUS
10
93.4717619999999982
20
-96.986029000000002
11
93.4819999999999993
21
-97.0374999999999943
0
LINE
8
BLACK
6
CONTINUOUS
10
93.4819999999999993
20
-97.0374999999999943
11
93.4819999999999993
21
-97.832499999999996
0
LINE
8
BLACK
6
CONTINUOUS
10
93.4819999999999993
20
-97.832499999999996
11
93.4717619999999982
21
-97.8839710000000025
0
LINE
8
BLACK
6
CONTINUOUS
10
93.4717619999999982
20
-97.8839710000000025
11
93.4426059999999978
21
-97.9276059999999973
0
LINE
8
BLACK
6
CONTINUOUS
10
93.4426059999999978
20
-97.9276059999999973
11
93.3989709999999889
21
-97.9567619999999977
0
LINE
8
BLACK
6
CONTINUOUS
10
93.3989709999999889
20
-97.9567619999999977
11
93.3474999999999966
21
-97.9669999999999987
0
LINE
8
BLACK
6
CONTINUOUS
10
93.3474999999999966
20
-97.9669999999999987
11
93.1524999999999892
21
-97.9669999999999987
0
LINE
8
BLACK
6
CONTINUOUS
10
93.1524999999999892
20
-97.9669999999999987
11
93.1010289999999969
21
-97.9567619999999977
0
LINE
8
BLACK
6
CONTINUOUS
10
93.1010289999999969
20
-97.9567619999999977
11
93.0573940000000022
21
-97.9276059999999973
0
LINE
8
BLACK
6
CONTINUOUS
10
93.0573940000000022
20
-97.9276059999999973
11
93.0282380000000018
21
-97.8839710000000025
0
LINE
8
BLACK
6
CONTINUOUS
10
93.0282380000000018
20
-97.8839710000000025
11
93.0180000000000007
21
-97.832499999999996
0
LINE
8
BLACK
6
CONTINUOUS
10
93.0180000000000007
20
-97.832499999999996
11
93.0180000000000007
21
-97.0374999999999943
0
LINE
8
BLACK
6
CONTINUOUS
10
93.0180000000000007
20
-97.0374999999999943
11
93.0282380000000018
21
-96.986029000000002
0
LINE
8
BLACK
6
CONTINUOUS
10
93.0282380000000018
20
-96.986029000000002
11
93.0573940000000022
21
-96.9423939999999931
0
LINE
8
BLACK
6
CONTINUOUS
10
93.0573940000000022
20
-96.9423939999999931
11
93.1010289999999969
21
-96.9132379999999927
0
LINE
8
BLACK
6
CONTINUOUS
10
93.1010289999999969
20
-96.9132379999999927
11
93.1524999999999892
21
-96.9029999999999916
0
LINE
8
BLACK
6
CONTINUOUS
10
93.1524999999999892
20
-96.9029999999999916
11
93.3474999999999966
21
-96.9029999999999916
0
LINE
8
BLACK
6
CONTINUOUS
10
93.3474999999999966
20
-96.9029999999999916
11
93.3989709999999889
21
-96.9132379999999927
0
LINE
8
BLACK
6
CONTINUOUS
10
88.3905519999999996
20
-96.9335639999999898
11
88.4270499999999942
21
-96.9579499999999967
0
LINE
8
BLACK
6
CONTINUOUS
10
88.4270499999999942
20
-96.9579499999999967
11
88.4514360000000011
21
-96.9944479999999913
0
LINE
8
BLACK
6
CONTINUOUS
10
88.4514360000000011
20
-96.9944479999999913
11
88.4599999999999937
21
-97.0374999999999943
0
LINE
8
BLACK
6
CONTINUOUS
10
88.4599999999999937
20
-97.0374999999999943
11
88.4599999999999937
21
-97.832499999999996
0
LINE
8
BLACK
6
CONTINUOUS
10
88.4599999999999937
20
-97.832499999999996
11
88.4514360000000011
21
-97.875551999999999
0
LINE
8
BLACK
6
CONTINUOUS
10
88.4514360000000011
20
-97.875551999999999
11
88.4270499999999942
21
-97.9120499999999936
0
LINE
8
BLACK
6
CONTINUOUS
10
88.4270499999999942
20
-97.9120499999999936
11
88.3905519999999996
21
-97.9364360000000005
0
LINE
8
BLACK
6
CONTINUOUS
10
88.3905519999999996
20
-97.9364360000000005
11
88.3474999999999966
21
-97.9449999999999932
0
LINE
8
BLACK
6
CONTINUOUS
10
88.3474999999999966
20
-97.9449999999999932
11
88.1524999999999892
21
-97.9449999999999932
0
LINE
8
BLACK
6
CONTINUOUS
10
88.1524999999999892
20
-97.9449999999999932
11
88.1094480000000004
21
-97.9364360000000005
0
LINE
8
BLACK
6
CONTINUOUS
10
88.1094480000000004
20
-97.9364360000000005
11
88.0729499999999916
21
-97.9120499999999936
0
LINE
8
BLACK
6
CONTINUOUS
10
88.0729499999999916
20
-97.9120499999999936
11
88.0485639999999989
21
-97.875551999999999
0
LINE
8
BLACK
6
CONTINUOUS
10
88.0485639999999989
20
-97.875551999999999
11
88.039999999999992
21
-97.832499999999996
0
LINE
8
BLACK
6
CONTINUOUS
10
88.039999999999992
20
-97.832499999999996
11
88.039999999999992
21
-97.0374999999999943
0
LINE
8
BLACK
6
CONTINUOUS
10
88.039999999999992
20
-97.0374999999999943
11
88.0485639999999989
21
-96.9944479999999913
0
LINE
8
BLACK
6
CONTINUOUS
10
88.0485639999999989
20
-96.9944479999999913
11
88.0729499999999916
21
-96.9579499999999967
0
LINE
8
BLACK
6
CONTINUOUS
10
88.0729499999999916
20
-96.9579499999999967
11
88.1094480000000004
21
-96.9335639999999898
0
LINE
8
BLACK
6
CONTINUOUS
10
88.1094480000000004
20
-96.9335639999999898
11
88.1524999999999892
21
-96.9249999999999972
0
LINE
8
BLACK
6
CONTINUOUS
10
88.1524999999999892
20
-96.9249999999999972
11
88.3474999999999966
21
-96.9249999999999972
0
LINE
8
BLACK
6
CONTINUOUS
10
88.3474999999999966
20
-96.9249999999999972
11
88.3905519999999996
21
-96.9335639999999898
0
LINE
8
BLACK
6
CONTINUOUS
10
93.8905519999999996
20
-96.9335639999999898
11
93.9270499999999942
21
-96.9579499999999967
0
LINE
8
BLACK
6
CONTINUOUS
10
93.9270499999999942
20
-96.9579499999999967
11
93.9514360000000011
21
-96.9944479999999913
0
LINE
8
BLACK
6
CONTINUOUS
10
93.9514360000000011
20
-96.9944479999999913
11
93.9599999999999937
21
-97.0374999999999943
0
LINE
8
BLACK
6
CONTINUOUS
10
93.9599999999999937
20
-97.0374999999999943
11
93.9599999999999937
21
-97.832499999999996
0
LINE
8
BLACK
6
CONTINUOUS
10
93.9599999999999937
20
-97.832499999999996
11
93.9514360000000011
21
-97.875551999999999
0
LINE
8
BLACK
6
CONTINUOUS
10
93.9514360000000011
20
-97.875551999999999
11
93.9270499999999942
21
-97.9120499999999936
0
LINE
8
BLACK
6
CONTINUOUS
10
93.9270499999999942
20
-97.9120499999999936
11
93.8905519999999996
21
-97.9364360000000005
0
LINE
8
BLACK
6
CONTINUOUS
10
93.8905519999999996
20
-97.9364360000000005
11
93.8474999999999966
21
-97.9449999999999932
0
LINE
8
BLACK
6
CONTINUOUS
10
93.8474999999999966
20
-97.9449999999999932
11
93.6524999999999892
21
-97.9449999999999932
0
LINE
8
BLACK
6
CONTINUOUS
10
93.6524999999999892
20
-97.9449999999999932
11
93.6094480000000004
21
-97.9364360000000005
0
LINE
8
BLACK
6
CONTINUOUS
10
93.6094480000000004
20
-97.9364360000000005
11
93.5729499999999916
21
-97.9120499999999936
0
LINE
8
BLACK
6
CONTINUOUS
10
93.5729499999999916
20
-97.9120499999999936
11
93.5485639999999989
21
-97.875551999999999
0
LINE
8
BLACK
6
CONTINUOUS
10
93.5485639999999989
20
-97.875551999999999
11
93.539999999999992
21
-97.832499999999996
0
LINE
8
BLACK
6
CONTINUOUS
10
93.539999999999992
20
-97.832499999999996
11
93.539999999999992
21
-97.0374999999999943
0
LINE
8
BLACK
6
CONTINUOUS
10
93.539999999999992
20
-97.0374999999999943
11
93.5485639999999989
21
-96.9944479999999913
0
LINE
8
BLACK
6
CONTINUOUS
10
93.5485639999999989
20
-96.9944479999999913
11
93.5729499999999916
21
-96.9579499999999967
0
LINE
8
BLACK
6
CONTINUOUS
10
93.5729499999999916
20
-96.9579499999999967
11
93.6094480000000004
21
-96.9335639999999898
0
LINE
8
BLACK
6
CONTINUOUS
10
93.6094480000000004
20
-96.9335639999999898
11
93.6524999999999892
21
-96.9249999999999972
0
LINE
8
BLACK
6
CONTINUOUS
10
93.6524999999999892
20
-96.9249999999999972
11
93.8474999999999966
21
-96.9249999999999972
0
LINE
8
BLACK
6
CONTINUOUS
10
93.8474999999999966
20
-96.9249999999999972
11
93.8905519999999996
21
-96.9335639999999898
0
LINE
8
BLACK
6
CONTINUOUS
10
55.8283869999999993
20
-96.8680789999999945
11
55.9054379999999966
21
-96.9195619999999991
0
LINE
8
BLACK
6
CONTINUOUS
10
55.9054379999999966
20
-96.9195619999999991
11
55.9569209999999941
21
-96.9966129999999964
0
LINE
8
BLACK
6
CONTINUOUS
10
55.9569209999999941
20
-96.9966129999999964
11
55.9749999999999943
21
-97.0874999999999915
0
LINE
8
BLACK
6
CONTINUOUS
10
55.9749999999999943
20
-97.0874999999999915
11
55.9749999999999943
21
-97.6875
0
LINE
8
BLACK
6
CONTINUOUS
10
55.9749999999999943
20
-97.6875
11
55.9569209999999941
21
-97.7783869999999951
0
LINE
8
BLACK
6
CONTINUOUS
10
55.9569209999999941
20
-97.7783869999999951
11
55.9054379999999966
21
-97.8554379999999924
0
LINE
8
BLACK
6
CONTINUOUS
10
55.9054379999999966
20
-97.8554379999999924
11
55.8283869999999993
21
-97.906920999999997
0
LINE
8
BLACK
6
CONTINUOUS
10
55.8283869999999993
20
-97.906920999999997
11
55.7374999999999972
21
-97.9249999999999972
0
LINE
8
BLACK
6
CONTINUOUS
10
55.7374999999999972
20
-97.9249999999999972
11
55.2624999999999957
21
-97.9249999999999972
0
LINE
8
BLACK
6
CONTINUOUS
10
55.2624999999999957
20
-97.9249999999999972
11
55.1716130000000007
21
-97.906920999999997
0
LINE
8
BLACK
6
CONTINUOUS
10
55.1716130000000007
20
-97.906920999999997
11
55.0945619999999963
21
-97.8554379999999924
0
LINE
8
BLACK
6
CONTINUOUS
10
55.0945619999999963
20
-97.8554379999999924
11
55.0430789999999988
21
-97.7783869999999951
0
LINE
8
BLACK
6
CONTINUOUS
10
55.0430789999999988
20
-97.7783869999999951
11
55.0249999999999986
21
-97.6875
0
LINE
8
BLACK
6
CONTINUOUS
10
55.0249999999999986
20
-97.6875
11
55.0249999999999986
21
-97.0874999999999915
0
LINE
8
BLACK
6
CONTINUOUS
10
55.0249999999999986
20
-97.0874999999999915
11
55.0430789999999988
21
-96.9966129999999964
0
LINE
8
BLACK
6
CONTINUOUS
10
55.0430789999999988
20
-96.9966129999999964
11
55.0945619999999963
21
-96.9195619999999991
0
LINE
8
BLACK
6
CONTINUOUS
10
55.0945619999999963
20
-96.9195619999999991
11
55.1716130000000007
21
-96.8680789999999945
0
LINE
8
BLACK
6
CONTINUOUS
10
55.1716130000000007
20
-96.8680789999999945
11
55.2624999999999957
21
-96.8499999999999943
0
LINE
8
BLACK
6
CONTINUOUS
10
55.2624999999999957
20
-96.8499999999999943
11
55.7374999999999972
21
-96.8499999999999943
0
LINE
8
BLACK
6
CONTINUOUS
10
55.7374999999999972
20
-96.8499999999999943
11
55.8283869999999993
21
-96.8680789999999945
0
LINE
8
BLACK
6
CONTINUOUS
10
85.6283869999999894
20
-96.3180789999999973
11
85.7054380000000009
21
-96.3695620000000019
0
LINE
8
BLACK
6
CONTINUOUS
10
85.7054380000000009
20
-96.3695620000000019
11
85.7569209999999913
21
-96.4466129999999993
0
LINE
8
BLACK
6
CONTINUOUS
10
85.7569209999999913
20
-96.4466129999999993
11
85.7749999999999915
21
-96.5374999999999943
0
LINE
8
BLACK
6
CONTINUOUS
10
85.7749999999999915
20
-96.5374999999999943
11
85.7749999999999915
21
-97.1374999999999886
0
LINE
8
BLACK
6
CONTINUOUS
10
85.7749999999999915
20
-97.1374999999999886
11
85.7569209999999913
21
-97.2283869999999979
0
LINE
8
BLACK
6
CONTINUOUS
10
85.7569209999999913
20
-97.2283869999999979
11
85.7054380000000009
21
-97.3054379999999952
0
LINE
8
BLACK
6
CONTINUOUS
10
85.7054380000000009
20
-97.3054379999999952
11
85.6283869999999894
21
-97.3569209999999998
0
LINE
8
BLACK
6
CONTINUOUS
10
85.6283869999999894
20
-97.3569209999999998
11
85.5374999999999943
21
-97.375
0
LINE
8
BLACK
6
CONTINUOUS
10
85.5374999999999943
20
-97.375
11
85.0625
21
-97.375
0
LINE
8
BLACK
6
CONTINUOUS
10
85.0625
20
-97.375
11
84.9716129999999907
21
-97.3569209999999998
0
LINE
8
BLACK
6
CONTINUOUS
10
84.9716129999999907
20
-97.3569209999999998
11
84.8945619999999934
21
-97.3054379999999952
0
LINE
8
BLACK
6
CONTINUOUS
10
84.8945619999999934
20
-97.3054379999999952
11
84.843079000000003
21
-97.2283869999999979
0
LINE
8
BLACK
6
CONTINUOUS
10
84.843079000000003
20
-97.2283869999999979
11
84.8250000000000028
21
-97.1374999999999886
0
LINE
8
BLACK
6
CONTINUOUS
10
84.8250000000000028
20
-97.1374999999999886
11
84.8250000000000028
21
-96.5374999999999943
0
LINE
8
BLACK
6
CONTINUOUS
10
84.8250000000000028
20
-96.5374999999999943
11
84.843079000000003
21
-96.4466129999999993
0
LINE
8
BLACK
6
CONTINUOUS
10
84.843079000000003
20
-96.4466129999999993
11
84.8945619999999934
21
-96.3695620000000019
0
LINE
8
BLACK
6
CONTINUOUS
10
84.8945619999999934
20
-96.3695620000000019
11
84.9716129999999907
21
-96.3180789999999973
0
LINE
8
BLACK
6
CONTINUOUS
10
84.9716129999999907
20
-96.3180789999999973
11
85.0625
21
-96.2999999999999972
0
LINE
8
BLACK
6
CONTINUOUS
10
85.0625
20
-96.2999999999999972
11
85.5374999999999943
21
-96.2999999999999972
0
LINE
8
BLACK
6
CONTINUOUS
10
85.5374999999999943
20
-96.2999999999999972
11
85.6283869999999894
21
-96.3180789999999973
0
LINE
8
BLACK
6
CONTINUOUS
10
50.0399999999999991
20
-97.0999999999999943
11
49.2399999999999949
21
-97.0999999999999943
0
LINE
8
BLACK
6
CONTINUOUS
10
49.2399999999999949
20
-97.0999999999999943
11
49.2399999999999949
21
-96.0999999999999943
0
LINE
8
BLACK
6
CONTINUOUS
10
49.2399999999999949
20
-96.0999999999999943
11
50.0399999999999991
21
-96.0999999999999943
0
LINE
8
BLACK
6
CONTINUOUS
10
50.0399999999999991
20
-96.0999999999999943
11
50.0399999999999991
21
-97.0999999999999943
0
LINE
8
BLACK
6
CONTINUOUS
10
52.25
20
-97.0999999999999943
11
51.4499999999999957
21
-97.0999999999999943
0
LINE
8
BLACK
6
CONTINUOUS
10
51.4499999999999957
20
-97.0999999999999943
11
51.4499999999999957
21
-96.0999999999999943
0
LINE
8
BLACK
6
CONTINUOUS
10
51.4499999999999957
20
-96.0999999999999943
11
52.25
21
-96.0999999999999943
0
LINE
8
BLACK
6
CONTINUOUS
10
52.25
20
-96.0999999999999943
11
52.25
21
-97.0999999999999943
0
LINE
8
BLACK
6
CONTINUOUS
10
107.1177139999999923
20
-95.6322949999999992
11
107.253547999999995
21
-95.6885589999999979
0
LINE
8
BLACK
6
CONTINUOUS
10
107.253547999999995
20
-95.6885589999999979
11
107.3757949999999965
21
-95.7702419999999961
0
LINE
8
BLACK
6
CONTINUOUS
10
107.3757949999999965
20
-95.7702419999999961
11
107.4797579999999897
21
-95.8742049999999892
0
LINE
8
BLACK
6
CONTINUOUS
10
107.4797579999999897
20
-95.8742049999999892
11
107.5614410000000021
21
-95.9964519999999908
0
LINE
8
BLACK
6
CONTINUOUS
10
107.5614410000000021
20
-95.9964519999999908
11
107.6177050000000008
21
-96.1322859999999935
0
LINE
8
BLACK
6
CONTINUOUS
10
107.6177050000000008
20
-96.1322859999999935
11
107.6463889999999992
21
-96.2764869999999888
0
LINE
8
BLACK
6
CONTINUOUS
10
107.6463889999999992
20
-96.2764869999999888
11
107.6463889999999992
21
-96.4235129999999998
0
LINE
8
BLACK
6
CONTINUOUS
10
107.6463889999999992
20
-96.4235129999999998
11
107.6177050000000008
21
-96.5677139999999952
0
LINE
8
BLACK
6
CONTINUOUS
10
107.6177050000000008
20
-96.5677139999999952
11
107.5614410000000021
21
-96.7035479999999978
0
LINE
8
BLACK
6
CONTINUOUS
10
107.5614410000000021
20
-96.7035479999999978
11
107.4797579999999897
21
-96.8257949999999994
0
LINE
8
BLACK
6
CONTINUOUS
10
107.4797579999999897
20
-96.8257949999999994
11
107.3757949999999965
21
-96.9297579999999925
0
LINE
8
BLACK
6
CONTINUOUS
10
107.3757949999999965
20
-96.9297579999999925
11
107.253547999999995
21
-97.0114409999999907
0
LINE
8
BLACK
6
CONTINUOUS
10
107.253547999999995
20
-97.0114409999999907
11
107.1177139999999923
21
-97.0677049999999895
0
LINE
8
BLACK
6
CONTINUOUS
10
107.1177139999999923
20
-97.0677049999999895
11
106.973512999999997
21
-97.0963890000000021
0
LINE
8
BLACK
6
CONTINUOUS
10
106.973512999999997
20
-97.0963890000000021
11
106.8264870000000002
21
-97.0963890000000021
0
LINE
8
BLACK
6
CONTINUOUS
10
106.8264870000000002
20
-97.0963890000000021
11
106.6822859999999906
21
-97.0677049999999895
0
LINE
8
BLACK
6
CONTINUOUS
10
106.6822859999999906
20
-97.0677049999999895
11
106.5464520000000022
21
-97.0114409999999907
0
LINE
8
BLACK
6
CONTINUOUS
10
106.5464520000000022
20
-97.0114409999999907
11
106.4242050000000006
21
-96.9297579999999925
0
LINE
8
BLACK
6
CONTINUOUS
10
106.4242050000000006
20
-96.9297579999999925
11
106.3202419999999933
21
-96.8257949999999994
0
LINE
8
BLACK
6
CONTINUOUS
10
106.3202419999999933
20
-96.8257949999999994
11
106.2385589999999951
21
-96.7035479999999978
0
LINE
8
BLACK
6
CONTINUOUS
10
106.2385589999999951
20
-96.7035479999999978
11
106.1822949999999963
21
-96.5677139999999952
0
LINE
8
BLACK
6
CONTINUOUS
10
106.1822949999999963
20
-96.5677139999999952
11
106.1536109999999979
21
-96.4235129999999998
0
LINE
8
BLACK
6
CONTINUOUS
10
106.1536109999999979
20
-96.4235129999999998
11
106.1536109999999979
21
-96.2764869999999888
0
LINE
8
BLACK
6
CONTINUOUS
10
106.1536109999999979
20
-96.2764869999999888
11
106.1822949999999963
21
-96.1322859999999935
0
LINE
8
BLACK
6
CONTINUOUS
10
106.1822949999999963
20
-96.1322859999999935
11
106.2385589999999951
21
-95.9964519999999908
0
LINE
8
BLACK
6
CONTINUOUS
10
106.2385589999999951
20
-95.9964519999999908
11
106.3202419999999933
21
-95.8742049999999892
0
LINE
8
BLACK
6
CONTINUOUS
10
106.3202419999999933
20
-95.8742049999999892
11
106.4242050000000006
21
-95.7702419999999961
0
LINE
8
BLACK
6
CONTINUOUS
10
106.4242050000000006
20
-95.7702419999999961
11
106.5464520000000022
21
-95.6885589999999979
0
LINE
8
BLACK
6
CONTINUOUS
10
106.5464520000000022
20
-95.6885589999999979
11
106.6822859999999906
21
-95.6322949999999992
0
LINE
8
BLACK
6
CONTINUOUS
10
106.6822859999999906
20
-95.6322949999999992
11
106.8264870000000002
21
-95.6036110000000008
0
LINE
8
BLACK
6
CONTINUOUS
10
106.8264870000000002
20
-95.6036110000000008
11
106.973512999999997
21
-95.6036110000000008
0
LINE
8
BLACK
6
CONTINUOUS
10
106.973512999999997
20
-95.6036110000000008
11
107.1177139999999923
21
-95.6322949999999992
0
LINE
8
BLACK
6
CONTINUOUS
10
88.0055519999999945
20
-96.5485639999999989
11
88.042049999999989
21
-96.5729499999999916
0
LINE
8
BLACK
6
CONTINUOUS
10
88.042049999999989
20
-96.5729499999999916
11
88.0664359999999959
21
-96.6094480000000004
0
LINE
8
BLACK
6
CONTINUOUS
10
88.0664359999999959
20
-96.6094480000000004
11
88.0750000000000028
21
-96.6524999999999892
0
LINE
8
BLACK
6
CONTINUOUS
10
88.0750000000000028
20
-96.6524999999999892
11
88.0750000000000028
21
-96.8474999999999966
0
LINE
8
BLACK
6
CONTINUOUS
10
88.0750000000000028
20
-96.8474999999999966
11
88.0664359999999959
21
-96.8905519999999996
0
LINE
8
BLACK
6
CONTINUOUS
10
88.0664359999999959
20
-96.8905519999999996
11
88.042049999999989
21
-96.9270499999999942
0
LINE
8
BLACK
6
CONTINUOUS
10
88.042049999999989
20
-96.9270499999999942
11
88.0055519999999945
21
-96.9514360000000011
0
LINE
8
BLACK
6
CONTINUOUS
10
88.0055519999999945
20
-96.9514360000000011
11
87.9624999999999915
21
-96.9599999999999937
0
LINE
8
BLACK
6
CONTINUOUS
10
87.9624999999999915
20
-96.9599999999999937
11
87.1674999999999898
21
-96.9599999999999937
0
LINE
8
BLACK
6
CONTINUOUS
10
87.1674999999999898
20
-96.9599999999999937
11
87.124448000000001
21
-96.9514360000000011
0
LINE
8
BLACK
6
CONTINUOUS
10
87.124448000000001
20
-96.9514360000000011
11
87.0879499999999922
21
-96.9270499999999942
0
LINE
8
BLACK
6
CONTINUOUS
10
87.0879499999999922
20
-96.9270499999999942
11
87.0635639999999995
21
-96.8905519999999996
0
LINE
8
BLACK
6
CONTINUOUS
10
87.0635639999999995
20
-96.8905519999999996
11
87.0549999999999926
21
-96.8474999999999966
0
LINE
8
BLACK
6
CONTINUOUS
10
87.0549999999999926
20
-96.8474999999999966
11
87.0549999999999926
21
-96.6524999999999892
0
LINE
8
BLACK
6
CONTINUOUS
10
87.0549999999999926
20
-96.6524999999999892
11
87.0635639999999995
21
-96.6094480000000004
0
LINE
8
BLACK
6
CONTINUOUS
10
87.0635639999999995
20
-96.6094480000000004
11
87.0879499999999922
21
-96.5729499999999916
0
LINE
8
BLACK
6
CONTINUOUS
10
87.0879499999999922
20
-96.5729499999999916
11
87.124448000000001
21
-96.5485639999999989
0
LINE
8
BLACK
6
CONTINUOUS
10
87.124448000000001
20
-96.5485639999999989
11
87.1674999999999898
21
-96.539999999999992
0
LINE
8
BLACK
6
CONTINUOUS
10
87.1674999999999898
20
-96.539999999999992
11
87.9624999999999915
21
-96.539999999999992
0
LINE
8
BLACK
6
CONTINUOUS
10
87.9624999999999915
20
-96.539999999999992
11
88.0055519999999945
21
-96.5485639999999989
0
LINE
8
BLACK
6
CONTINUOUS
10
94.875551999999999
20
-96.5485639999999989
11
94.9120499999999936
21
-96.5729499999999916
0
LINE
8
BLACK
6
CONTINUOUS
10
94.9120499999999936
20
-96.5729499999999916
11
94.9364360000000005
21
-96.6094480000000004
0
LINE
8
BLACK
6
CONTINUOUS
10
94.9364360000000005
20
-96.6094480000000004
11
94.9449999999999932
21
-96.6524999999999892
0
LINE
8
BLACK
6
CONTINUOUS
10
94.9449999999999932
20
-96.6524999999999892
11
94.9449999999999932
21
-96.8474999999999966
0
LINE
8
BLACK
6
CONTINUOUS
10
94.9449999999999932
20
-96.8474999999999966
11
94.9364360000000005
21
-96.8905519999999996
0
LINE
8
BLACK
6
CONTINUOUS
10
94.9364360000000005
20
-96.8905519999999996
11
94.9120499999999936
21
-96.9270499999999942
0
LINE
8
BLACK
6
CONTINUOUS
10
94.9120499999999936
20
-96.9270499999999942
11
94.875551999999999
21
-96.9514360000000011
0
LINE
8
BLACK
6
CONTINUOUS
10
94.875551999999999
20
-96.9514360000000011
11
94.832499999999996
21
-96.9599999999999937
0
LINE
8
BLACK
6
CONTINUOUS
10
94.832499999999996
20
-96.9599999999999937
11
94.0374999999999943
21
-96.9599999999999937
0
LINE
8
BLACK
6
CONTINUOUS
10
94.0374999999999943
20
-96.9599999999999937
11
93.9944479999999913
21
-96.9514360000000011
0
LINE
8
BLACK
6
CONTINUOUS
10
93.9944479999999913
20
-96.9514360000000011
11
93.9579499999999967
21
-96.9270499999999942
0
LINE
8
BLACK
6
CONTINUOUS
10
93.9579499999999967
20
-96.9270499999999942
11
93.9335639999999898
21
-96.8905519999999996
0
LINE
8
BLACK
6
CONTINUOUS
10
93.9335639999999898
20
-96.8905519999999996
11
93.9249999999999972
21
-96.8474999999999966
0
LINE
8
BLACK
6
CONTINUOUS
10
93.9249999999999972
20
-96.8474999999999966
11
93.9249999999999972
21
-96.6524999999999892
0
LINE
8
BLACK
6
CONTINUOUS
10
93.9249999999999972
20
-96.6524999999999892
11
93.9335639999999898
21
-96.6094480000000004
0
LINE
8
BLACK
6
CONTINUOUS
10
93.9335639999999898
20
-96.6094480000000004
11
93.9579499999999967
21
-96.5729499999999916
0
LINE
8
BLACK
6
CONTINUOUS
10
93.9579499999999967
20
-96.5729499999999916
11
93.9944479999999913
21
-96.5485639999999989
0
LINE
8
BLACK
6
CONTINUOUS
10
93.9944479999999913
20
-96.5485639999999989
11
94.0374999999999943
21
-96.539999999999992
0
LINE
8
BLACK
6
CONTINUOUS
10
94.0374999999999943
20
-96.539999999999992
11
94.832499999999996
21
-96.539999999999992
0
LINE
8
BLACK
6
CONTINUOUS
10
94.832499999999996
20
-96.539999999999992
11
94.875551999999999
21
-96.5485639999999989
0
LINE
8
BLACK
6
CONTINUOUS
10
100.0783869999999922
20
-95.9280779999999993
11
100.1554379999999895
21
-95.9795609999999897
0
LINE
8
BLACK
6
CONTINUOUS
10
100.1554379999999895
20
-95.9795609999999897
11
100.2069209999999941
21
-96.0566120000000012
0
LINE
8
BLACK
6
CONTINUOUS
10
100.2069209999999941
20
-96.0566120000000012
11
100.2249999999999943
21
-96.1474989999999963
0
LINE
8
BLACK
6
CONTINUOUS
10
100.2249999999999943
20
-96.1474989999999963
11
100.2249999999999943
21
-96.6474989999999963
0
LINE
8
BLACK
6
CONTINUOUS
10
100.2249999999999943
20
-96.6474989999999963
11
100.2069209999999941
21
-96.7383859999999913
0
LINE
8
BLACK
6
CONTINUOUS
10
100.2069209999999941
20
-96.7383859999999913
11
100.1554379999999895
21
-96.8154369999999886
0
LINE
8
BLACK
6
CONTINUOUS
10
100.1554379999999895
20
-96.8154369999999886
11
100.0783869999999922
21
-96.8669199999999933
0
LINE
8
BLACK
6
CONTINUOUS
10
100.0783869999999922
20
-96.8669199999999933
11
99.9874999999999972
21
-96.8849989999999934
0
LINE
8
BLACK
6
CONTINUOUS
10
99.9874999999999972
20
-96.8849989999999934
11
99.5124999999999886
21
-96.8849989999999934
0
LINE
8
BLACK
6
CONTINUOUS
10
99.5124999999999886
20
-96.8849989999999934
11
99.4216129999999936
21
-96.8669199999999933
0
LINE
8
BLACK
6
CONTINUOUS
10
99.4216129999999936
20
-96.8669199999999933
11
99.3445619999999963
21
-96.8154369999999886
0
LINE
8
BLACK
6
CONTINUOUS
10
99.3445619999999963
20
-96.8154369999999886
11
99.2930789999999917
21
-96.7383859999999913
0
LINE
8
BLACK
6
CONTINUOUS
10
99.2930789999999917
20
-96.7383859999999913
11
99.2749999999999915
21
-96.6474989999999963
0
LINE
8
BLACK
6
CONTINUOUS
10
99.2749999999999915
20
-96.6474989999999963
11
99.2749999999999915
21
-96.1474989999999963
0
LINE
8
BLACK
6
CONTINUOUS
10
99.2749999999999915
20
-96.1474989999999963
11
99.2930789999999917
21
-96.0566120000000012
0
LINE
8
BLACK
6
CONTINUOUS
10
99.2930789999999917
20
-96.0566120000000012
11
99.3445619999999963
21
-95.9795609999999897
0
LINE
8
BLACK
6
CONTINUOUS
10
99.3445619999999963
20
-95.9795609999999897
11
99.4216129999999936
21
-95.9280779999999993
0
LINE
8
BLACK
6
CONTINUOUS
10
99.4216129999999936
20
-95.9280779999999993
11
99.5124999999999886
21
-95.9099989999999991
0
LINE
8
BLACK
6
CONTINUOUS
10
99.5124999999999886
20
-95.9099989999999991
11
99.9874999999999972
21
-95.9099989999999991
0
LINE
8
BLACK
6
CONTINUOUS
10
99.9874999999999972
20
-95.9099989999999991
11
100.0783869999999922
21
-95.9280779999999993
0
LINE
8
BLACK
6
CONTINUOUS
10
98.2030419999999964
20
-95.7295179999999988
11
98.2734419999999886
21
-95.7765579999999943
0
LINE
8
BLACK
6
CONTINUOUS
10
98.2734419999999886
20
-95.7765579999999943
11
98.3204819999999984
21
-95.8469580000000008
0
LINE
8
BLACK
6
CONTINUOUS
10
98.3204819999999984
20
-95.8469580000000008
11
98.3369999999999891
21
-95.9299999999999926
0
LINE
8
BLACK
6
CONTINUOUS
10
98.3369999999999891
20
-95.9299999999999926
11
98.3369999999999891
21
-96.6199999999999903
0
LINE
8
BLACK
6
CONTINUOUS
10
98.3369999999999891
20
-96.6199999999999903
11
98.3204819999999984
21
-96.7030419999999964
0
LINE
8
BLACK
6
CONTINUOUS
10
98.3204819999999984
20
-96.7030419999999964
11
98.2734419999999886
21
-96.7734419999999886
0
LINE
8
BLACK
6
CONTINUOUS
10
98.2734419999999886
20
-96.7734419999999886
11
98.2030419999999964
21
-96.8204819999999984
0
LINE
8
BLACK
6
CONTINUOUS
10
98.2030419999999964
20
-96.8204819999999984
11
98.1199999999999903
21
-96.8369999999999891
0
LINE
8
BLACK
6
CONTINUOUS
10
98.1199999999999903
20
-96.8369999999999891
11
97.3799999999999955
21
-96.8369999999999891
0
LINE
8
BLACK
6
CONTINUOUS
10
97.3799999999999955
20
-96.8369999999999891
11
97.2969579999999894
21
-96.8204819999999984
0
LINE
8
BLACK
6
CONTINUOUS
10
97.2969579999999894
20
-96.8204819999999984
11
97.2265579999999972
21
-96.7734419999999886
0
LINE
8
BLACK
6
CONTINUOUS
10
97.2265579999999972
20
-96.7734419999999886
11
97.1795180000000016
21
-96.7030419999999964
0
LINE
8
BLACK
6
CONTINUOUS
10
97.1795180000000016
20
-96.7030419999999964
11
97.1629999999999967
21
-96.6199999999999903
0
LINE
8
BLACK
6
CONTINUOUS
10
97.1629999999999967
20
-96.6199999999999903
11
97.1629999999999967
21
-95.9299999999999926
0
LINE
8
BLACK
6
CONTINUOUS
10
97.1629999999999967
20
-95.9299999999999926
11
97.1795180000000016
21
-95.8469580000000008
0
LINE
8
BLACK
6
CONTINUOUS
10
97.1795180000000016
20
-95.8469580000000008
11
97.2265579999999972
21
-95.7765579999999943
0
LINE
8
BLACK
6
CONTINUOUS
10
97.2265579999999972
20
-95.7765579999999943
11
97.2969579999999894
21
-95.7295179999999988
0
LINE
8
BLACK
6
CONTINUOUS
10
97.2969579999999894
20
-95.7295179999999988
11
97.3799999999999955
21
-95.7129999999999939
0
LINE
8
BLACK
6
CONTINUOUS
10
97.3799999999999955
20
-95.7129999999999939
11
98.1199999999999903
21
-95.7129999999999939
0
LINE
8
BLACK
6
CONTINUOUS
10
98.1199999999999903
20
-95.7129999999999939
11
98.2030419999999964
21
-95.7295179999999988
0
LINE
8
BLACK
6
CONTINUOUS
10
102.1869009999999918
20
-95.7590419999999938
11
102.2552729999999883
21
-95.8047269999999997
0
LINE
8
BLACK
6
CONTINUOUS
10
102.2552729999999883
20
-95.8047269999999997
11
102.3009579999999943
21
-95.8730989999999963
0
LINE
8
BLACK
6
CONTINUOUS
10
102.3009579999999943
20
-95.8730989999999963
11
102.3169999999999931
21
-95.9537499999999994
0
LINE
8
BLACK
6
CONTINUOUS
10
102.3169999999999931
20
-95.9537499999999994
11
102.3169999999999931
21
-96.6062499999999886
0
LINE
8
BLACK
6
CONTINUOUS
10
102.3169999999999931
20
-96.6062499999999886
11
102.3009579999999943
21
-96.6869009999999918
0
LINE
8
BLACK
6
CONTINUOUS
10
102.3009579999999943
20
-96.6869009999999918
11
102.2552729999999883
21
-96.7552730000000025
0
LINE
8
BLACK
6
CONTINUOUS
10
102.2552729999999883
20
-96.7552730000000025
11
102.1869009999999918
21
-96.8009579999999943
0
LINE
8
BLACK
6
CONTINUOUS
10
102.1869009999999918
20
-96.8009579999999943
11
102.1062499999999886
21
-96.8169999999999931
0
LINE
8
BLACK
6
CONTINUOUS
10
102.1062499999999886
20
-96.8169999999999931
11
101.3937499999999972
21
-96.8169999999999931
0
LINE
8
BLACK
6
CONTINUOUS
10
101.3937499999999972
20
-96.8169999999999931
11
101.313098999999994
21
-96.8009579999999943
0
LINE
8
BLACK
6
CONTINUOUS
10
101.313098999999994
20
-96.8009579999999943
11
101.2447269999999975
21
-96.7552730000000025
0
LINE
8
BLACK
6
CONTINUOUS
10
101.2447269999999975
20
-96.7552730000000025
11
101.1990419999999915
21
-96.6869009999999918
0
LINE
8
BLACK
6
CONTINUOUS
10
101.1990419999999915
20
-96.6869009999999918
11
101.1829999999999927
21
-96.6062499999999886
0
LINE
8
BLACK
6
CONTINUOUS
10
101.1829999999999927
20
-96.6062499999999886
11
101.1829999999999927
21
-95.9537499999999994
0
LINE
8
BLACK
6
CONTINUOUS
10
101.1829999999999927
20
-95.9537499999999994
11
101.1990419999999915
21
-95.8730989999999963
0
LINE
8
BLACK
6
CONTINUOUS
10
101.1990419999999915
20
-95.8730989999999963
11
101.2447269999999975
21
-95.8047269999999997
0
LINE
8
BLACK
6
CONTINUOUS
10
101.2447269999999975
20
-95.8047269999999997
11
101.313098999999994
21
-95.7590419999999938
0
LINE
8
BLACK
6
CONTINUOUS
10
101.313098999999994
20
-95.7590419999999938
11
101.3937499999999972
21
-95.742999999999995
0
LINE
8
BLACK
6
CONTINUOUS
10
101.3937499999999972
20
-95.742999999999995
11
102.1062499999999886
21
-95.742999999999995
0
LINE
8
BLACK
6
CONTINUOUS
10
102.1062499999999886
20
-95.742999999999995
11
102.1869009999999918
21
-95.7590419999999938
0
LINE
8
BLACK
6
CONTINUOUS
10
93.6140339999999895
20
-91.3307640000000021
11
93.6471250000000026
21
-91.3528749999999974
0
LINE
8
BLACK
6
CONTINUOUS
10
93.6471250000000026
20
-91.3528749999999974
11
93.6692359999999979
21
-91.3859659999999963
0
LINE
8
BLACK
6
CONTINUOUS
10
93.6692359999999979
20
-91.3859659999999963
11
93.6769999999999925
21
-91.4249999999999972
0
LINE
8
BLACK
6
CONTINUOUS
10
93.6769999999999925
20
-91.4249999999999972
11
93.6769999999999925
21
-96.5749999999999886
0
LINE
8
BLACK
6
CONTINUOUS
10
93.6769999999999925
20
-96.5749999999999886
11
93.6692359999999979
21
-96.6140339999999895
0
LINE
8
BLACK
6
CONTINUOUS
10
93.6692359999999979
20
-96.6140339999999895
11
93.6471250000000026
21
-96.6471250000000026
0
LINE
8
BLACK
6
CONTINUOUS
10
93.6471250000000026
20
-96.6471250000000026
11
93.6140339999999895
21
-96.6692359999999979
0
LINE
8
BLACK
6
CONTINUOUS
10
93.6140339999999895
20
-96.6692359999999979
11
93.5750000000000028
21
-96.6769999999999925
0
LINE
8
BLACK
6
CONTINUOUS
10
93.5750000000000028
20
-96.6769999999999925
11
88.4249999999999972
21
-96.6769999999999925
0
LINE
8
BLACK
6
CONTINUOUS
10
88.4249999999999972
20
-96.6769999999999925
11
88.3859659999999963
21
-96.6692359999999979
0
LINE
8
BLACK
6
CONTINUOUS
10
88.3859659999999963
20
-96.6692359999999979
11
88.3528749999999974
21
-96.6471250000000026
0
LINE
8
BLACK
6
CONTINUOUS
10
88.3528749999999974
20
-96.6471250000000026
11
88.3307640000000021
21
-96.6140339999999895
0
LINE
8
BLACK
6
CONTINUOUS
10
88.3307640000000021
20
-96.6140339999999895
11
88.3229999999999933
21
-96.5749999999999886
0
LINE
8
BLACK
6
CONTINUOUS
10
88.3229999999999933
20
-96.5749999999999886
11
88.3229999999999933
21
-91.4249999999999972
0
LINE
8
BLACK
6
CONTINUOUS
10
88.3229999999999933
20
-91.4249999999999972
11
88.3307640000000021
21
-91.3859659999999963
0
LINE
8
BLACK
6
CONTINUOUS
10
88.3307640000000021
20
-91.3859659999999963
11
88.3528749999999974
21
-91.3528749999999974
0
LINE
8
BLACK
6
CONTINUOUS
10
88.3528749999999974
20
-91.3528749999999974
11
88.3859659999999963
21
-91.3307640000000021
0
LINE
8
BLACK
6
CONTINUOUS
10
88.3859659999999963
20
-91.3307640000000021
11
88.4249999999999972
21
-91.3229999999999933
0
LINE
8
BLACK
6
CONTINUOUS
10
88.4249999999999972
20
-91.3229999999999933
11
93.5750000000000028
21
-91.3229999999999933
0
LINE
8
BLACK
6
CONTINUOUS
10
93.5750000000000028
20
-91.3229999999999933
11
93.6140339999999895
21
-91.3307640000000021
0
LINE
8
BLACK
6
CONTINUOUS
10
88.013970999999998
20
-96.0282380000000018
11
88.0576059999999927
21
-96.0573940000000022
0
LINE
8
BLACK
6
CONTINUOUS
10
88.0576059999999927
20
-96.0573940000000022
11
88.0867619999999931
21
-96.1010289999999969
0
LINE
8
BLACK
6
CONTINUOUS
10
88.0867619999999931
20
-96.1010289999999969
11
88.0969999999999942
21
-96.1524999999999892
0
LINE
8
BLACK
6
CONTINUOUS
10
88.0969999999999942
20
-96.1524999999999892
11
88.0969999999999942
21
-96.3474999999999966
0
LINE
8
BLACK
6
CONTINUOUS
10
88.0969999999999942
20
-96.3474999999999966
11
88.0867619999999931
21
-96.3989709999999889
0
LINE
8
BLACK
6
CONTINUOUS
10
88.0867619999999931
20
-96.3989709999999889
11
88.0576059999999927
21
-96.4426059999999978
0
LINE
8
BLACK
6
CONTINUOUS
10
88.0576059999999927
20
-96.4426059999999978
11
88.013970999999998
21
-96.4717619999999982
0
LINE
8
BLACK
6
CONTINUOUS
10
88.013970999999998
20
-96.4717619999999982
11
87.9624999999999915
21
-96.4819999999999993
0
LINE
8
BLACK
6
CONTINUOUS
10
87.9624999999999915
20
-96.4819999999999993
11
87.1674999999999898
21
-96.4819999999999993
0
LINE
8
BLACK
6
CONTINUOUS
10
87.1674999999999898
20
-96.4819999999999993
11
87.1160289999999975
21
-96.4717619999999982
0
LINE
8
BLACK
6
CONTINUOUS
10
87.1160289999999975
20
-96.4717619999999982
11
87.0723940000000027
21
-96.4426059999999978
0
LINE
8
BLACK
6
CONTINUOUS
10
87.0723940000000027
20
-96.4426059999999978
11
87.0432380000000023
21
-96.3989709999999889
0
LINE
8
BLACK
6
CONTINUOUS
10
87.0432380000000023
20
-96.3989709999999889
11
87.0330000000000013
21
-96.3474999999999966
0
LINE
8
BLACK
6
CONTINUOUS
10
87.0330000000000013
20
-96.3474999999999966
11
87.0330000000000013
21
-96.1524999999999892
0
LINE
8
BLACK
6
CONTINUOUS
10
87.0330000000000013
20
-96.1524999999999892
11
87.0432380000000023
21
-96.1010289999999969
0
LINE
8
BLACK
6
CONTINUOUS
10
87.0432380000000023
20
-96.1010289999999969
11
87.0723940000000027
21
-96.0573940000000022
0
LINE
8
BLACK
6
CONTINUOUS
10
87.0723940000000027
20
-96.0573940000000022
11
87.1160289999999975
21
-96.0282380000000018
0
LINE
8
BLACK
6
CONTINUOUS
10
87.1160289999999975
20
-96.0282380000000018
11
87.1674999999999898
21
-96.0180000000000007
0
LINE
8
BLACK
6
CONTINUOUS
10
87.1674999999999898
20
-96.0180000000000007
11
87.9624999999999915
21
-96.0180000000000007
0
LINE
8
BLACK
6
CONTINUOUS
10
87.9624999999999915
20
-96.0180000000000007
11
88.013970999999998
21
-96.0282380000000018
0
LINE
8
BLACK
6
CONTINUOUS
10
94.8839710000000025
20
-96.0282380000000018
11
94.9276059999999973
21
-96.0573940000000022
0
LINE
8
BLACK
6
CONTINUOUS
10
94.9276059999999973
20
-96.0573940000000022
11
94.9567619999999977
21
-96.1010289999999969
0
LINE
8
BLACK
6
CONTINUOUS
10
94.9567619999999977
20
-96.1010289999999969
11
94.9669999999999987
21
-96.1524999999999892
0
LINE
8
BLACK
6
CONTINUOUS
10
94.9669999999999987
20
-96.1524999999999892
11
94.9669999999999987
21
-96.3474999999999966
0
LINE
8
BLACK
6
CONTINUOUS
10
94.9669999999999987
20
-96.3474999999999966
11
94.9567619999999977
21
-96.3989709999999889
0
LINE
8
BLACK
6
CONTINUOUS
10
94.9567619999999977
20
-96.3989709999999889
11
94.9276059999999973
21
-96.4426059999999978
0
LINE
8
BLACK
6
CONTINUOUS
10
94.9276059999999973
20
-96.4426059999999978
11
94.8839710000000025
21
-96.4717619999999982
0
LINE
8
BLACK
6
CONTINUOUS
10
94.8839710000000025
20
-96.4717619999999982
11
94.832499999999996
21
-96.4819999999999993
0
LINE
8
BLACK
6
CONTINUOUS
10
94.832499999999996
20
-96.4819999999999993
11
94.0374999999999943
21
-96.4819999999999993
0
LINE
8
BLACK
6
CONTINUOUS
10
94.0374999999999943
20
-96.4819999999999993
11
93.986029000000002
21
-96.4717619999999982
0
LINE
8
BLACK
6
CONTINUOUS
10
93.986029000000002
20
-96.4717619999999982
11
93.9423939999999931
21
-96.4426059999999978
0
LINE
8
BLACK
6
CONTINUOUS
10
93.9423939999999931
20
-96.4426059999999978
11
93.9132379999999927
21
-96.3989709999999889
0
LINE
8
BLACK
6
CONTINUOUS
10
93.9132379999999927
20
-96.3989709999999889
11
93.9029999999999916
21
-96.3474999999999966
0
LINE
8
BLACK
6
CONTINUOUS
10
93.9029999999999916
20
-96.3474999999999966
11
93.9029999999999916
21
-96.1524999999999892
0
LINE
8
BLACK
6
CONTINUOUS
10
93.9029999999999916
20
-96.1524999999999892
11
93.9132379999999927
21
-96.1010289999999969
0
LINE
8
BLACK
6
CONTINUOUS
10
93.9132379999999927
20
-96.1010289999999969
11
93.9423939999999931
21
-96.0573940000000022
0
LINE
8
BLACK
6
CONTINUOUS
10
93.9423939999999931
20
-96.0573940000000022
11
93.986029000000002
21
-96.0282380000000018
0
LINE
8
BLACK
6
CONTINUOUS
10
93.986029000000002
20
-96.0282380000000018
11
94.0374999999999943
21
-96.0180000000000007
0
LINE
8
BLACK
6
CONTINUOUS
10
94.0374999999999943
20
-96.0180000000000007
11
94.832499999999996
21
-96.0180000000000007
0
LINE
8
BLACK
6
CONTINUOUS
10
94.832499999999996
20
-96.0180000000000007
11
94.8839710000000025
21
-96.0282380000000018
0
LINE
8
BLACK
6
CONTINUOUS
10
88.013970999999998
20
-95.5282380000000018
11
88.0576059999999927
21
-95.5573940000000022
0
LINE
8
BLACK
6
CONTINUOUS
10
88.0576059999999927
20
-95.5573940000000022
11
88.0867619999999931
21
-95.6010289999999969
0
LINE
8
BLACK
6
CONTINUOUS
10
88.0867619999999931
20
-95.6010289999999969
11
88.0969999999999942
21
-95.6524999999999892
0
LINE
8
BLACK
6
CONTINUOUS
10
88.0969999999999942
20
-95.6524999999999892
11
88.0969999999999942
21
-95.8474999999999966
0
LINE
8
BLACK
6
CONTINUOUS
10
88.0969999999999942
20
-95.8474999999999966
11
88.0867619999999931
21
-95.8989709999999889
0
LINE
8
BLACK
6
CONTINUOUS
10
88.0867619999999931
20
-95.8989709999999889
11
88.0576059999999927
21
-95.9426059999999978
0
LINE
8
BLACK
6
CONTINUOUS
10
88.0576059999999927
20
-95.9426059999999978
11
88.013970999999998
21
-95.9717619999999982
0
LINE
8
BLACK
6
CONTINUOUS
10
88.013970999999998
20
-95.9717619999999982
11
87.9624999999999915
21
-95.9819999999999993
0
LINE
8
BLACK
6
CONTINUOUS
10
87.9624999999999915
20
-95.9819999999999993
11
87.1674999999999898
21
-95.9819999999999993
0
LINE
8
BLACK
6
CONTINUOUS
10
87.1674999999999898
20
-95.9819999999999993
11
87.1160289999999975
21
-95.9717619999999982
0
LINE
8
BLACK
6
CONTINUOUS
10
87.1160289999999975
20
-95.9717619999999982
11
87.0723940000000027
21
-95.9426059999999978
0
LINE
8
BLACK
6
CONTINUOUS
10
87.0723940000000027
20
-95.9426059999999978
11
87.0432380000000023
21
-95.8989709999999889
0
LINE
8
BLACK
6
CONTINUOUS
10
87.0432380000000023
20
-95.8989709999999889
11
87.0330000000000013
21
-95.8474999999999966
0
LINE
8
BLACK
6
CONTINUOUS
10
87.0330000000000013
20
-95.8474999999999966
11
87.0330000000000013
21
-95.6524999999999892
0
LINE
8
BLACK
6
CONTINUOUS
10
87.0330000000000013
20
-95.6524999999999892
11
87.0432380000000023
21
-95.6010289999999969
0
LINE
8
BLACK
6
CONTINUOUS
10
87.0432380000000023
20
-95.6010289999999969
11
87.0723940000000027
21
-95.5573940000000022
0
LINE
8
BLACK
6
CONTINUOUS
10
87.0723940000000027
20
-95.5573940000000022
11
87.1160289999999975
21
-95.5282380000000018
0
LINE
8
BLACK
6
CONTINUOUS
10
87.1160289999999975
20
-95.5282380000000018
11
87.1674999999999898
21
-95.5180000000000007
0
LINE
8
BLACK
6
CONTINUOUS
10
87.1674999999999898
20
-95.5180000000000007
11
87.9624999999999915
21
-95.5180000000000007
0
LINE
8
BLACK
6
CONTINUOUS
10
87.9624999999999915
20
-95.5180000000000007
11
88.013970999999998
21
-95.5282380000000018
0
LINE
8
BLACK
6
CONTINUOUS
10
94.8839710000000025
20
-95.5282380000000018
11
94.9276059999999973
21
-95.5573940000000022
0
LINE
8
BLACK
6
CONTINUOUS
10
94.9276059999999973
20
-95.5573940000000022
11
94.9567619999999977
21
-95.6010289999999969
0
LINE
8
BLACK
6
CONTINUOUS
10
94.9567619999999977
20
-95.6010289999999969
11
94.9669999999999987
21
-95.6524999999999892
0
LINE
8
BLACK
6
CONTINUOUS
10
94.9669999999999987
20
-95.6524999999999892
11
94.9669999999999987
21
-95.8474999999999966
0
LINE
8
BLACK
6
CONTINUOUS
10
94.9669999999999987
20
-95.8474999999999966
11
94.9567619999999977
21
-95.8989709999999889
0
LINE
8
BLACK
6
CONTINUOUS
10
94.9567619999999977
20
-95.8989709999999889
11
94.9276059999999973
21
-95.9426059999999978
0
LINE
8
BLACK
6
CONTINUOUS
10
94.9276059999999973
20
-95.9426059999999978
11
94.8839710000000025
21
-95.9717619999999982
0
LINE
8
BLACK
6
CONTINUOUS
10
94.8839710000000025
20
-95.9717619999999982
11
94.832499999999996
21
-95.9819999999999993
0
LINE
8
BLACK
6
CONTINUOUS
10
94.832499999999996
20
-95.9819999999999993
11
94.0374999999999943
21
-95.9819999999999993
0
LINE
8
BLACK
6
CONTINUOUS
10
94.0374999999999943
20
-95.9819999999999993
11
93.986029000000002
21
-95.9717619999999982
0
LINE
8
BLACK
6
CONTINUOUS
10
93.986029000000002
20
-95.9717619999999982
11
93.9423939999999931
21
-95.9426059999999978
0
LINE
8
BLACK
6
CONTINUOUS
10
93.9423939999999931
20
-95.9426059999999978
11
93.9132379999999927
21
-95.8989709999999889
0
LINE
8
BLACK
6
CONTINUOUS
10
93.9132379999999927
20
-95.8989709999999889
11
93.9029999999999916
21
-95.8474999999999966
0
LINE
8
BLACK
6
CONTINUOUS
10
93.9029999999999916
20
-95.8474999999999966
11
93.9029999999999916
21
-95.6524999999999892
0
LINE
8
BLACK
6
CONTINUOUS
10
93.9029999999999916
20
-95.6524999999999892
11
93.9132379999999927
21
-95.6010289999999969
0
LINE
8
BLACK
6
CONTINUOUS
10
93.9132379999999927
20
-95.6010289999999969
11
93.9423939999999931
21
-95.5573940000000022
0
LINE
8
BLACK
6
CONTINUOUS
10
93.9423939999999931
20
-95.5573940000000022
11
93.986029000000002
21
-95.5282380000000018
0
LINE
8
BLACK
6
CONTINUOUS
10
93.986029000000002
20
-95.5282380000000018
11
94.0374999999999943
21
-95.5180000000000007
0
LINE
8
BLACK
6
CONTINUOUS
10
94.0374999999999943
20
-95.5180000000000007
11
94.832499999999996
21
-95.5180000000000007
0
LINE
8
BLACK
6
CONTINUOUS
10
94.832499999999996
20
-95.5180000000000007
11
94.8839710000000025
21
-95.5282380000000018
0
LINE
8
BLACK
6
CONTINUOUS
10
88.013970999999998
20
-95.0282380000000018
11
88.0576059999999927
21
-95.0573940000000022
0
LINE
8
BLACK
6
CONTINUOUS
10
88.0576059999999927
20
-95.0573940000000022
11
88.0867619999999931
21
-95.1010289999999969
0
LINE
8
BLACK
6
CONTINUOUS
10
88.0867619999999931
20
-95.1010289999999969
11
88.0969999999999942
21
-95.1524999999999892
0
LINE
8
BLACK
6
CONTINUOUS
10
88.0969999999999942
20
-95.1524999999999892
11
88.0969999999999942
21
-95.3474999999999966
0
LINE
8
BLACK
6
CONTINUOUS
10
88.0969999999999942
20
-95.3474999999999966
11
88.0867619999999931
21
-95.3989709999999889
0
LINE
8
BLACK
6
CONTINUOUS
10
88.0867619999999931
20
-95.3989709999999889
11
88.0576059999999927
21
-95.4426059999999978
0
LINE
8
BLACK
6
CONTINUOUS
10
88.0576059999999927
20
-95.4426059999999978
11
88.013970999999998
21
-95.4717619999999982
0
LINE
8
BLACK
6
CONTINUOUS
10
88.013970999999998
20
-95.4717619999999982
11
87.9624999999999915
21
-95.4819999999999993
0
LINE
8
BLACK
6
CONTINUOUS
10
87.9624999999999915
20
-95.4819999999999993
11
87.1674999999999898
21
-95.4819999999999993
0
LINE
8
BLACK
6
CONTINUOUS
10
87.1674999999999898
20
-95.4819999999999993
11
87.1160289999999975
21
-95.4717619999999982
0
LINE
8
BLACK
6
CONTINUOUS
10
87.1160289999999975
20
-95.4717619999999982
11
87.0723940000000027
21
-95.4426059999999978
0
LINE
8
BLACK
6
CONTINUOUS
10
87.0723940000000027
20
-95.4426059999999978
11
87.0432380000000023
21
-95.3989709999999889
0
LINE
8
BLACK
6
CONTINUOUS
10
87.0432380000000023
20
-95.3989709999999889
11
87.0330000000000013
21
-95.3474999999999966
0
LINE
8
BLACK
6
CONTINUOUS
10
87.0330000000000013
20
-95.3474999999999966
11
87.0330000000000013
21
-95.1524999999999892
0
LINE
8
BLACK
6
CONTINUOUS
10
87.0330000000000013
20
-95.1524999999999892
11
87.0432380000000023
21
-95.1010289999999969
0
LINE
8
BLACK
6
CONTINUOUS
10
87.0432380000000023
20
-95.1010289999999969
11
87.0723940000000027
21
-95.0573940000000022
0
LINE
8
BLACK
6
CONTINUOUS
10
87.0723940000000027
20
-95.0573940000000022
11
87.1160289999999975
21
-95.0282380000000018
0
LINE
8
BLACK
6
CONTINUOUS
10
87.1160289999999975
20
-95.0282380000000018
11
87.1674999999999898
21
-95.0180000000000007
0
LINE
8
BLACK
6
CONTINUOUS
10
87.1674999999999898
20
-95.0180000000000007
11
87.9624999999999915
21
-95.0180000000000007
0
LINE
8
BLACK
6
CONTINUOUS
10
87.9624999999999915
20
-95.0180000000000007
11
88.013970999999998
21
-95.0282380000000018
0
LINE
8
BLACK
6
CONTINUOUS
10
94.8839710000000025
20
-95.0282380000000018
11
94.9276059999999973
21
-95.0573940000000022
0
LINE
8
BLACK
6
CONTINUOUS
10
94.9276059999999973
20
-95.0573940000000022
11
94.9567619999999977
21
-95.1010289999999969
0
LINE
8
BLACK
6
CONTINUOUS
10
94.9567619999999977
20
-95.1010289999999969
11
94.9669999999999987
21
-95.1524999999999892
0
LINE
8
BLACK
6
CONTINUOUS
10
94.9669999999999987
20
-95.1524999999999892
11
94.9669999999999987
21
-95.3474999999999966
0
LINE
8
BLACK
6
CONTINUOUS
10
94.9669999999999987
20
-95.3474999999999966
11
94.9567619999999977
21
-95.3989709999999889
0
LINE
8
BLACK
6
CONTINUOUS
10
94.9567619999999977
20
-95.3989709999999889
11
94.9276059999999973
21
-95.4426059999999978
0
LINE
8
BLACK
6
CONTINUOUS
10
94.9276059999999973
20
-95.4426059999999978
11
94.8839710000000025
21
-95.4717619999999982
0
LINE
8
BLACK
6
CONTINUOUS
10
94.8839710000000025
20
-95.4717619999999982
11
94.832499999999996
21
-95.4819999999999993
0
LINE
8
BLACK
6
CONTINUOUS
10
94.832499999999996
20
-95.4819999999999993
11
94.0374999999999943
21
-95.4819999999999993
0
LINE
8
BLACK
6
CONTINUOUS
10
94.0374999999999943
20
-95.4819999999999993
11
93.986029000000002
21
-95.4717619999999982
0
LINE
8
BLACK
6
CONTINUOUS
10
93.986029000000002
20
-95.4717619999999982
11
93.9423939999999931
21
-95.4426059999999978
0
LINE
8
BLACK
6
CONTINUOUS
10
93.9423939999999931
20
-95.4426059999999978
11
93.9132379999999927
21
-95.3989709999999889
0
LINE
8
BLACK
6
CONTINUOUS
10
93.9132379999999927
20
-95.3989709999999889
11
93.9029999999999916
21
-95.3474999999999966
0
LINE
8
BLACK
6
CONTINUOUS
10
93.9029999999999916
20
-95.3474999999999966
11
93.9029999999999916
21
-95.1524999999999892
0
LINE
8
BLACK
6
CONTINUOUS
10
93.9029999999999916
20
-95.1524999999999892
11
93.9132379999999927
21
-95.1010289999999969
0
LINE
8
BLACK
6
CONTINUOUS
10
93.9132379999999927
20
-95.1010289999999969
11
93.9423939999999931
21
-95.0573940000000022
0
LINE
8
BLACK
6
CONTINUOUS
10
93.9423939999999931
20
-95.0573940000000022
11
93.986029000000002
21
-95.0282380000000018
0
LINE
8
BLACK
6
CONTINUOUS
10
93.986029000000002
20
-95.0282380000000018
11
94.0374999999999943
21
-95.0180000000000007
0
LINE
8
BLACK
6
CONTINUOUS
10
94.0374999999999943
20
-95.0180000000000007
11
94.832499999999996
21
-95.0180000000000007
0
LINE
8
BLACK
6
CONTINUOUS
10
94.832499999999996
20
-95.0180000000000007
11
94.8839710000000025
21
-95.0282380000000018
0
LINE
8
BLACK
6
CONTINUOUS
10
98.2030419999999964
20
-94.1795180000000016
11
98.2734419999999886
21
-94.2265579999999972
0
LINE
8
BLACK
6
CONTINUOUS
10
98.2734419999999886
20
-94.2265579999999972
11
98.3204819999999984
21
-94.2969579999999894
0
LINE
8
BLACK
6
CONTINUOUS
10
98.3204819999999984
20
-94.2969579999999894
11
98.3369999999999891
21
-94.3799999999999955
0
LINE
8
BLACK
6
CONTINUOUS
10
98.3369999999999891
20
-94.3799999999999955
11
98.3369999999999891
21
-95.0699999999999932
0
LINE
8
BLACK
6
CONTINUOUS
10
98.3369999999999891
20
-95.0699999999999932
11
98.3204819999999984
21
-95.1530419999999992
0
LINE
8
BLACK
6
CONTINUOUS
10
98.3204819999999984
20
-95.1530419999999992
11
98.2734419999999886
21
-95.2234419999999915
0
LINE
8
BLACK
6
CONTINUOUS
10
98.2734419999999886
20
-95.2234419999999915
11
98.2030419999999964
21
-95.2704820000000012
0
LINE
8
BLACK
6
CONTINUOUS
10
98.2030419999999964
20
-95.2704820000000012
11
98.1199999999999903
21
-95.2869999999999919
0
LINE
8
BLACK
6
CONTINUOUS
10
98.1199999999999903
20
-95.2869999999999919
11
97.3799999999999955
21
-95.2869999999999919
0
LINE
8
BLACK
6
CONTINUOUS
10
97.3799999999999955
20
-95.2869999999999919
11
97.2969579999999894
21
-95.2704820000000012
0
LINE
8
BLACK
6
CONTINUOUS
10
97.2969579999999894
20
-95.2704820000000012
11
97.2265579999999972
21
-95.2234419999999915
0
LINE
8
BLACK
6
CONTINUOUS
10
97.2265579999999972
20
-95.2234419999999915
11
97.1795180000000016
21
-95.1530419999999992
0
LINE
8
BLACK
6
CONTINUOUS
10
97.1795180000000016
20
-95.1530419999999992
11
97.1629999999999967
21
-95.0699999999999932
0
LINE
8
BLACK
6
CONTINUOUS
10
97.1629999999999967
20
-95.0699999999999932
11
97.1629999999999967
21
-94.3799999999999955
0
LINE
8
BLACK
6
CONTINUOUS
10
97.1629999999999967
20
-94.3799999999999955
11
97.1795180000000016
21
-94.2969579999999894
0
LINE
8
BLACK
6
CONTINUOUS
10
97.1795180000000016
20
-94.2969579999999894
11
97.2265579999999972
21
-94.2265579999999972
0
LINE
8
BLACK
6
CONTINUOUS
10
97.2265579999999972
20
-94.2265579999999972
11
97.2969579999999894
21
-94.1795180000000016
0
LINE
8
BLACK
6
CONTINUOUS
10
97.2969579999999894
20
-94.1795180000000016
11
97.3799999999999955
21
-94.1629999999999967
0
LINE
8
BLACK
6
CONTINUOUS
10
97.3799999999999955
20
-94.1629999999999967
11
98.1199999999999903
21
-94.1629999999999967
0
LINE
8
BLACK
6
CONTINUOUS
10
98.1199999999999903
20
-94.1629999999999967
11
98.2030419999999964
21
-94.1795180000000016
0
LINE
8
BLACK
6
CONTINUOUS
10
102.1869009999999918
20
-94.1990419999999915
11
102.2552729999999883
21
-94.2447269999999975
0
LINE
8
BLACK
6
CONTINUOUS
10
102.2552729999999883
20
-94.2447269999999975
11
102.3009579999999943
21
-94.313098999999994
0
LINE
8
BLACK
6
CONTINUOUS
10
102.3009579999999943
20
-94.313098999999994
11
102.3169999999999931
21
-94.3937499999999972
0
LINE
8
BLACK
6
CONTINUOUS
10
102.3169999999999931
20
-94.3937499999999972
11
102.3169999999999931
21
-95.0462500000000006
0
LINE
8
BLACK
6
CONTINUOUS
10
102.3169999999999931
20
-95.0462500000000006
11
102.3009579999999943
21
-95.1269009999999895
0
LINE
8
BLACK
6
CONTINUOUS
10
102.3009579999999943
20
-95.1269009999999895
11
102.2552729999999883
21
-95.1952730000000003
0
LINE
8
BLACK
6
CONTINUOUS
10
102.2552729999999883
20
-95.1952730000000003
11
102.1869009999999918
21
-95.240957999999992
0
LINE
8
BLACK
6
CONTINUOUS
10
102.1869009999999918
20
-95.240957999999992
11
102.1062499999999886
21
-95.2569999999999908
0
LINE
8
BLACK
6
CONTINUOUS
10
102.1062499999999886
20
-95.2569999999999908
11
101.3937499999999972
21
-95.2569999999999908
0
LINE
8
BLACK
6
CONTINUOUS
10
101.3937499999999972
20
-95.2569999999999908
11
101.313098999999994
21
-95.240957999999992
0
LINE
8
BLACK
6
CONTINUOUS
10
101.313098999999994
20
-95.240957999999992
11
101.2447269999999975
21
-95.1952730000000003
0
LINE
8
BLACK
6
CONTINUOUS
10
101.2447269999999975
20
-95.1952730000000003
11
101.1990419999999915
21
-95.1269009999999895
0
LINE
8
BLACK
6
CONTINUOUS
10
101.1990419999999915
20
-95.1269009999999895
11
101.1829999999999927
21
-95.0462500000000006
0
LINE
8
BLACK
6
CONTINUOUS
10
101.1829999999999927
20
-95.0462500000000006
11
101.1829999999999927
21
-94.3937499999999972
0
LINE
8
BLACK
6
CONTINUOUS
10
101.1829999999999927
20
-94.3937499999999972
11
101.1990419999999915
21
-94.313098999999994
0
LINE
8
BLACK
6
CONTINUOUS
10
101.1990419999999915
20
-94.313098999999994
11
101.2447269999999975
21
-94.2447269999999975
0
LINE
8
BLACK
6
CONTINUOUS
10
101.2447269999999975
20
-94.2447269999999975
11
101.313098999999994
21
-94.1990419999999915
0
LINE
8
BLACK
6
CONTINUOUS
10
101.313098999999994
20
-94.1990419999999915
11
101.3937499999999972
21
-94.1829999999999927
0
LINE
8
BLACK
6
CONTINUOUS
10
101.3937499999999972
20
-94.1829999999999927
11
102.1062499999999886
21
-94.1829999999999927
0
LINE
8
BLACK
6
CONTINUOUS
10
102.1062499999999886
20
-94.1829999999999927
11
102.1869009999999918
21
-94.1990419999999915
0
LINE
8
BLACK
6
CONTINUOUS
10
100.0783869999999922
20
-94.1030779999999965
11
100.1554379999999895
21
-94.1545610000000011
0
LINE
8
BLACK
6
CONTINUOUS
10
100.1554379999999895
20
-94.1545610000000011
11
100.2069209999999941
21
-94.2316119999999984
0
LINE
8
BLACK
6
CONTINUOUS
10
100.2069209999999941
20
-94.2316119999999984
11
100.2249999999999943
21
-94.3224989999999934
0
LINE
8
BLACK
6
CONTINUOUS
10
100.2249999999999943
20
-94.3224989999999934
11
100.2249999999999943
21
-94.8224989999999934
0
LINE
8
BLACK
6
CONTINUOUS
10
100.2249999999999943
20
-94.8224989999999934
11
100.2069209999999941
21
-94.9133860000000027
0
LINE
8
BLACK
6
CONTINUOUS
10
100.2069209999999941
20
-94.9133860000000027
11
100.1554379999999895
21
-94.990437
0
LINE
8
BLACK
6
CONTINUOUS
10
100.1554379999999895
20
-94.990437
11
100.0783869999999922
21
-95.0419199999999904
0
LINE
8
BLACK
6
CONTINUOUS
10
100.0783869999999922
20
-95.0419199999999904
11
99.9874999999999972
21
-95.0599989999999906
0
LINE
8
BLACK
6
CONTINUOUS
10
99.9874999999999972
20
-95.0599989999999906
11
99.5124999999999886
21
-95.0599989999999906
0
LINE
8
BLACK
6
CONTINUOUS
10
99.5124999999999886
20
-95.0599989999999906
11
99.4216129999999936
21
-95.0419199999999904
0
LINE
8
BLACK
6
CONTINUOUS
10
99.4216129999999936
20
-95.0419199999999904
11
99.3445619999999963
21
-94.990437
0
LINE
8
BLACK
6
CONTINUOUS
10
99.3445619999999963
20
-94.990437
11
99.2930789999999917
21
-94.9133860000000027
0
LINE
8
BLACK
6
CONTINUOUS
10
99.2930789999999917
20
-94.9133860000000027
11
99.2749999999999915
21
-94.8224989999999934
0
LINE
8
BLACK
6
CONTINUOUS
10
99.2749999999999915
20
-94.8224989999999934
11
99.2749999999999915
21
-94.3224989999999934
0
LINE
8
BLACK
6
CONTINUOUS
10
99.2749999999999915
20
-94.3224989999999934
11
99.2930789999999917
21
-94.2316119999999984
0
LINE
8
BLACK
6
CONTINUOUS
10
99.2930789999999917
20
-94.2316119999999984
11
99.3445619999999963
21
-94.1545610000000011
0
LINE
8
BLACK
6
CONTINUOUS
10
99.3445619999999963
20
-94.1545610000000011
11
99.4216129999999936
21
-94.1030779999999965
0
LINE
8
BLACK
6
CONTINUOUS
10
99.4216129999999936
20
-94.1030779999999965
11
99.5124999999999886
21
-94.0849989999999963
0
LINE
8
BLACK
6
CONTINUOUS
10
99.5124999999999886
20
-94.0849989999999963
11
99.9874999999999972
21
-94.0849989999999963
0
LINE
8
BLACK
6
CONTINUOUS
10
99.9874999999999972
20
-94.0849989999999963
11
100.0783869999999922
21
-94.1030779999999965
0
LINE
8
BLACK
6
CONTINUOUS
10
88.013970999999998
20
-94.5282380000000018
11
88.0576059999999927
21
-94.5573940000000022
0
LINE
8
BLACK
6
CONTINUOUS
10
88.0576059999999927
20
-94.5573940000000022
11
88.0867619999999931
21
-94.6010289999999969
0
LINE
8
BLACK
6
CONTINUOUS
10
88.0867619999999931
20
-94.6010289999999969
11
88.0969999999999942
21
-94.6524999999999892
0
LINE
8
BLACK
6
CONTINUOUS
10
88.0969999999999942
20
-94.6524999999999892
11
88.0969999999999942
21
-94.8474999999999966
0
LINE
8
BLACK
6
CONTINUOUS
10
88.0969999999999942
20
-94.8474999999999966
11
88.0867619999999931
21
-94.8989709999999889
0
LINE
8
BLACK
6
CONTINUOUS
10
88.0867619999999931
20
-94.8989709999999889
11
88.0576059999999927
21
-94.9426059999999978
0
LINE
8
BLACK
6
CONTINUOUS
10
88.0576059999999927
20
-94.9426059999999978
11
88.013970999999998
21
-94.9717619999999982
0
LINE
8
BLACK
6
CONTINUOUS
10
88.013970999999998
20
-94.9717619999999982
11
87.9624999999999915
21
-94.9819999999999993
0
LINE
8
BLACK
6
CONTINUOUS
10
87.9624999999999915
20
-94.9819999999999993
11
87.1674999999999898
21
-94.9819999999999993
0
LINE
8
BLACK
6
CONTINUOUS
10
87.1674999999999898
20
-94.9819999999999993
11
87.1160289999999975
21
-94.9717619999999982
0
LINE
8
BLACK
6
CONTINUOUS
10
87.1160289999999975
20
-94.9717619999999982
11
87.0723940000000027
21
-94.9426059999999978
0
LINE
8
BLACK
6
CONTINUOUS
10
87.0723940000000027
20
-94.9426059999999978
11
87.0432380000000023
21
-94.8989709999999889
0
LINE
8
BLACK
6
CONTINUOUS
10
87.0432380000000023
20
-94.8989709999999889
11
87.0330000000000013
21
-94.8474999999999966
0
LINE
8
BLACK
6
CONTINUOUS
10
87.0330000000000013
20
-94.8474999999999966
11
87.0330000000000013
21
-94.6524999999999892
0
LINE
8
BLACK
6
CONTINUOUS
10
87.0330000000000013
20
-94.6524999999999892
11
87.0432380000000023
21
-94.6010289999999969
0
LINE
8
BLACK
6
CONTINUOUS
10
87.0432380000000023
20
-94.6010289999999969
11
87.0723940000000027
21
-94.5573940000000022
0
LINE
8
BLACK
6
CONTINUOUS
10
87.0723940000000027
20
-94.5573940000000022
11
87.1160289999999975
21
-94.5282380000000018
0
LINE
8
BLACK
6
CONTINUOUS
10
87.1160289999999975
20
-94.5282380000000018
11
87.1674999999999898
21
-94.5180000000000007
0
LINE
8
BLACK
6
CONTINUOUS
10
87.1674999999999898
20
-94.5180000000000007
11
87.9624999999999915
21
-94.5180000000000007
0
LINE
8
BLACK
6
CONTINUOUS
10
87.9624999999999915
20
-94.5180000000000007
11
88.013970999999998
21
-94.5282380000000018
0
LINE
8
BLACK
6
CONTINUOUS
10
94.8839710000000025
20
-94.5282380000000018
11
94.9276059999999973
21
-94.5573940000000022
0
LINE
8
BLACK
6
CONTINUOUS
10
94.9276059999999973
20
-94.5573940000000022
11
94.9567619999999977
21
-94.6010289999999969
0
LINE
8
BLACK
6
CONTINUOUS
10
94.9567619999999977
20
-94.6010289999999969
11
94.9669999999999987
21
-94.6524999999999892
0
LINE
8
BLACK
6
CONTINUOUS
10
94.9669999999999987
20
-94.6524999999999892
11
94.9669999999999987
21
-94.8474999999999966
0
LINE
8
BLACK
6
CONTINUOUS
10
94.9669999999999987
20
-94.8474999999999966
11
94.9567619999999977
21
-94.8989709999999889
0
LINE
8
BLACK
6
CONTINUOUS
10
94.9567619999999977
20
-94.8989709999999889
11
94.9276059999999973
21
-94.9426059999999978
0
LINE
8
BLACK
6
CONTINUOUS
10
94.9276059999999973
20
-94.9426059999999978
11
94.8839710000000025
21
-94.9717619999999982
0
LINE
8
BLACK
6
CONTINUOUS
10
94.8839710000000025
20
-94.9717619999999982
11
94.832499999999996
21
-94.9819999999999993
0
LINE
8
BLACK
6
CONTINUOUS
10
94.832499999999996
20
-94.9819999999999993
11
94.0374999999999943
21
-94.9819999999999993
0
LINE
8
BLACK
6
CONTINUOUS
10
94.0374999999999943
20
-94.9819999999999993
11
93.986029000000002
21
-94.9717619999999982
0
LINE
8
BLACK
6
CONTINUOUS
10
93.986029000000002
20
-94.9717619999999982
11
93.9423939999999931
21
-94.9426059999999978
0
LINE
8
BLACK
6
CONTINUOUS
10
93.9423939999999931
20
-94.9426059999999978
11
93.9132379999999927
21
-94.8989709999999889
0
LINE
8
BLACK
6
CONTINUOUS
10
93.9132379999999927
20
-94.8989709999999889
11
93.9029999999999916
21
-94.8474999999999966
0
LINE
8
BLACK
6
CONTINUOUS
10
93.9029999999999916
20
-94.8474999999999966
11
93.9029999999999916
21
-94.6524999999999892
0
LINE
8
BLACK
6
CONTINUOUS
10
93.9029999999999916
20
-94.6524999999999892
11
93.9132379999999927
21
-94.6010289999999969
0
LINE
8
BLACK
6
CONTINUOUS
10
93.9132379999999927
20
-94.6010289999999969
11
93.9423939999999931
21
-94.5573940000000022
0
LINE
8
BLACK
6
CONTINUOUS
10
93.9423939999999931
20
-94.5573940000000022
11
93.986029000000002
21
-94.5282380000000018
0
LINE
8
BLACK
6
CONTINUOUS
10
93.986029000000002
20
-94.5282380000000018
11
94.0374999999999943
21
-94.5180000000000007
0
LINE
8
BLACK
6
CONTINUOUS
10
94.0374999999999943
20
-94.5180000000000007
11
94.832499999999996
21
-94.5180000000000007
0
LINE
8
BLACK
6
CONTINUOUS
10
94.832499999999996
20
-94.5180000000000007
11
94.8839710000000025
21
-94.5282380000000018
0
LINE
8
BLACK
6
CONTINUOUS
10
107.6499999999999915
20
-94.5999999999999943
11
106.1499999999999915
21
-94.5999999999999943
0
LINE
8
BLACK
6
CONTINUOUS
10
106.1499999999999915
20
-94.5999999999999943
11
106.1499999999999915
21
-93.0999999999999943
0
LINE
8
BLACK
6
CONTINUOUS
10
106.1499999999999915
20
-93.0999999999999943
11
107.6499999999999915
21
-93.0999999999999943
0
LINE
8
BLACK
6
CONTINUOUS
10
107.6499999999999915
20
-93.0999999999999943
11
107.6499999999999915
21
-94.5999999999999943
0
LINE
8
BLACK
6
CONTINUOUS
10
88.013970999999998
20
-94.0282380000000018
11
88.0576059999999927
21
-94.0573940000000022
0
LINE
8
BLACK
6
CONTINUOUS
10
88.0576059999999927
20
-94.0573940000000022
11
88.0867619999999931
21
-94.1010289999999969
0
LINE
8
BLACK
6
CONTINUOUS
10
88.0867619999999931
20
-94.1010289999999969
11
88.0969999999999942
21
-94.1524999999999892
0
LINE
8
BLACK
6
CONTINUOUS
10
88.0969999999999942
20
-94.1524999999999892
11
88.0969999999999942
21
-94.3474999999999966
0
LINE
8
BLACK
6
CONTINUOUS
10
88.0969999999999942
20
-94.3474999999999966
11
88.0867619999999931
21
-94.3989709999999889
0
LINE
8
BLACK
6
CONTINUOUS
10
88.0867619999999931
20
-94.3989709999999889
11
88.0576059999999927
21
-94.4426059999999978
0
LINE
8
BLACK
6
CONTINUOUS
10
88.0576059999999927
20
-94.4426059999999978
11
88.013970999999998
21
-94.4717619999999982
0
LINE
8
BLACK
6
CONTINUOUS
10
88.013970999999998
20
-94.4717619999999982
11
87.9624999999999915
21
-94.4819999999999993
0
LINE
8
BLACK
6
CONTINUOUS
10
87.9624999999999915
20
-94.4819999999999993
11
87.1674999999999898
21
-94.4819999999999993
0
LINE
8
BLACK
6
CONTINUOUS
10
87.1674999999999898
20
-94.4819999999999993
11
87.1160289999999975
21
-94.4717619999999982
0
LINE
8
BLACK
6
CONTINUOUS
10
87.1160289999999975
20
-94.4717619999999982
11
87.0723940000000027
21
-94.4426059999999978
0
LINE
8
BLACK
6
CONTINUOUS
10
87.0723940000000027
20
-94.4426059999999978
11
87.0432380000000023
21
-94.3989709999999889
0
LINE
8
BLACK
6
CONTINUOUS
10
87.0432380000000023
20
-94.3989709999999889
11
87.0330000000000013
21
-94.3474999999999966
0
LINE
8
BLACK
6
CONTINUOUS
10
87.0330000000000013
20
-94.3474999999999966
11
87.0330000000000013
21
-94.1524999999999892
0
LINE
8
BLACK
6
CONTINUOUS
10
87.0330000000000013
20
-94.1524999999999892
11
87.0432380000000023
21
-94.1010289999999969
0
LINE
8
BLACK
6
CONTINUOUS
10
87.0432380000000023
20
-94.1010289999999969
11
87.0723940000000027
21
-94.0573940000000022
0
LINE
8
BLACK
6
CONTINUOUS
10
87.0723940000000027
20
-94.0573940000000022
11
87.1160289999999975
21
-94.0282380000000018
0
LINE
8
BLACK
6
CONTINUOUS
10
87.1160289999999975
20
-94.0282380000000018
11
87.1674999999999898
21
-94.0180000000000007
0
LINE
8
BLACK
6
CONTINUOUS
10
87.1674999999999898
20
-94.0180000000000007
11
87.9624999999999915
21
-94.0180000000000007
0
LINE
8
BLACK
6
CONTINUOUS
10
87.9624999999999915
20
-94.0180000000000007
11
88.013970999999998
21
-94.0282380000000018
0
LINE
8
BLACK
6
CONTINUOUS
10
94.8839710000000025
20
-94.0282380000000018
11
94.9276059999999973
21
-94.0573940000000022
0
LINE
8
BLACK
6
CONTINUOUS
10
94.9276059999999973
20
-94.0573940000000022
11
94.9567619999999977
21
-94.1010289999999969
0
LINE
8
BLACK
6
CONTINUOUS
10
94.9567619999999977
20
-94.1010289999999969
11
94.9669999999999987
21
-94.1524999999999892
0
LINE
8
BLACK
6
CONTINUOUS
10
94.9669999999999987
20
-94.1524999999999892
11
94.9669999999999987
21
-94.3474999999999966
0
LINE
8
BLACK
6
CONTINUOUS
10
94.9669999999999987
20
-94.3474999999999966
11
94.9567619999999977
21
-94.3989709999999889
0
LINE
8
BLACK
6
CONTINUOUS
10
94.9567619999999977
20
-94.3989709999999889
11
94.9276059999999973
21
-94.4426059999999978
0
LINE
8
BLACK
6
CONTINUOUS
10
94.9276059999999973
20
-94.4426059999999978
11
94.8839710000000025
21
-94.4717619999999982
0
LINE
8
BLACK
6
CONTINUOUS
10
94.8839710000000025
20
-94.4717619999999982
11
94.832499999999996
21
-94.4819999999999993
0
LINE
8
BLACK
6
CONTINUOUS
10
94.832499999999996
20
-94.4819999999999993
11
94.0374999999999943
21
-94.4819999999999993
0
LINE
8
BLACK
6
CONTINUOUS
10
94.0374999999999943
20
-94.4819999999999993
11
93.986029000000002
21
-94.4717619999999982
0
LINE
8
BLACK
6
CONTINUOUS
10
93.986029000000002
20
-94.4717619999999982
11
93.9423939999999931
21
-94.4426059999999978
0
LINE
8
BLACK
6
CONTINUOUS
10
93.9423939999999931
20
-94.4426059999999978
11
93.9132379999999927
21
-94.3989709999999889
0
LINE
8
BLACK
6
CONTINUOUS
10
93.9132379999999927
20
-94.3989709999999889
11
93.9029999999999916
21
-94.3474999999999966
0
LINE
8
BLACK
6
CONTINUOUS
10
93.9029999999999916
20
-94.3474999999999966
11
93.9029999999999916
21
-94.1524999999999892
0
LINE
8
BLACK
6
CONTINUOUS
10
93.9029999999999916
20
-94.1524999999999892
11
93.9132379999999927
21
-94.1010289999999969
0
LINE
8
BLACK
6
CONTINUOUS
10
93.9132379999999927
20
-94.1010289999999969
11
93.9423939999999931
21
-94.0573940000000022
0
LINE
8
BLACK
6
CONTINUOUS
10
93.9423939999999931
20
-94.0573940000000022
11
93.986029000000002
21
-94.0282380000000018
0
LINE
8
BLACK
6
CONTINUOUS
10
93.986029000000002
20
-94.0282380000000018
11
94.0374999999999943
21
-94.0180000000000007
0
LINE
8
BLACK
6
CONTINUOUS
10
94.0374999999999943
20
-94.0180000000000007
11
94.832499999999996
21
-94.0180000000000007
0
LINE
8
BLACK
6
CONTINUOUS
10
94.832499999999996
20
-94.0180000000000007
11
94.8839710000000025
21
-94.0282380000000018
0
LINE
8
BLACK
6
CONTINUOUS
10
88.013970999999998
20
-93.5282380000000018
11
88.0576059999999927
21
-93.5573940000000022
0
LINE
8
BLACK
6
CONTINUOUS
10
88.0576059999999927
20
-93.5573940000000022
11
88.0867619999999931
21
-93.6010289999999969
0
LINE
8
BLACK
6
CONTINUOUS
10
88.0867619999999931
20
-93.6010289999999969
11
88.0969999999999942
21
-93.6524999999999892
0
LINE
8
BLACK
6
CONTINUOUS
10
88.0969999999999942
20
-93.6524999999999892
11
88.0969999999999942
21
-93.8474999999999966
0
LINE
8
BLACK
6
CONTINUOUS
10
88.0969999999999942
20
-93.8474999999999966
11
88.0867619999999931
21
-93.8989709999999889
0
LINE
8
BLACK
6
CONTINUOUS
10
88.0867619999999931
20
-93.8989709999999889
11
88.0576059999999927
21
-93.9426059999999978
0
LINE
8
BLACK
6
CONTINUOUS
10
88.0576059999999927
20
-93.9426059999999978
11
88.013970999999998
21
-93.9717619999999982
0
LINE
8
BLACK
6
CONTINUOUS
10
88.013970999999998
20
-93.9717619999999982
11
87.9624999999999915
21
-93.9819999999999993
0
LINE
8
BLACK
6
CONTINUOUS
10
87.9624999999999915
20
-93.9819999999999993
11
87.1674999999999898
21
-93.9819999999999993
0
LINE
8
BLACK
6
CONTINUOUS
10
87.1674999999999898
20
-93.9819999999999993
11
87.1160289999999975
21
-93.9717619999999982
0
LINE
8
BLACK
6
CONTINUOUS
10
87.1160289999999975
20
-93.9717619999999982
11
87.0723940000000027
21
-93.9426059999999978
0
LINE
8
BLACK
6
CONTINUOUS
10
87.0723940000000027
20
-93.9426059999999978
11
87.0432380000000023
21
-93.8989709999999889
0
LINE
8
BLACK
6
CONTINUOUS
10
87.0432380000000023
20
-93.8989709999999889
11
87.0330000000000013
21
-93.8474999999999966
0
LINE
8
BLACK
6
CONTINUOUS
10
87.0330000000000013
20
-93.8474999999999966
11
87.0330000000000013
21
-93.6524999999999892
0
LINE
8
BLACK
6
CONTINUOUS
10
87.0330000000000013
20
-93.6524999999999892
11
87.0432380000000023
21
-93.6010289999999969
0
LINE
8
BLACK
6
CONTINUOUS
10
87.0432380000000023
20
-93.6010289999999969
11
87.0723940000000027
21
-93.5573940000000022
0
LINE
8
BLACK
6
CONTINUOUS
10
87.0723940000000027
20
-93.5573940000000022
11
87.1160289999999975
21
-93.5282380000000018
0
LINE
8
BLACK
6
CONTINUOUS
10
87.1160289999999975
20
-93.5282380000000018
11
87.1674999999999898
21
-93.5180000000000007
0
LINE
8
BLACK
6
CONTINUOUS
10
87.1674999999999898
20
-93.5180000000000007
11
87.9624999999999915
21
-93.5180000000000007
0
LINE
8
BLACK
6
CONTINUOUS
10
87.9624999999999915
20
-93.5180000000000007
11
88.013970999999998
21
-93.5282380000000018
0
LINE
8
BLACK
6
CONTINUOUS
10
94.8839710000000025
20
-93.5282380000000018
11
94.9276059999999973
21
-93.5573940000000022
0
LINE
8
BLACK
6
CONTINUOUS
10
94.9276059999999973
20
-93.5573940000000022
11
94.9567619999999977
21
-93.6010289999999969
0
LINE
8
BLACK
6
CONTINUOUS
10
94.9567619999999977
20
-93.6010289999999969
11
94.9669999999999987
21
-93.6524999999999892
0
LINE
8
BLACK
6
CONTINUOUS
10
94.9669999999999987
20
-93.6524999999999892
11
94.9669999999999987
21
-93.8474999999999966
0
LINE
8
BLACK
6
CONTINUOUS
10
94.9669999999999987
20
-93.8474999999999966
11
94.9567619999999977
21
-93.8989709999999889
0
LINE
8
BLACK
6
CONTINUOUS
10
94.9567619999999977
20
-93.8989709999999889
11
94.9276059999999973
21
-93.9426059999999978
0
LINE
8
BLACK
6
CONTINUOUS
10
94.9276059999999973
20
-93.9426059999999978
11
94.8839710000000025
21
-93.9717619999999982
0
LINE
8
BLACK
6
CONTINUOUS
10
94.8839710000000025
20
-93.9717619999999982
11
94.832499999999996
21
-93.9819999999999993
0
LINE
8
BLACK
6
CONTINUOUS
10
94.832499999999996
20
-93.9819999999999993
11
94.0374999999999943
21
-93.9819999999999993
0
LINE
8
BLACK
6
CONTINUOUS
10
94.0374999999999943
20
-93.9819999999999993
11
93.986029000000002
21
-93.9717619999999982
0
LINE
8
BLACK
6
CONTINUOUS
10
93.986029000000002
20
-93.9717619999999982
11
93.9423939999999931
21
-93.9426059999999978
0
LINE
8
BLACK
6
CONTINUOUS
10
93.9423939999999931
20
-93.9426059999999978
11
93.9132379999999927
21
-93.8989709999999889
0
LINE
8
BLACK
6
CONTINUOUS
10
93.9132379999999927
20
-93.8989709999999889
11
93.9029999999999916
21
-93.8474999999999966
0
LINE
8
BLACK
6
CONTINUOUS
10
93.9029999999999916
20
-93.8474999999999966
11
93.9029999999999916
21
-93.6524999999999892
0
LINE
8
BLACK
6
CONTINUOUS
10
93.9029999999999916
20
-93.6524999999999892
11
93.9132379999999927
21
-93.6010289999999969
0
LINE
8
BLACK
6
CONTINUOUS
10
93.9132379999999927
20
-93.6010289999999969
11
93.9423939999999931
21
-93.5573940000000022
0
LINE
8
BLACK
6
CONTINUOUS
10
93.9423939999999931
20
-93.5573940000000022
11
93.986029000000002
21
-93.5282380000000018
0
LINE
8
BLACK
6
CONTINUOUS
10
93.986029000000002
20
-93.5282380000000018
11
94.0374999999999943
21
-93.5180000000000007
0
LINE
8
BLACK
6
CONTINUOUS
10
94.0374999999999943
20
-93.5180000000000007
11
94.832499999999996
21
-93.5180000000000007
0
LINE
8
BLACK
6
CONTINUOUS
10
94.832499999999996
20
-93.5180000000000007
11
94.8839710000000025
21
-93.5282380000000018
0
LINE
8
BLACK
6
CONTINUOUS
10
58.0202839999999966
20
-91.6557639999999907
11
58.0533749999999955
21
-91.6778750000000002
0
LINE
8
BLACK
6
CONTINUOUS
10
58.0533749999999955
20
-91.6778750000000002
11
58.0754859999999979
21
-91.7109659999999991
0
LINE
8
BLACK
6
CONTINUOUS
10
58.0754859999999979
20
-91.7109659999999991
11
58.0832499999999996
21
-91.75
0
LINE
8
BLACK
6
CONTINUOUS
10
58.0832499999999996
20
-91.75
11
58.0832499999999996
21
-93.75
0
LINE
8
BLACK
6
CONTINUOUS
10
58.0832499999999996
20
-93.75
11
58.0754859999999979
21
-93.7890340000000009
0
LINE
8
BLACK
6
CONTINUOUS
10
58.0754859999999979
20
-93.7890340000000009
11
58.0533749999999955
21
-93.8221249999999998
0
LINE
8
BLACK
6
CONTINUOUS
10
58.0533749999999955
20
-93.8221249999999998
11
58.0202839999999966
21
-93.8442359999999951
0
LINE
8
BLACK
6
CONTINUOUS
10
58.0202839999999966
20
-93.8442359999999951
11
57.9812499999999957
21
-93.8519999999999897
0
LINE
8
BLACK
6
CONTINUOUS
10
57.9812499999999957
20
-93.8519999999999897
11
52.4812499999999957
21
-93.8519999999999897
0
LINE
8
BLACK
6
CONTINUOUS
10
52.4812499999999957
20
-93.8519999999999897
11
52.4422159999999948
21
-93.8442359999999951
0
LINE
8
BLACK
6
CONTINUOUS
10
52.4422159999999948
20
-93.8442359999999951
11
52.409124999999996
21
-93.8221249999999998
0
LINE
8
BLACK
6
CONTINUOUS
10
52.409124999999996
20
-93.8221249999999998
11
52.3870140000000006
21
-93.7890340000000009
0
LINE
8
BLACK
6
CONTINUOUS
10
52.3870140000000006
20
-93.7890340000000009
11
52.379249999999999
21
-93.75
0
LINE
8
BLACK
6
CONTINUOUS
10
52.379249999999999
20
-93.75
11
52.379249999999999
21
-91.75
0
LINE
8
BLACK
6
CONTINUOUS
10
52.379249999999999
20
-91.75
11
52.3870140000000006
21
-91.7109659999999991
0
LINE
8
BLACK
6
CONTINUOUS
10
52.3870140000000006
20
-91.7109659999999991
11
52.409124999999996
21
-91.6778750000000002
0
LINE
8
BLACK
6
CONTINUOUS
10
52.409124999999996
20
-91.6778750000000002
11
52.4422159999999948
21
-91.6557639999999907
0
LINE
8
BLACK
6
CONTINUOUS
10
52.4422159999999948
20
-91.6557639999999907
11
52.4812499999999957
21
-91.6479999999999961
0
LINE
8
BLACK
6
CONTINUOUS
10
52.4812499999999957
20
-91.6479999999999961
11
57.9812499999999957
21
-91.6479999999999961
0
LINE
8
BLACK
6
CONTINUOUS
10
57.9812499999999957
20
-91.6479999999999961
11
58.0202839999999966
21
-91.6557639999999907
0
LINE
8
BLACK
6
CONTINUOUS
10
67.5202840000000037
20
-91.6557639999999907
11
67.5533750000000026
21
-91.6778750000000002
0
LINE
8
BLACK
6
CONTINUOUS
10
67.5533750000000026
20
-91.6778750000000002
11
67.5754859999999979
21
-91.7109659999999991
0
LINE
8
BLACK
6
CONTINUOUS
10
67.5754859999999979
20
-91.7109659999999991
11
67.5832499999999925
21
-91.75
0
LINE
8
BLACK
6
CONTINUOUS
10
67.5832499999999925
20
-91.75
11
67.5832499999999925
21
-93.75
0
LINE
8
BLACK
6
CONTINUOUS
10
67.5832499999999925
20
-93.75
11
67.5754859999999979
21
-93.7890340000000009
0
LINE
8
BLACK
6
CONTINUOUS
10
67.5754859999999979
20
-93.7890340000000009
11
67.5533750000000026
21
-93.8221249999999998
0
LINE
8
BLACK
6
CONTINUOUS
10
67.5533750000000026
20
-93.8221249999999998
11
67.5202840000000037
21
-93.8442359999999951
0
LINE
8
BLACK
6
CONTINUOUS
10
67.5202840000000037
20
-93.8442359999999951
11
67.4812500000000028
21
-93.8519999999999897
0
LINE
8
BLACK
6
CONTINUOUS
10
67.4812500000000028
20
-93.8519999999999897
11
61.9812499999999957
21
-93.8519999999999897
0
LINE
8
BLACK
6
CONTINUOUS
10
61.9812499999999957
20
-93.8519999999999897
11
61.9422159999999948
21
-93.8442359999999951
0
LINE
8
BLACK
6
CONTINUOUS
10
61.9422159999999948
20
-93.8442359999999951
11
61.909124999999996
21
-93.8221249999999998
0
LINE
8
BLACK
6
CONTINUOUS
10
61.909124999999996
20
-93.8221249999999998
11
61.8870140000000006
21
-93.7890340000000009
0
LINE
8
BLACK
6
CONTINUOUS
10
61.8870140000000006
20
-93.7890340000000009
11
61.879249999999999
21
-93.75
0
LINE
8
BLACK
6
CONTINUOUS
10
61.879249999999999
20
-93.75
11
61.879249999999999
21
-91.75
0
LINE
8
BLACK
6
CONTINUOUS
10
61.879249999999999
20
-91.75
11
61.8870140000000006
21
-91.7109659999999991
0
LINE
8
BLACK
6
CONTINUOUS
10
61.8870140000000006
20
-91.7109659999999991
11
61.909124999999996
21
-91.6778750000000002
0
LINE
8
BLACK
6
CONTINUOUS
10
61.909124999999996
20
-91.6778750000000002
11
61.9422159999999948
21
-91.6557639999999907
0
LINE
8
BLACK
6
CONTINUOUS
10
61.9422159999999948
20
-91.6557639999999907
11
61.9812499999999957
21
-91.6479999999999961
0
LINE
8
BLACK
6
CONTINUOUS
10
61.9812499999999957
20
-91.6479999999999961
11
67.4812500000000028
21
-91.6479999999999961
0
LINE
8
BLACK
6
CONTINUOUS
10
67.4812500000000028
20
-91.6479999999999961
11
67.5202840000000037
21
-91.6557639999999907
0
LINE
8
BLACK
6
CONTINUOUS
10
88.013970999999998
20
-93.0282380000000018
11
88.0576059999999927
21
-93.0573940000000022
0
LINE
8
BLACK
6
CONTINUOUS
10
88.0576059999999927
20
-93.0573940000000022
11
88.0867619999999931
21
-93.1010289999999969
0
LINE
8
BLACK
6
CONTINUOUS
10
88.0867619999999931
20
-93.1010289999999969
11
88.0969999999999942
21
-93.1524999999999892
0
LINE
8
BLACK
6
CONTINUOUS
10
88.0969999999999942
20
-93.1524999999999892
11
88.0969999999999942
21
-93.3474999999999966
0
LINE
8
BLACK
6
CONTINUOUS
10
88.0969999999999942
20
-93.3474999999999966
11
88.0867619999999931
21
-93.3989709999999889
0
LINE
8
BLACK
6
CONTINUOUS
10
88.0867619999999931
20
-93.3989709999999889
11
88.0576059999999927
21
-93.4426059999999978
0
LINE
8
BLACK
6
CONTINUOUS
10
88.0576059999999927
20
-93.4426059999999978
11
88.013970999999998
21
-93.4717619999999982
0
LINE
8
BLACK
6
CONTINUOUS
10
88.013970999999998
20
-93.4717619999999982
11
87.9624999999999915
21
-93.4819999999999993
0
LINE
8
BLACK
6
CONTINUOUS
10
87.9624999999999915
20
-93.4819999999999993
11
87.1674999999999898
21
-93.4819999999999993
0
LINE
8
BLACK
6
CONTINUOUS
10
87.1674999999999898
20
-93.4819999999999993
11
87.1160289999999975
21
-93.4717619999999982
0
LINE
8
BLACK
6
CONTINUOUS
10
87.1160289999999975
20
-93.4717619999999982
11
87.0723940000000027
21
-93.4426059999999978
0
LINE
8
BLACK
6
CONTINUOUS
10
87.0723940000000027
20
-93.4426059999999978
11
87.0432380000000023
21
-93.3989709999999889
0
LINE
8
BLACK
6
CONTINUOUS
10
87.0432380000000023
20
-93.3989709999999889
11
87.0330000000000013
21
-93.3474999999999966
0
LINE
8
BLACK
6
CONTINUOUS
10
87.0330000000000013
20
-93.3474999999999966
11
87.0330000000000013
21
-93.1524999999999892
0
LINE
8
BLACK
6
CONTINUOUS
10
87.0330000000000013
20
-93.1524999999999892
11
87.0432380000000023
21
-93.1010289999999969
0
LINE
8
BLACK
6
CONTINUOUS
10
87.0432380000000023
20
-93.1010289999999969
11
87.0723940000000027
21
-93.0573940000000022
0
LINE
8
BLACK
6
CONTINUOUS
10
87.0723940000000027
20
-93.0573940000000022
11
87.1160289999999975
21
-93.0282380000000018
0
LINE
8
BLACK
6
CONTINUOUS
10
87.1160289999999975
20
-93.0282380000000018
11
87.1674999999999898
21
-93.0180000000000007
0
LINE
8
BLACK
6
CONTINUOUS
10
87.1674999999999898
20
-93.0180000000000007
11
87.9624999999999915
21
-93.0180000000000007
0
LINE
8
BLACK
6
CONTINUOUS
10
87.9624999999999915
20
-93.0180000000000007
11
88.013970999999998
21
-93.0282380000000018
0
LINE
8
BLACK
6
CONTINUOUS
10
94.8839710000000025
20
-93.0282380000000018
11
94.9276059999999973
21
-93.0573940000000022
0
LINE
8
BLACK
6
CONTINUOUS
10
94.9276059999999973
20
-93.0573940000000022
11
94.9567619999999977
21
-93.1010289999999969
0
LINE
8
BLACK
6
CONTINUOUS
10
94.9567619999999977
20
-93.1010289999999969
11
94.9669999999999987
21
-93.1524999999999892
0
LINE
8
BLACK
6
CONTINUOUS
10
94.9669999999999987
20
-93.1524999999999892
11
94.9669999999999987
21
-93.3474999999999966
0
LINE
8
BLACK
6
CONTINUOUS
10
94.9669999999999987
20
-93.3474999999999966
11
94.9567619999999977
21
-93.3989709999999889
0
LINE
8
BLACK
6
CONTINUOUS
10
94.9567619999999977
20
-93.3989709999999889
11
94.9276059999999973
21
-93.4426059999999978
0
LINE
8
BLACK
6
CONTINUOUS
10
94.9276059999999973
20
-93.4426059999999978
11
94.8839710000000025
21
-93.4717619999999982
0
LINE
8
BLACK
6
CONTINUOUS
10
94.8839710000000025
20
-93.4717619999999982
11
94.832499999999996
21
-93.4819999999999993
0
LINE
8
BLACK
6
CONTINUOUS
10
94.832499999999996
20
-93.4819999999999993
11
94.0374999999999943
21
-93.4819999999999993
0
LINE
8
BLACK
6
CONTINUOUS
10
94.0374999999999943
20
-93.4819999999999993
11
93.986029000000002
21
-93.4717619999999982
0
LINE
8
BLACK
6
CONTINUOUS
10
93.986029000000002
20
-93.4717619999999982
11
93.9423939999999931
21
-93.4426059999999978
0
LINE
8
BLACK
6
CONTINUOUS
10
93.9423939999999931
20
-93.4426059999999978
11
93.9132379999999927
21
-93.3989709999999889
0
LINE
8
BLACK
6
CONTINUOUS
10
93.9132379999999927
20
-93.3989709999999889
11
93.9029999999999916
21
-93.3474999999999966
0
LINE
8
BLACK
6
CONTINUOUS
10
93.9029999999999916
20
-93.3474999999999966
11
93.9029999999999916
21
-93.1524999999999892
0
LINE
8
BLACK
6
CONTINUOUS
10
93.9029999999999916
20
-93.1524999999999892
11
93.9132379999999927
21
-93.1010289999999969
0
LINE
8
BLACK
6
CONTINUOUS
10
93.9132379999999927
20
-93.1010289999999969
11
93.9423939999999931
21
-93.0573940000000022
0
LINE
8
BLACK
6
CONTINUOUS
10
93.9423939999999931
20
-93.0573940000000022
11
93.986029000000002
21
-93.0282380000000018
0
LINE
8
BLACK
6
CONTINUOUS
10
93.986029000000002
20
-93.0282380000000018
11
94.0374999999999943
21
-93.0180000000000007
0
LINE
8
BLACK
6
CONTINUOUS
10
94.0374999999999943
20
-93.0180000000000007
11
94.832499999999996
21
-93.0180000000000007
0
LINE
8
BLACK
6
CONTINUOUS
10
94.832499999999996
20
-93.0180000000000007
11
94.8839710000000025
21
-93.0282380000000018
0
LINE
8
BLACK
6
CONTINUOUS
10
88.013970999999998
20
-92.5282380000000018
11
88.0576059999999927
21
-92.5573940000000022
0
LINE
8
BLACK
6
CONTINUOUS
10
88.0576059999999927
20
-92.5573940000000022
11
88.0867619999999931
21
-92.6010289999999969
0
LINE
8
BLACK
6
CONTINUOUS
10
88.0867619999999931
20
-92.6010289999999969
11
88.0969999999999942
21
-92.6524999999999892
0
LINE
8
BLACK
6
CONTINUOUS
10
88.0969999999999942
20
-92.6524999999999892
11
88.0969999999999942
21
-92.8474999999999966
0
LINE
8
BLACK
6
CONTINUOUS
10
88.0969999999999942
20
-92.8474999999999966
11
88.0867619999999931
21
-92.8989709999999889
0
LINE
8
BLACK
6
CONTINUOUS
10
88.0867619999999931
20
-92.8989709999999889
11
88.0576059999999927
21
-92.9426059999999978
0
LINE
8
BLACK
6
CONTINUOUS
10
88.0576059999999927
20
-92.9426059999999978
11
88.013970999999998
21
-92.9717619999999982
0
LINE
8
BLACK
6
CONTINUOUS
10
88.013970999999998
20
-92.9717619999999982
11
87.9624999999999915
21
-92.9819999999999993
0
LINE
8
BLACK
6
CONTINUOUS
10
87.9624999999999915
20
-92.9819999999999993
11
87.1674999999999898
21
-92.9819999999999993
0
LINE
8
BLACK
6
CONTINUOUS
10
87.1674999999999898
20
-92.9819999999999993
11
87.1160289999999975
21
-92.9717619999999982
0
LINE
8
BLACK
6
CONTINUOUS
10
87.1160289999999975
20
-92.9717619999999982
11
87.0723940000000027
21
-92.9426059999999978
0
LINE
8
BLACK
6
CONTINUOUS
10
87.0723940000000027
20
-92.9426059999999978
11
87.0432380000000023
21
-92.8989709999999889
0
LINE
8
BLACK
6
CONTINUOUS
10
87.0432380000000023
20
-92.8989709999999889
11
87.0330000000000013
21
-92.8474999999999966
0
LINE
8
BLACK
6
CONTINUOUS
10
87.0330000000000013
20
-92.8474999999999966
11
87.0330000000000013
21
-92.6524999999999892
0
LINE
8
BLACK
6
CONTINUOUS
10
87.0330000000000013
20
-92.6524999999999892
11
87.0432380000000023
21
-92.6010289999999969
0
LINE
8
BLACK
6
CONTINUOUS
10
87.0432380000000023
20
-92.6010289999999969
11
87.0723940000000027
21
-92.5573940000000022
0
LINE
8
BLACK
6
CONTINUOUS
10
87.0723940000000027
20
-92.5573940000000022
11
87.1160289999999975
21
-92.5282380000000018
0
LINE
8
BLACK
6
CONTINUOUS
10
87.1160289999999975
20
-92.5282380000000018
11
87.1674999999999898
21
-92.5180000000000007
0
LINE
8
BLACK
6
CONTINUOUS
10
87.1674999999999898
20
-92.5180000000000007
11
87.9624999999999915
21
-92.5180000000000007
0
LINE
8
BLACK
6
CONTINUOUS
10
87.9624999999999915
20
-92.5180000000000007
11
88.013970999999998
21
-92.5282380000000018
0
LINE
8
BLACK
6
CONTINUOUS
10
94.8839710000000025
20
-92.5282380000000018
11
94.9276059999999973
21
-92.5573940000000022
0
LINE
8
BLACK
6
CONTINUOUS
10
94.9276059999999973
20
-92.5573940000000022
11
94.9567619999999977
21
-92.6010289999999969
0
LINE
8
BLACK
6
CONTINUOUS
10
94.9567619999999977
20
-92.6010289999999969
11
94.9669999999999987
21
-92.6524999999999892
0
LINE
8
BLACK
6
CONTINUOUS
10
94.9669999999999987
20
-92.6524999999999892
11
94.9669999999999987
21
-92.8474999999999966
0
LINE
8
BLACK
6
CONTINUOUS
10
94.9669999999999987
20
-92.8474999999999966
11
94.9567619999999977
21
-92.8989709999999889
0
LINE
8
BLACK
6
CONTINUOUS
10
94.9567619999999977
20
-92.8989709999999889
11
94.9276059999999973
21
-92.9426059999999978
0
LINE
8
BLACK
6
CONTINUOUS
10
94.9276059999999973
20
-92.9426059999999978
11
94.8839710000000025
21
-92.9717619999999982
0
LINE
8
BLACK
6
CONTINUOUS
10
94.8839710000000025
20
-92.9717619999999982
11
94.832499999999996
21
-92.9819999999999993
0
LINE
8
BLACK
6
CONTINUOUS
10
94.832499999999996
20
-92.9819999999999993
11
94.0374999999999943
21
-92.9819999999999993
0
LINE
8
BLACK
6
CONTINUOUS
10
94.0374999999999943
20
-92.9819999999999993
11
93.986029000000002
21
-92.9717619999999982
0
LINE
8
BLACK
6
CONTINUOUS
10
93.986029000000002
20
-92.9717619999999982
11
93.9423939999999931
21
-92.9426059999999978
0
LINE
8
BLACK
6
CONTINUOUS
10
93.9423939999999931
20
-92.9426059999999978
11
93.9132379999999927
21
-92.8989709999999889
0
LINE
8
BLACK
6
CONTINUOUS
10
93.9132379999999927
20
-92.8989709999999889
11
93.9029999999999916
21
-92.8474999999999966
0
LINE
8
BLACK
6
CONTINUOUS
10
93.9029999999999916
20
-92.8474999999999966
11
93.9029999999999916
21
-92.6524999999999892
0
LINE
8
BLACK
6
CONTINUOUS
10
93.9029999999999916
20
-92.6524999999999892
11
93.9132379999999927
21
-92.6010289999999969
0
LINE
8
BLACK
6
CONTINUOUS
10
93.9132379999999927
20
-92.6010289999999969
11
93.9423939999999931
21
-92.5573940000000022
0
LINE
8
BLACK
6
CONTINUOUS
10
93.9423939999999931
20
-92.5573940000000022
11
93.986029000000002
21
-92.5282380000000018
0
LINE
8
BLACK
6
CONTINUOUS
10
93.986029000000002
20
-92.5282380000000018
11
94.0374999999999943
21
-92.5180000000000007
0
LINE
8
BLACK
6
CONTINUOUS
10
94.0374999999999943
20
-92.5180000000000007
11
94.832499999999996
21
-92.5180000000000007
0
LINE
8
BLACK
6
CONTINUOUS
10
94.832499999999996
20
-92.5180000000000007
11
94.8839710000000025
21
-92.5282380000000018
0
LINE
8
BLACK
6
CONTINUOUS
10
112.3999999999999915
20
-92.5750000000000028
11
111.1999999999999886
21
-92.5750000000000028
0
LINE
8
BLACK
6
CONTINUOUS
10
111.1999999999999886
20
-92.5750000000000028
11
111.1999999999999886
21
-91.7249999999999943
0
LINE
8
BLACK
6
CONTINUOUS
10
111.1999999999999886
20
-91.7249999999999943
11
112.3999999999999915
21
-91.7249999999999943
0
LINE
8
BLACK
6
CONTINUOUS
10
112.3999999999999915
20
-91.7249999999999943
11
112.3999999999999915
21
-92.5750000000000028
0
LINE
8
BLACK
6
CONTINUOUS
10
88.013970999999998
20
-92.0282380000000018
11
88.0576059999999927
21
-92.0573940000000022
0
LINE
8
BLACK
6
CONTINUOUS
10
88.0576059999999927
20
-92.0573940000000022
11
88.0867619999999931
21
-92.1010289999999969
0
LINE
8
BLACK
6
CONTINUOUS
10
88.0867619999999931
20
-92.1010289999999969
11
88.0969999999999942
21
-92.1524999999999892
0
LINE
8
BLACK
6
CONTINUOUS
10
88.0969999999999942
20
-92.1524999999999892
11
88.0969999999999942
21
-92.3474999999999966
0
LINE
8
BLACK
6
CONTINUOUS
10
88.0969999999999942
20
-92.3474999999999966
11
88.0867619999999931
21
-92.3989709999999889
0
LINE
8
BLACK
6
CONTINUOUS
10
88.0867619999999931
20
-92.3989709999999889
11
88.0576059999999927
21
-92.4426059999999978
0
LINE
8
BLACK
6
CONTINUOUS
10
88.0576059999999927
20
-92.4426059999999978
11
88.013970999999998
21
-92.4717619999999982
0
LINE
8
BLACK
6
CONTINUOUS
10
88.013970999999998
20
-92.4717619999999982
11
87.9624999999999915
21
-92.4819999999999993
0
LINE
8
BLACK
6
CONTINUOUS
10
87.9624999999999915
20
-92.4819999999999993
11
87.1674999999999898
21
-92.4819999999999993
0
LINE
8
BLACK
6
CONTINUOUS
10
87.1674999999999898
20
-92.4819999999999993
11
87.1160289999999975
21
-92.4717619999999982
0
LINE
8
BLACK
6
CONTINUOUS
10
87.1160289999999975
20
-92.4717619999999982
11
87.0723940000000027
21
-92.4426059999999978
0
LINE
8
BLACK
6
CONTINUOUS
10
87.0723940000000027
20
-92.4426059999999978
11
87.0432380000000023
21
-92.3989709999999889
0
LINE
8
BLACK
6
CONTINUOUS
10
87.0432380000000023
20
-92.3989709999999889
11
87.0330000000000013
21
-92.3474999999999966
0
LINE
8
BLACK
6
CONTINUOUS
10
87.0330000000000013
20
-92.3474999999999966
11
87.0330000000000013
21
-92.1524999999999892
0
LINE
8
BLACK
6
CONTINUOUS
10
87.0330000000000013
20
-92.1524999999999892
11
87.0432380000000023
21
-92.1010289999999969
0
LINE
8
BLACK
6
CONTINUOUS
10
87.0432380000000023
20
-92.1010289999999969
11
87.0723940000000027
21
-92.0573940000000022
0
LINE
8
BLACK
6
CONTINUOUS
10
87.0723940000000027
20
-92.0573940000000022
11
87.1160289999999975
21
-92.0282380000000018
0
LINE
8
BLACK
6
CONTINUOUS
10
87.1160289999999975
20
-92.0282380000000018
11
87.1674999999999898
21
-92.0180000000000007
0
LINE
8
BLACK
6
CONTINUOUS
10
87.1674999999999898
20
-92.0180000000000007
11
87.9624999999999915
21
-92.0180000000000007
0
LINE
8
BLACK
6
CONTINUOUS
10
87.9624999999999915
20
-92.0180000000000007
11
88.013970999999998
21
-92.0282380000000018
0
LINE
8
BLACK
6
CONTINUOUS
10
94.8839710000000025
20
-92.0282380000000018
11
94.9276059999999973
21
-92.0573940000000022
0
LINE
8
BLACK
6
CONTINUOUS
10
94.9276059999999973
20
-92.0573940000000022
11
94.9567619999999977
21
-92.1010289999999969
0
LINE
8
BLACK
6
CONTINUOUS
10
94.9567619999999977
20
-92.1010289999999969
11
94.9669999999999987
21
-92.1524999999999892
0
LINE
8
BLACK
6
CONTINUOUS
10
94.9669999999999987
20
-92.1524999999999892
11
94.9669999999999987
21
-92.3474999999999966
0
LINE
8
BLACK
6
CONTINUOUS
10
94.9669999999999987
20
-92.3474999999999966
11
94.9567619999999977
21
-92.3989709999999889
0
LINE
8
BLACK
6
CONTINUOUS
10
94.9567619999999977
20
-92.3989709999999889
11
94.9276059999999973
21
-92.4426059999999978
0
LINE
8
BLACK
6
CONTINUOUS
10
94.9276059999999973
20
-92.4426059999999978
11
94.8839710000000025
21
-92.4717619999999982
0
LINE
8
BLACK
6
CONTINUOUS
10
94.8839710000000025
20
-92.4717619999999982
11
94.832499999999996
21
-92.4819999999999993
0
LINE
8
BLACK
6
CONTINUOUS
10
94.832499999999996
20
-92.4819999999999993
11
94.0374999999999943
21
-92.4819999999999993
0
LINE
8
BLACK
6
CONTINUOUS
10
94.0374999999999943
20
-92.4819999999999993
11
93.986029000000002
21
-92.4717619999999982
0
LINE
8
BLACK
6
CONTINUOUS
10
93.986029000000002
20
-92.4717619999999982
11
93.9423939999999931
21
-92.4426059999999978
0
LINE
8
BLACK
6
CONTINUOUS
10
93.9423939999999931
20
-92.4426059999999978
11
93.9132379999999927
21
-92.3989709999999889
0
LINE
8
BLACK
6
CONTINUOUS
10
93.9132379999999927
20
-92.3989709999999889
11
93.9029999999999916
21
-92.3474999999999966
0
LINE
8
BLACK
6
CONTINUOUS
10
93.9029999999999916
20
-92.3474999999999966
11
93.9029999999999916
21
-92.1524999999999892
0
LINE
8
BLACK
6
CONTINUOUS
10
93.9029999999999916
20
-92.1524999999999892
11
93.9132379999999927
21
-92.1010289999999969
0
LINE
8
BLACK
6
CONTINUOUS
10
93.9132379999999927
20
-92.1010289999999969
11
93.9423939999999931
21
-92.0573940000000022
0
LINE
8
BLACK
6
CONTINUOUS
10
93.9423939999999931
20
-92.0573940000000022
11
93.986029000000002
21
-92.0282380000000018
0
LINE
8
BLACK
6
CONTINUOUS
10
93.986029000000002
20
-92.0282380000000018
11
94.0374999999999943
21
-92.0180000000000007
0
LINE
8
BLACK
6
CONTINUOUS
10
94.0374999999999943
20
-92.0180000000000007
11
94.832499999999996
21
-92.0180000000000007
0
LINE
8
BLACK
6
CONTINUOUS
10
94.832499999999996
20
-92.0180000000000007
11
94.8839710000000025
21
-92.0282380000000018
0
LINE
8
BLACK
6
CONTINUOUS
10
82.2140339999999981
20
-90.4307639999999964
11
82.2471249999999969
21
-90.4528749999999917
0
LINE
8
BLACK
6
CONTINUOUS
10
82.2471249999999969
20
-90.4528749999999917
11
82.2692359999999923
21
-90.4859659999999906
0
LINE
8
BLACK
6
CONTINUOUS
10
82.2692359999999923
20
-90.4859659999999906
11
82.277000000000001
21
-90.5249999999999915
0
LINE
8
BLACK
6
CONTINUOUS
10
82.277000000000001
20
-90.5249999999999915
11
82.277000000000001
21
-91.9749999999999943
0
LINE
8
BLACK
6
CONTINUOUS
10
82.277000000000001
20
-91.9749999999999943
11
82.2692359999999923
21
-92.0140339999999952
0
LINE
8
BLACK
6
CONTINUOUS
10
82.2692359999999923
20
-92.0140339999999952
11
82.2471249999999969
21
-92.0471249999999941
0
LINE
8
BLACK
6
CONTINUOUS
10
82.2471249999999969
20
-92.0471249999999941
11
82.2140339999999981
21
-92.0692359999999894
0
LINE
8
BLACK
6
CONTINUOUS
10
82.2140339999999981
20
-92.0692359999999894
11
82.1749999999999972
21
-92.0769999999999982
0
LINE
8
BLACK
6
CONTINUOUS
10
82.1749999999999972
20
-92.0769999999999982
11
81.0249999999999915
21
-92.0769999999999982
0
LINE
8
BLACK
6
CONTINUOUS
10
81.0249999999999915
20
-92.0769999999999982
11
80.9859659999999906
21
-92.0692359999999894
0
LINE
8
BLACK
6
CONTINUOUS
10
80.9859659999999906
20
-92.0692359999999894
11
80.9528749999999917
21
-92.0471249999999941
0
LINE
8
BLACK
6
CONTINUOUS
10
80.9528749999999917
20
-92.0471249999999941
11
80.9307639999999964
21
-92.0140339999999952
0
LINE
8
BLACK
6
CONTINUOUS
10
80.9307639999999964
20
-92.0140339999999952
11
80.9230000000000018
21
-91.9749999999999943
0
LINE
8
BLACK
6
CONTINUOUS
10
80.9230000000000018
20
-91.9749999999999943
11
80.9230000000000018
21
-90.5249999999999915
0
LINE
8
BLACK
6
CONTINUOUS
10
80.9230000000000018
20
-90.5249999999999915
11
80.9307639999999964
21
-90.4859659999999906
0
LINE
8
BLACK
6
CONTINUOUS
10
80.9307639999999964
20
-90.4859659999999906
11
80.9528749999999917
21
-90.4528749999999917
0
LINE
8
BLACK
6
CONTINUOUS
10
80.9528749999999917
20
-90.4528749999999917
11
80.9859659999999906
21
-90.4307639999999964
0
LINE
8
BLACK
6
CONTINUOUS
10
80.9859659999999906
20
-90.4307639999999964
11
81.0249999999999915
21
-90.4230000000000018
0
LINE
8
BLACK
6
CONTINUOUS
10
81.0249999999999915
20
-90.4230000000000018
11
82.1749999999999972
21
-90.4230000000000018
0
LINE
8
BLACK
6
CONTINUOUS
10
82.1749999999999972
20
-90.4230000000000018
11
82.2140339999999981
21
-90.4307639999999964
0
LINE
8
BLACK
6
CONTINUOUS
10
84.0140339999999952
20
-90.4307639999999964
11
84.0471249999999941
21
-90.4528749999999917
0
LINE
8
BLACK
6
CONTINUOUS
10
84.0471249999999941
20
-90.4528749999999917
11
84.0692359999999894
21
-90.4859659999999906
0
LINE
8
BLACK
6
CONTINUOUS
10
84.0692359999999894
20
-90.4859659999999906
11
84.0769999999999982
21
-90.5249999999999915
0
LINE
8
BLACK
6
CONTINUOUS
10
84.0769999999999982
20
-90.5249999999999915
11
84.0769999999999982
21
-91.9749999999999943
0
LINE
8
BLACK
6
CONTINUOUS
10
84.0769999999999982
20
-91.9749999999999943
11
84.0692359999999894
21
-92.0140339999999952
0
LINE
8
BLACK
6
CONTINUOUS
10
84.0692359999999894
20
-92.0140339999999952
11
84.0471249999999941
21
-92.0471249999999941
0
LINE
8
BLACK
6
CONTINUOUS
10
84.0471249999999941
20
-92.0471249999999941
11
84.0140339999999952
21
-92.0692359999999894
0
LINE
8
BLACK
6
CONTINUOUS
10
84.0140339999999952
20
-92.0692359999999894
11
83.9749999999999943
21
-92.0769999999999982
0
LINE
8
BLACK
6
CONTINUOUS
10
83.9749999999999943
20
-92.0769999999999982
11
82.8250000000000028
21
-92.0769999999999982
0
LINE
8
BLACK
6
CONTINUOUS
10
82.8250000000000028
20
-92.0769999999999982
11
82.7859660000000019
21
-92.0692359999999894
0
LINE
8
BLACK
6
CONTINUOUS
10
82.7859660000000019
20
-92.0692359999999894
11
82.7528750000000031
21
-92.0471249999999941
0
LINE
8
BLACK
6
CONTINUOUS
10
82.7528750000000031
20
-92.0471249999999941
11
82.7307639999999935
21
-92.0140339999999952
0
LINE
8
BLACK
6
CONTINUOUS
10
82.7307639999999935
20
-92.0140339999999952
11
82.722999999999999
21
-91.9749999999999943
0
LINE
8
BLACK
6
CONTINUOUS
10
82.722999999999999
20
-91.9749999999999943
11
82.722999999999999
21
-90.5249999999999915
0
LINE
8
BLACK
6
CONTINUOUS
10
82.722999999999999
20
-90.5249999999999915
11
82.7307639999999935
21
-90.4859659999999906
0
LINE
8
BLACK
6
CONTINUOUS
10
82.7307639999999935
20
-90.4859659999999906
11
82.7528750000000031
21
-90.4528749999999917
0
LINE
8
BLACK
6
CONTINUOUS
10
82.7528750000000031
20
-90.4528749999999917
11
82.7859660000000019
21
-90.4307639999999964
0
LINE
8
BLACK
6
CONTINUOUS
10
82.7859660000000019
20
-90.4307639999999964
11
82.8250000000000028
21
-90.4230000000000018
0
LINE
8
BLACK
6
CONTINUOUS
10
82.8250000000000028
20
-90.4230000000000018
11
83.9749999999999943
21
-90.4230000000000018
0
LINE
8
BLACK
6
CONTINUOUS
10
83.9749999999999943
20
-90.4230000000000018
11
84.0140339999999952
21
-90.4307639999999964
0
LINE
8
BLACK
6
CONTINUOUS
10
138.0390339999999867
20
-79.8057639999999964
11
138.0721249999999998
21
-79.8278749999999917
0
LINE
8
BLACK
6
CONTINUOUS
10
138.0721249999999998
20
-79.8278749999999917
11
138.0942359999999951
21
-79.8609659999999906
0
LINE
8
BLACK
6
CONTINUOUS
10
138.0942359999999951
20
-79.8609659999999906
11
138.1020000000000039
21
-79.8999999999999915
0
LINE
8
BLACK
6
CONTINUOUS
10
138.1020000000000039
20
-79.8999999999999915
11
138.1020000000000039
21
-91.8999999999999915
0
LINE
8
BLACK
6
CONTINUOUS
10
138.1020000000000039
20
-91.8999999999999915
11
138.0942359999999951
21
-91.9390339999999924
0
LINE
8
BLACK
6
CONTINUOUS
10
138.0942359999999951
20
-91.9390339999999924
11
138.0721249999999998
21
-91.9721249999999912
0
LINE
8
BLACK
6
CONTINUOUS
10
138.0721249999999998
20
-91.9721249999999912
11
138.0390339999999867
21
-91.9942360000000008
0
LINE
8
BLACK
6
CONTINUOUS
10
138.0390339999999867
20
-91.9942360000000008
11
138.
21
-92.0019999999999953
0
LINE
8
BLACK
6
CONTINUOUS
10
138.
20
-92.0019999999999953
11
129.
21
-92.0019999999999953
0
LINE
8
BLACK
6
CONTINUOUS
10
129.
20
-92.0019999999999953
11
128.9609659999999849
21
-91.9942360000000008
0
LINE
8
BLACK
6
CONTINUOUS
10
128.9609659999999849
20
-91.9942360000000008
11
128.9278750000000002
21
-91.9721249999999912
0
LINE
8
BLACK
6
CONTINUOUS
10
128.9278750000000002
20
-91.9721249999999912
11
128.9057640000000049
21
-91.9390339999999924
0
LINE
8
BLACK
6
CONTINUOUS
10
128.9057640000000049
20
-91.9390339999999924
11
128.8979999999999961
21
-91.8999999999999915
0
LINE
8
BLACK
6
CONTINUOUS
10
128.8979999999999961
20
-91.8999999999999915
11
128.8979999999999961
21
-79.8999999999999915
0
LINE
8
BLACK
6
CONTINUOUS
10
128.8979999999999961
20
-79.8999999999999915
11
128.9057640000000049
21
-79.8609659999999906
0
LINE
8
BLACK
6
CONTINUOUS
10
128.9057640000000049
20
-79.8609659999999906
11
128.9278750000000002
21
-79.8278749999999917
0
LINE
8
BLACK
6
CONTINUOUS
10
128.9278750000000002
20
-79.8278749999999917
11
128.9609659999999849
21
-79.8057639999999964
0
LINE
8
BLACK
6
CONTINUOUS
10
128.9609659999999849
20
-79.8057639999999964
11
129.
21
-79.7980000000000018
0
LINE
8
BLACK
6
CONTINUOUS
10
129.
20
-79.7980000000000018
11
138.
21
-79.7980000000000018
0
LINE
8
BLACK
6
CONTINUOUS
10
138.
20
-79.7980000000000018
11
138.0390339999999867
21
-79.8057639999999964
0
LINE
8
BLACK
6
CONTINUOUS
10
88.013970999999998
20
-91.5282380000000018
11
88.0576059999999927
21
-91.5573940000000022
0
LINE
8
BLACK
6
CONTINUOUS
10
88.0576059999999927
20
-91.5573940000000022
11
88.0867619999999931
21
-91.6010289999999969
0
LINE
8
BLACK
6
CONTINUOUS
10
88.0867619999999931
20
-91.6010289999999969
11
88.0969999999999942
21
-91.6524999999999892
0
LINE
8
BLACK
6
CONTINUOUS
10
88.0969999999999942
20
-91.6524999999999892
11
88.0969999999999942
21
-91.8474999999999966
0
LINE
8
BLACK
6
CONTINUOUS
10
88.0969999999999942
20
-91.8474999999999966
11
88.0867619999999931
21
-91.8989709999999889
0
LINE
8
BLACK
6
CONTINUOUS
10
88.0867619999999931
20
-91.8989709999999889
11
88.0576059999999927
21
-91.9426059999999978
0
LINE
8
BLACK
6
CONTINUOUS
10
88.0576059999999927
20
-91.9426059999999978
11
88.013970999999998
21
-91.9717619999999982
0
LINE
8
BLACK
6
CONTINUOUS
10
88.013970999999998
20
-91.9717619999999982
11
87.9624999999999915
21
-91.9819999999999993
0
LINE
8
BLACK
6
CONTINUOUS
10
87.9624999999999915
20
-91.9819999999999993
11
87.1674999999999898
21
-91.9819999999999993
0
LINE
8
BLACK
6
CONTINUOUS
10
87.1674999999999898
20
-91.9819999999999993
11
87.1160289999999975
21
-91.9717619999999982
0
LINE
8
BLACK
6
CONTINUOUS
10
87.1160289999999975
20
-91.9717619999999982
11
87.0723940000000027
21
-91.9426059999999978
0
LINE
8
BLACK
6
CONTINUOUS
10
87.0723940000000027
20
-91.9426059999999978
11
87.0432380000000023
21
-91.8989709999999889
0
LINE
8
BLACK
6
CONTINUOUS
10
87.0432380000000023
20
-91.8989709999999889
11
87.0330000000000013
21
-91.8474999999999966
0
LINE
8
BLACK
6
CONTINUOUS
10
87.0330000000000013
20
-91.8474999999999966
11
87.0330000000000013
21
-91.6524999999999892
0
LINE
8
BLACK
6
CONTINUOUS
10
87.0330000000000013
20
-91.6524999999999892
11
87.0432380000000023
21
-91.6010289999999969
0
LINE
8
BLACK
6
CONTINUOUS
10
87.0432380000000023
20
-91.6010289999999969
11
87.0723940000000027
21
-91.5573940000000022
0
LINE
8
BLACK
6
CONTINUOUS
10
87.0723940000000027
20
-91.5573940000000022
11
87.1160289999999975
21
-91.5282380000000018
0
LINE
8
BLACK
6
CONTINUOUS
10
87.1160289999999975
20
-91.5282380000000018
11
87.1674999999999898
21
-91.5180000000000007
0
LINE
8
BLACK
6
CONTINUOUS
10
87.1674999999999898
20
-91.5180000000000007
11
87.9624999999999915
21
-91.5180000000000007
0
LINE
8
BLACK
6
CONTINUOUS
10
87.9624999999999915
20
-91.5180000000000007
11
88.013970999999998
21
-91.5282380000000018
0
LINE
8
BLACK
6
CONTINUOUS
10
94.8839710000000025
20
-91.5282380000000018
11
94.9276059999999973
21
-91.5573940000000022
0
LINE
8
BLACK
6
CONTINUOUS
10
94.9276059999999973
20
-91.5573940000000022
11
94.9567619999999977
21
-91.6010289999999969
0
LINE
8
BLACK
6
CONTINUOUS
10
94.9567619999999977
20
-91.6010289999999969
11
94.9669999999999987
21
-91.6524999999999892
0
LINE
8
BLACK
6
CONTINUOUS
10
94.9669999999999987
20
-91.6524999999999892
11
94.9669999999999987
21
-91.8474999999999966
0
LINE
8
BLACK
6
CONTINUOUS
10
94.9669999999999987
20
-91.8474999999999966
11
94.9567619999999977
21
-91.8989709999999889
0
LINE
8
BLACK
6
CONTINUOUS
10
94.9567619999999977
20
-91.8989709999999889
11
94.9276059999999973
21
-91.9426059999999978
0
LINE
8
BLACK
6
CONTINUOUS
10
94.9276059999999973
20
-91.9426059999999978
11
94.8839710000000025
21
-91.9717619999999982
0
LINE
8
BLACK
6
CONTINUOUS
10
94.8839710000000025
20
-91.9717619999999982
11
94.832499999999996
21
-91.9819999999999993
0
LINE
8
BLACK
6
CONTINUOUS
10
94.832499999999996
20
-91.9819999999999993
11
94.0374999999999943
21
-91.9819999999999993
0
LINE
8
BLACK
6
CONTINUOUS
10
94.0374999999999943
20
-91.9819999999999993
11
93.986029000000002
21
-91.9717619999999982
0
LINE
8
BLACK
6
CONTINUOUS
10
93.986029000000002
20
-91.9717619999999982
11
93.9423939999999931
21
-91.9426059999999978
0
LINE
8
BLACK
6
CONTINUOUS
10
93.9423939999999931
20
-91.9426059999999978
11
93.9132379999999927
21
-91.8989709999999889
0
LINE
8
BLACK
6
CONTINUOUS
10
93.9132379999999927
20
-91.8989709999999889
11
93.9029999999999916
21
-91.8474999999999966
0
LINE
8
BLACK
6
CONTINUOUS
10
93.9029999999999916
20
-91.8474999999999966
11
93.9029999999999916
21
-91.6524999999999892
0
LINE
8
BLACK
6
CONTINUOUS
10
93.9029999999999916
20
-91.6524999999999892
11
93.9132379999999927
21
-91.6010289999999969
0
LINE
8
BLACK
6
CONTINUOUS
10
93.9132379999999927
20
-91.6010289999999969
11
93.9423939999999931
21
-91.5573940000000022
0
LINE
8
BLACK
6
CONTINUOUS
10
93.9423939999999931
20
-91.5573940000000022
11
93.986029000000002
21
-91.5282380000000018
0
LINE
8
BLACK
6
CONTINUOUS
10
93.986029000000002
20
-91.5282380000000018
11
94.0374999999999943
21
-91.5180000000000007
0
LINE
8
BLACK
6
CONTINUOUS
10
94.0374999999999943
20
-91.5180000000000007
11
94.832499999999996
21
-91.5180000000000007
0
LINE
8
BLACK
6
CONTINUOUS
10
94.832499999999996
20
-91.5180000000000007
11
94.8839710000000025
21
-91.5282380000000018
0
LINE
8
BLACK
6
CONTINUOUS
10
70.5158869999999922
20
-91.0430789999999917
11
70.5929380000000037
21
-91.0945619999999963
0
LINE
8
BLACK
6
CONTINUOUS
10
70.5929380000000037
20
-91.0945619999999963
11
70.6444209999999941
21
-91.1716129999999936
0
LINE
8
BLACK
6
CONTINUOUS
10
70.6444209999999941
20
-91.1716129999999936
11
70.6624999999999943
21
-91.2625000000000028
0
LINE
8
BLACK
6
CONTINUOUS
10
70.6624999999999943
20
-91.2625000000000028
11
70.6624999999999943
21
-91.7374999999999972
0
LINE
8
BLACK
6
CONTINUOUS
10
70.6624999999999943
20
-91.7374999999999972
11
70.6444209999999941
21
-91.8283869999999922
0
LINE
8
BLACK
6
CONTINUOUS
10
70.6444209999999941
20
-91.8283869999999922
11
70.5929380000000037
21
-91.9054379999999895
0
LINE
8
BLACK
6
CONTINUOUS
10
70.5929380000000037
20
-91.9054379999999895
11
70.5158869999999922
21
-91.9569209999999941
0
LINE
8
BLACK
6
CONTINUOUS
10
70.5158869999999922
20
-91.9569209999999941
11
70.4249999999999972
21
-91.9749999999999943
0
LINE
8
BLACK
6
CONTINUOUS
10
70.4249999999999972
20
-91.9749999999999943
11
69.9249999999999972
21
-91.9749999999999943
0
LINE
8
BLACK
6
CONTINUOUS
10
69.9249999999999972
20
-91.9749999999999943
11
69.8341130000000021
21
-91.9569209999999941
0
LINE
8
BLACK
6
CONTINUOUS
10
69.8341130000000021
20
-91.9569209999999941
11
69.7570619999999906
21
-91.9054379999999895
0
LINE
8
BLACK
6
CONTINUOUS
10
69.7570619999999906
20
-91.9054379999999895
11
69.7055790000000002
21
-91.8283869999999922
0
LINE
8
BLACK
6
CONTINUOUS
10
69.7055790000000002
20
-91.8283869999999922
11
69.6875
21
-91.7374999999999972
0
LINE
8
BLACK
6
CONTINUOUS
10
69.6875
20
-91.7374999999999972
11
69.6875
21
-91.2625000000000028
0
LINE
8
BLACK
6
CONTINUOUS
10
69.6875
20
-91.2625000000000028
11
69.7055790000000002
21
-91.1716129999999936
0
LINE
8
BLACK
6
CONTINUOUS
10
69.7055790000000002
20
-91.1716129999999936
11
69.7570619999999906
21
-91.0945619999999963
0
LINE
8
BLACK
6
CONTINUOUS
10
69.7570619999999906
20
-91.0945619999999963
11
69.8341130000000021
21
-91.0430789999999917
0
LINE
8
BLACK
6
CONTINUOUS
10
69.8341130000000021
20
-91.0430789999999917
11
69.9249999999999972
21
-91.0249999999999915
0
LINE
8
BLACK
6
CONTINUOUS
10
69.9249999999999972
20
-91.0249999999999915
11
70.4249999999999972
21
-91.0249999999999915
0
LINE
8
BLACK
6
CONTINUOUS
10
70.4249999999999972
20
-91.0249999999999915
11
70.5158869999999922
21
-91.0430789999999917
0
LINE
8
BLACK
6
CONTINUOUS
10
72.3408869999999951
20
-91.0430789999999917
11
72.4179379999999924
21
-91.0945619999999963
0
LINE
8
BLACK
6
CONTINUOUS
10
72.4179379999999924
20
-91.0945619999999963
11
72.469420999999997
21
-91.1716129999999936
0
LINE
8
BLACK
6
CONTINUOUS
10
72.469420999999997
20
-91.1716129999999936
11
72.4874999999999972
21
-91.2625000000000028
0
LINE
8
BLACK
6
CONTINUOUS
10
72.4874999999999972
20
-91.2625000000000028
11
72.4874999999999972
21
-91.7374999999999972
0
LINE
8
BLACK
6
CONTINUOUS
10
72.4874999999999972
20
-91.7374999999999972
11
72.469420999999997
21
-91.8283869999999922
0
LINE
8
BLACK
6
CONTINUOUS
10
72.469420999999997
20
-91.8283869999999922
11
72.4179379999999924
21
-91.9054379999999895
0
LINE
8
BLACK
6
CONTINUOUS
10
72.4179379999999924
20
-91.9054379999999895
11
72.3408869999999951
21
-91.9569209999999941
0
LINE
8
BLACK
6
CONTINUOUS
10
72.3408869999999951
20
-91.9569209999999941
11
72.25
21
-91.9749999999999943
0
LINE
8
BLACK
6
CONTINUOUS
10
72.25
20
-91.9749999999999943
11
71.75
21
-91.9749999999999943
0
LINE
8
BLACK
6
CONTINUOUS
10
71.75
20
-91.9749999999999943
11
71.6591129999999907
21
-91.9569209999999941
0
LINE
8
BLACK
6
CONTINUOUS
10
71.6591129999999907
20
-91.9569209999999941
11
71.5820619999999934
21
-91.9054379999999895
0
LINE
8
BLACK
6
CONTINUOUS
10
71.5820619999999934
20
-91.9054379999999895
11
71.530579000000003
21
-91.8283869999999922
0
LINE
8
BLACK
6
CONTINUOUS
10
71.530579000000003
20
-91.8283869999999922
11
71.5125000000000028
21
-91.7374999999999972
0
LINE
8
BLACK
6
CONTINUOUS
10
71.5125000000000028
20
-91.7374999999999972
11
71.5125000000000028
21
-91.2625000000000028
0
LINE
8
BLACK
6
CONTINUOUS
10
71.5125000000000028
20
-91.2625000000000028
11
71.530579000000003
21
-91.1716129999999936
0
LINE
8
BLACK
6
CONTINUOUS
10
71.530579000000003
20
-91.1716129999999936
11
71.5820619999999934
21
-91.0945619999999963
0
LINE
8
BLACK
6
CONTINUOUS
10
71.5820619999999934
20
-91.0945619999999963
11
71.6591129999999907
21
-91.0430789999999917
0
LINE
8
BLACK
6
CONTINUOUS
10
71.6591129999999907
20
-91.0430789999999917
11
71.75
21
-91.0249999999999915
0
LINE
8
BLACK
6
CONTINUOUS
10
71.75
20
-91.0249999999999915
11
72.25
21
-91.0249999999999915
0
LINE
8
BLACK
6
CONTINUOUS
10
72.25
20
-91.0249999999999915
11
72.3408869999999951
21
-91.0430789999999917
0
LINE
8
BLACK
6
CONTINUOUS
10
93.8989709999999889
20
-90.0432380000000023
11
93.9426059999999978
21
-90.0723940000000027
0
LINE
8
BLACK
6
CONTINUOUS
10
93.9426059999999978
20
-90.0723940000000027
11
93.9717619999999982
21
-90.1160289999999975
0
LINE
8
BLACK
6
CONTINUOUS
10
93.9717619999999982
20
-90.1160289999999975
11
93.9819999999999993
21
-90.1674999999999898
0
LINE
8
BLACK
6
CONTINUOUS
10
93.9819999999999993
20
-90.1674999999999898
11
93.9819999999999993
21
-90.9624999999999915
0
LINE
8
BLACK
6
CONTINUOUS
10
93.9819999999999993
20
-90.9624999999999915
11
93.9717619999999982
21
-91.013970999999998
0
LINE
8
BLACK
6
CONTINUOUS
10
93.9717619999999982
20
-91.013970999999998
11
93.9430320000000023
21
-91.0569670000000002
0
LINE
8
BLACK
6
CONTINUOUS
10
93.9430320000000023
20
-91.0569670000000002
11
93.986029000000002
21
-91.0282380000000018
0
LINE
8
BLACK
6
CONTINUOUS
10
93.986029000000002
20
-91.0282380000000018
11
94.0374999999999943
21
-91.0180000000000007
0
LINE
8
BLACK
6
CONTINUOUS
10
94.0374999999999943
20
-91.0180000000000007
11
94.832499999999996
21
-91.0180000000000007
0
LINE
8
BLACK
6
CONTINUOUS
10
94.832499999999996
20
-91.0180000000000007
11
94.8839710000000025
21
-91.0282380000000018
0
LINE
8
BLACK
6
CONTINUOUS
10
94.8839710000000025
20
-91.0282380000000018
11
94.9276059999999973
21
-91.0573940000000022
0
LINE
8
BLACK
6
CONTINUOUS
10
94.9276059999999973
20
-91.0573940000000022
11
94.9567619999999977
21
-91.1010289999999969
0
LINE
8
BLACK
6
CONTINUOUS
10
94.9567619999999977
20
-91.1010289999999969
11
94.9669999999999987
21
-91.1524999999999892
0
LINE
8
BLACK
6
CONTINUOUS
10
94.9669999999999987
20
-91.1524999999999892
11
94.9669999999999987
21
-91.3474999999999966
0
LINE
8
BLACK
6
CONTINUOUS
10
94.9669999999999987
20
-91.3474999999999966
11
94.9567619999999977
21
-91.3989709999999889
0
LINE
8
BLACK
6
CONTINUOUS
10
94.9567619999999977
20
-91.3989709999999889
11
94.9276059999999973
21
-91.4426059999999978
0
LINE
8
BLACK
6
CONTINUOUS
10
94.9276059999999973
20
-91.4426059999999978
11
94.8839710000000025
21
-91.4717619999999982
0
LINE
8
BLACK
6
CONTINUOUS
10
94.8839710000000025
20
-91.4717619999999982
11
94.832499999999996
21
-91.4819999999999993
0
LINE
8
BLACK
6
CONTINUOUS
10
94.832499999999996
20
-91.4819999999999993
11
94.0374999999999943
21
-91.4819999999999993
0
LINE
8
BLACK
6
CONTINUOUS
10
94.0374999999999943
20
-91.4819999999999993
11
93.986029000000002
21
-91.4717619999999982
0
LINE
8
BLACK
6
CONTINUOUS
10
93.986029000000002
20
-91.4717619999999982
11
93.9423939999999931
21
-91.4426059999999978
0
LINE
8
BLACK
6
CONTINUOUS
10
93.9423939999999931
20
-91.4426059999999978
11
93.9132379999999927
21
-91.3989709999999889
0
LINE
8
BLACK
6
CONTINUOUS
10
93.9132379999999927
20
-91.3989709999999889
11
93.9029999999999916
21
-91.3474999999999966
0
LINE
8
BLACK
6
CONTINUOUS
10
93.9029999999999916
20
-91.3474999999999966
11
93.9029999999999916
21
-91.1524999999999892
0
LINE
8
BLACK
6
CONTINUOUS
10
93.9029999999999916
20
-91.1524999999999892
11
93.9132379999999927
21
-91.1010289999999969
0
LINE
8
BLACK
6
CONTINUOUS
10
93.9132379999999927
20
-91.1010289999999969
11
93.9419669999999911
21
-91.0580319999999972
0
LINE
8
BLACK
6
CONTINUOUS
10
93.9419669999999911
20
-91.0580319999999972
11
93.8989709999999889
21
-91.0867619999999931
0
LINE
8
BLACK
6
CONTINUOUS
10
93.8989709999999889
20
-91.0867619999999931
11
93.8474999999999966
21
-91.0969999999999942
0
LINE
8
BLACK
6
CONTINUOUS
10
93.8474999999999966
20
-91.0969999999999942
11
93.6524999999999892
21
-91.0969999999999942
0
LINE
8
BLACK
6
CONTINUOUS
10
93.6524999999999892
20
-91.0969999999999942
11
93.6010289999999969
21
-91.0867619999999931
0
LINE
8
BLACK
6
CONTINUOUS
10
93.6010289999999969
20
-91.0867619999999931
11
93.5573940000000022
21
-91.0576059999999927
0
LINE
8
BLACK
6
CONTINUOUS
10
93.5573940000000022
20
-91.0576059999999927
11
93.5282380000000018
21
-91.013970999999998
0
LINE
8
BLACK
6
CONTINUOUS
10
93.5282380000000018
20
-91.013970999999998
11
93.5180000000000007
21
-90.9624999999999915
0
LINE
8
BLACK
6
CONTINUOUS
10
93.5180000000000007
20
-90.9624999999999915
11
93.5180000000000007
21
-90.1674999999999898
0
LINE
8
BLACK
6
CONTINUOUS
10
93.5180000000000007
20
-90.1674999999999898
11
93.5282380000000018
21
-90.1160289999999975
0
LINE
8
BLACK
6
CONTINUOUS
10
93.5282380000000018
20
-90.1160289999999975
11
93.5573940000000022
21
-90.0723940000000027
0
LINE
8
BLACK
6
CONTINUOUS
10
93.5573940000000022
20
-90.0723940000000027
11
93.6010289999999969
21
-90.0432380000000023
0
LINE
8
BLACK
6
CONTINUOUS
10
93.6010289999999969
20
-90.0432380000000023
11
93.6524999999999892
21
-90.0330000000000013
0
LINE
8
BLACK
6
CONTINUOUS
10
93.6524999999999892
20
-90.0330000000000013
11
93.8474999999999966
21
-90.0330000000000013
0
LINE
8
BLACK
6
CONTINUOUS
10
93.8474999999999966
20
-90.0330000000000013
11
93.8989709999999889
21
-90.0432380000000023
0
LINE
8
BLACK
6
CONTINUOUS
10
88.0055519999999945
20
-91.0485639999999989
11
88.042049999999989
21
-91.0729499999999916
0
LINE
8
BLACK
6
CONTINUOUS
10
88.042049999999989
20
-91.0729499999999916
11
88.0664359999999959
21
-91.1094480000000004
0
LINE
8
BLACK
6
CONTINUOUS
10
88.0664359999999959
20
-91.1094480000000004
11
88.0750000000000028
21
-91.1524999999999892
0
LINE
8
BLACK
6
CONTINUOUS
10
88.0750000000000028
20
-91.1524999999999892
11
88.0750000000000028
21
-91.3474999999999966
0
LINE
8
BLACK
6
CONTINUOUS
10
88.0750000000000028
20
-91.3474999999999966
11
88.0664359999999959
21
-91.3905519999999996
0
LINE
8
BLACK
6
CONTINUOUS
10
88.0664359999999959
20
-91.3905519999999996
11
88.042049999999989
21
-91.4270499999999942
0
LINE
8
BLACK
6
CONTINUOUS
10
88.042049999999989
20
-91.4270499999999942
11
88.0055519999999945
21
-91.4514360000000011
0
LINE
8
BLACK
6
CONTINUOUS
10
88.0055519999999945
20
-91.4514360000000011
11
87.9624999999999915
21
-91.4599999999999937
0
LINE
8
BLACK
6
CONTINUOUS
10
87.9624999999999915
20
-91.4599999999999937
11
87.1674999999999898
21
-91.4599999999999937
0
LINE
8
BLACK
6
CONTINUOUS
10
87.1674999999999898
20
-91.4599999999999937
11
87.124448000000001
21
-91.4514360000000011
0
LINE
8
BLACK
6
CONTINUOUS
10
87.124448000000001
20
-91.4514360000000011
11
87.0879499999999922
21
-91.4270499999999942
0
LINE
8
BLACK
6
CONTINUOUS
10
87.0879499999999922
20
-91.4270499999999942
11
87.0635639999999995
21
-91.3905519999999996
0
LINE
8
BLACK
6
CONTINUOUS
10
87.0635639999999995
20
-91.3905519999999996
11
87.0549999999999926
21
-91.3474999999999966
0
LINE
8
BLACK
6
CONTINUOUS
10
87.0549999999999926
20
-91.3474999999999966
11
87.0549999999999926
21
-91.1524999999999892
0
LINE
8
BLACK
6
CONTINUOUS
10
87.0549999999999926
20
-91.1524999999999892
11
87.0635639999999995
21
-91.1094480000000004
0
LINE
8
BLACK
6
CONTINUOUS
10
87.0635639999999995
20
-91.1094480000000004
11
87.0879499999999922
21
-91.0729499999999916
0
LINE
8
BLACK
6
CONTINUOUS
10
87.0879499999999922
20
-91.0729499999999916
11
87.124448000000001
21
-91.0485639999999989
0
LINE
8
BLACK
6
CONTINUOUS
10
87.124448000000001
20
-91.0485639999999989
11
87.1674999999999898
21
-91.039999999999992
0
LINE
8
BLACK
6
CONTINUOUS
10
87.1674999999999898
20
-91.039999999999992
11
87.9624999999999915
21
-91.039999999999992
0
LINE
8
BLACK
6
CONTINUOUS
10
87.9624999999999915
20
-91.039999999999992
11
88.0055519999999945
21
-91.0485639999999989
0
LINE
8
BLACK
6
CONTINUOUS
10
88.8989710000000031
20
-90.0432380000000023
11
88.9426059999999978
21
-90.0723940000000027
0
LINE
8
BLACK
6
CONTINUOUS
10
88.9426059999999978
20
-90.0723940000000027
11
88.9717619999999982
21
-90.1160289999999975
0
LINE
8
BLACK
6
CONTINUOUS
10
88.9717619999999982
20
-90.1160289999999975
11
88.9819999999999993
21
-90.1674999999999898
0
LINE
8
BLACK
6
CONTINUOUS
10
88.9819999999999993
20
-90.1674999999999898
11
88.9819999999999993
21
-90.9624999999999915
0
LINE
8
BLACK
6
CONTINUOUS
10
88.9819999999999993
20
-90.9624999999999915
11
88.9717619999999982
21
-91.013970999999998
0
LINE
8
BLACK
6
CONTINUOUS
10
88.9717619999999982
20
-91.013970999999998
11
88.9426059999999978
21
-91.0576059999999927
0
LINE
8
BLACK
6
CONTINUOUS
10
88.9426059999999978
20
-91.0576059999999927
11
88.8989710000000031
21
-91.0867619999999931
0
LINE
8
BLACK
6
CONTINUOUS
10
88.8989710000000031
20
-91.0867619999999931
11
88.8474999999999966
21
-91.0969999999999942
0
LINE
8
BLACK
6
CONTINUOUS
10
88.8474999999999966
20
-91.0969999999999942
11
88.6524999999999892
21
-91.0969999999999942
0
LINE
8
BLACK
6
CONTINUOUS
10
88.6524999999999892
20
-91.0969999999999942
11
88.6010289999999969
21
-91.0867619999999931
0
LINE
8
BLACK
6
CONTINUOUS
10
88.6010289999999969
20
-91.0867619999999931
11
88.5573940000000022
21
-91.0576059999999927
0
LINE
8
BLACK
6
CONTINUOUS
10
88.5573940000000022
20
-91.0576059999999927
11
88.5282380000000018
21
-91.013970999999998
0
LINE
8
BLACK
6
CONTINUOUS
10
88.5282380000000018
20
-91.013970999999998
11
88.5180000000000007
21
-90.9624999999999915
0
LINE
8
BLACK
6
CONTINUOUS
10
88.5180000000000007
20
-90.9624999999999915
11
88.5180000000000007
21
-90.1674999999999898
0
LINE
8
BLACK
6
CONTINUOUS
10
88.5180000000000007
20
-90.1674999999999898
11
88.5282380000000018
21
-90.1160289999999975
0
LINE
8
BLACK
6
CONTINUOUS
10
88.5282380000000018
20
-90.1160289999999975
11
88.5573940000000022
21
-90.0723940000000027
0
LINE
8
BLACK
6
CONTINUOUS
10
88.5573940000000022
20
-90.0723940000000027
11
88.6010289999999969
21
-90.0432380000000023
0
LINE
8
BLACK
6
CONTINUOUS
10
88.6010289999999969
20
-90.0432380000000023
11
88.6524999999999892
21
-90.0330000000000013
0
LINE
8
BLACK
6
CONTINUOUS
10
88.6524999999999892
20
-90.0330000000000013
11
88.8474999999999966
21
-90.0330000000000013
0
LINE
8
BLACK
6
CONTINUOUS
10
88.8474999999999966
20
-90.0330000000000013
11
88.8989710000000031
21
-90.0432380000000023
0
LINE
8
BLACK
6
CONTINUOUS
10
89.3989709999999889
20
-90.0432380000000023
11
89.4426059999999978
21
-90.0723940000000027
0
LINE
8
BLACK
6
CONTINUOUS
10
89.4426059999999978
20
-90.0723940000000027
11
89.4717619999999982
21
-90.1160289999999975
0
LINE
8
BLACK
6
CONTINUOUS
10
89.4717619999999982
20
-90.1160289999999975
11
89.4819999999999993
21
-90.1674999999999898
0
LINE
8
BLACK
6
CONTINUOUS
10
89.4819999999999993
20
-90.1674999999999898
11
89.4819999999999993
21
-90.9624999999999915
0
LINE
8
BLACK
6
CONTINUOUS
10
89.4819999999999993
20
-90.9624999999999915
11
89.4717619999999982
21
-91.013970999999998
0
LINE
8
BLACK
6
CONTINUOUS
10
89.4717619999999982
20
-91.013970999999998
11
89.4426059999999978
21
-91.0576059999999927
0
LINE
8
BLACK
6
CONTINUOUS
10
89.4426059999999978
20
-91.0576059999999927
11
89.3989709999999889
21
-91.0867619999999931
0
LINE
8
BLACK
6
CONTINUOUS
10
89.3989709999999889
20
-91.0867619999999931
11
89.3474999999999966
21
-91.0969999999999942
0
LINE
8
BLACK
6
CONTINUOUS
10
89.3474999999999966
20
-91.0969999999999942
11
89.1524999999999892
21
-91.0969999999999942
0
LINE
8
BLACK
6
CONTINUOUS
10
89.1524999999999892
20
-91.0969999999999942
11
89.1010289999999969
21
-91.0867619999999931
0
LINE
8
BLACK
6
CONTINUOUS
10
89.1010289999999969
20
-91.0867619999999931
11
89.0573940000000022
21
-91.0576059999999927
0
LINE
8
BLACK
6
CONTINUOUS
10
89.0573940000000022
20
-91.0576059999999927
11
89.0282380000000018
21
-91.013970999999998
0
LINE
8
BLACK
6
CONTINUOUS
10
89.0282380000000018
20
-91.013970999999998
11
89.0180000000000007
21
-90.9624999999999915
0
LINE
8
BLACK
6
CONTINUOUS
10
89.0180000000000007
20
-90.9624999999999915
11
89.0180000000000007
21
-90.1674999999999898
0
LINE
8
BLACK
6
CONTINUOUS
10
89.0180000000000007
20
-90.1674999999999898
11
89.0282380000000018
21
-90.1160289999999975
0
LINE
8
BLACK
6
CONTINUOUS
10
89.0282380000000018
20
-90.1160289999999975
11
89.0573940000000022
21
-90.0723940000000027
0
LINE
8
BLACK
6
CONTINUOUS
10
89.0573940000000022
20
-90.0723940000000027
11
89.1010289999999969
21
-90.0432380000000023
0
LINE
8
BLACK
6
CONTINUOUS
10
89.1010289999999969
20
-90.0432380000000023
11
89.1524999999999892
21
-90.0330000000000013
0
LINE
8
BLACK
6
CONTINUOUS
10
89.1524999999999892
20
-90.0330000000000013
11
89.3474999999999966
21
-90.0330000000000013
0
LINE
8
BLACK
6
CONTINUOUS
10
89.3474999999999966
20
-90.0330000000000013
11
89.3989709999999889
21
-90.0432380000000023
0
LINE
8
BLACK
6
CONTINUOUS
10
89.8989709999999889
20
-90.0432380000000023
11
89.9426059999999978
21
-90.0723940000000027
0
LINE
8
BLACK
6
CONTINUOUS
10
89.9426059999999978
20
-90.0723940000000027
11
89.9717619999999982
21
-90.1160289999999975
0
LINE
8
BLACK
6
CONTINUOUS
10
89.9717619999999982
20
-90.1160289999999975
11
89.9819999999999993
21
-90.1674999999999898
0
LINE
8
BLACK
6
CONTINUOUS
10
89.9819999999999993
20
-90.1674999999999898
11
89.9819999999999993
21
-90.9624999999999915
0
LINE
8
BLACK
6
CONTINUOUS
10
89.9819999999999993
20
-90.9624999999999915
11
89.9717619999999982
21
-91.013970999999998
0
LINE
8
BLACK
6
CONTINUOUS
10
89.9717619999999982
20
-91.013970999999998
11
89.9426059999999978
21
-91.0576059999999927
0
LINE
8
BLACK
6
CONTINUOUS
10
89.9426059999999978
20
-91.0576059999999927
11
89.8989709999999889
21
-91.0867619999999931
0
LINE
8
BLACK
6
CONTINUOUS
10
89.8989709999999889
20
-91.0867619999999931
11
89.8474999999999966
21
-91.0969999999999942
0
LINE
8
BLACK
6
CONTINUOUS
10
89.8474999999999966
20
-91.0969999999999942
11
89.6524999999999892
21
-91.0969999999999942
0
LINE
8
BLACK
6
CONTINUOUS
10
89.6524999999999892
20
-91.0969999999999942
11
89.6010289999999969
21
-91.0867619999999931
0
LINE
8
BLACK
6
CONTINUOUS
10
89.6010289999999969
20
-91.0867619999999931
11
89.5573940000000022
21
-91.0576059999999927
0
LINE
8
BLACK
6
CONTINUOUS
10
89.5573940000000022
20
-91.0576059999999927
11
89.5282380000000018
21
-91.013970999999998
0
LINE
8
BLACK
6
CONTINUOUS
10
89.5282380000000018
20
-91.013970999999998
11
89.5180000000000007
21
-90.9624999999999915
0
LINE
8
BLACK
6
CONTINUOUS
10
89.5180000000000007
20
-90.9624999999999915
11
89.5180000000000007
21
-90.1674999999999898
0
LINE
8
BLACK
6
CONTINUOUS
10
89.5180000000000007
20
-90.1674999999999898
11
89.5282380000000018
21
-90.1160289999999975
0
LINE
8
BLACK
6
CONTINUOUS
10
89.5282380000000018
20
-90.1160289999999975
11
89.5573940000000022
21
-90.0723940000000027
0
LINE
8
BLACK
6
CONTINUOUS
10
89.5573940000000022
20
-90.0723940000000027
11
89.6010289999999969
21
-90.0432380000000023
0
LINE
8
BLACK
6
CONTINUOUS
10
89.6010289999999969
20
-90.0432380000000023
11
89.6524999999999892
21
-90.0330000000000013
0
LINE
8
BLACK
6
CONTINUOUS
10
89.6524999999999892
20
-90.0330000000000013
11
89.8474999999999966
21
-90.0330000000000013
0
LINE
8
BLACK
6
CONTINUOUS
10
89.8474999999999966
20
-90.0330000000000013
11
89.8989709999999889
21
-90.0432380000000023
0
LINE
8
BLACK
6
CONTINUOUS
10
90.3989709999999889
20
-90.0432380000000023
11
90.4426059999999978
21
-90.0723940000000027
0
LINE
8
BLACK
6
CONTINUOUS
10
90.4426059999999978
20
-90.0723940000000027
11
90.4717619999999982
21
-90.1160289999999975
0
LINE
8
BLACK
6
CONTINUOUS
10
90.4717619999999982
20
-90.1160289999999975
11
90.4819999999999993
21
-90.1674999999999898
0
LINE
8
BLACK
6
CONTINUOUS
10
90.4819999999999993
20
-90.1674999999999898
11
90.4819999999999993
21
-90.9624999999999915
0
LINE
8
BLACK
6
CONTINUOUS
10
90.4819999999999993
20
-90.9624999999999915
11
90.4717619999999982
21
-91.013970999999998
0
LINE
8
BLACK
6
CONTINUOUS
10
90.4717619999999982
20
-91.013970999999998
11
90.4426059999999978
21
-91.0576059999999927
0
LINE
8
BLACK
6
CONTINUOUS
10
90.4426059999999978
20
-91.0576059999999927
11
90.3989709999999889
21
-91.0867619999999931
0
LINE
8
BLACK
6
CONTINUOUS
10
90.3989709999999889
20
-91.0867619999999931
11
90.3474999999999966
21
-91.0969999999999942
0
LINE
8
BLACK
6
CONTINUOUS
10
90.3474999999999966
20
-91.0969999999999942
11
90.1524999999999892
21
-91.0969999999999942
0
LINE
8
BLACK
6
CONTINUOUS
10
90.1524999999999892
20
-91.0969999999999942
11
90.1010289999999969
21
-91.0867619999999931
0
LINE
8
BLACK
6
CONTINUOUS
10
90.1010289999999969
20
-91.0867619999999931
11
90.0573940000000022
21
-91.0576059999999927
0
LINE
8
BLACK
6
CONTINUOUS
10
90.0573940000000022
20
-91.0576059999999927
11
90.0282380000000018
21
-91.013970999999998
0
LINE
8
BLACK
6
CONTINUOUS
10
90.0282380000000018
20
-91.013970999999998
11
90.0180000000000007
21
-90.9624999999999915
0
LINE
8
BLACK
6
CONTINUOUS
10
90.0180000000000007
20
-90.9624999999999915
11
90.0180000000000007
21
-90.1674999999999898
0
LINE
8
BLACK
6
CONTINUOUS
10
90.0180000000000007
20
-90.1674999999999898
11
90.0282380000000018
21
-90.1160289999999975
0
LINE
8
BLACK
6
CONTINUOUS
10
90.0282380000000018
20
-90.1160289999999975
11
90.0573940000000022
21
-90.0723940000000027
0
LINE
8
BLACK
6
CONTINUOUS
10
90.0573940000000022
20
-90.0723940000000027
11
90.1010289999999969
21
-90.0432380000000023
0
LINE
8
BLACK
6
CONTINUOUS
10
90.1010289999999969
20
-90.0432380000000023
11
90.1524999999999892
21
-90.0330000000000013
0
LINE
8
BLACK
6
CONTINUOUS
10
90.1524999999999892
20
-90.0330000000000013
11
90.3474999999999966
21
-90.0330000000000013
0
LINE
8
BLACK
6
CONTINUOUS
10
90.3474999999999966
20
-90.0330000000000013
11
90.3989709999999889
21
-90.0432380000000023
0
LINE
8
BLACK
6
CONTINUOUS
10
90.8989709999999889
20
-90.0432380000000023
11
90.9426059999999978
21
-90.0723940000000027
0
LINE
8
BLACK
6
CONTINUOUS
10
90.9426059999999978
20
-90.0723940000000027
11
90.9717619999999982
21
-90.1160289999999975
0
LINE
8
BLACK
6
CONTINUOUS
10
90.9717619999999982
20
-90.1160289999999975
11
90.9819999999999993
21
-90.1674999999999898
0
LINE
8
BLACK
6
CONTINUOUS
10
90.9819999999999993
20
-90.1674999999999898
11
90.9819999999999993
21
-90.9624999999999915
0
LINE
8
BLACK
6
CONTINUOUS
10
90.9819999999999993
20
-90.9624999999999915
11
90.9717619999999982
21
-91.013970999999998
0
LINE
8
BLACK
6
CONTINUOUS
10
90.9717619999999982
20
-91.013970999999998
11
90.9426059999999978
21
-91.0576059999999927
0
LINE
8
BLACK
6
CONTINUOUS
10
90.9426059999999978
20
-91.0576059999999927
11
90.8989709999999889
21
-91.0867619999999931
0
LINE
8
BLACK
6
CONTINUOUS
10
90.8989709999999889
20
-91.0867619999999931
11
90.8474999999999966
21
-91.0969999999999942
0
LINE
8
BLACK
6
CONTINUOUS
10
90.8474999999999966
20
-91.0969999999999942
11
90.6524999999999892
21
-91.0969999999999942
0
LINE
8
BLACK
6
CONTINUOUS
10
90.6524999999999892
20
-91.0969999999999942
11
90.6010289999999969
21
-91.0867619999999931
0
LINE
8
BLACK
6
CONTINUOUS
10
90.6010289999999969
20
-91.0867619999999931
11
90.5573940000000022
21
-91.0576059999999927
0
LINE
8
BLACK
6
CONTINUOUS
10
90.5573940000000022
20
-91.0576059999999927
11
90.5282380000000018
21
-91.013970999999998
0
LINE
8
BLACK
6
CONTINUOUS
10
90.5282380000000018
20
-91.013970999999998
11
90.5180000000000007
21
-90.9624999999999915
0
LINE
8
BLACK
6
CONTINUOUS
10
90.5180000000000007
20
-90.9624999999999915
11
90.5180000000000007
21
-90.1674999999999898
0
LINE
8
BLACK
6
CONTINUOUS
10
90.5180000000000007
20
-90.1674999999999898
11
90.5282380000000018
21
-90.1160289999999975
0
LINE
8
BLACK
6
CONTINUOUS
10
90.5282380000000018
20
-90.1160289999999975
11
90.5573940000000022
21
-90.0723940000000027
0
LINE
8
BLACK
6
CONTINUOUS
10
90.5573940000000022
20
-90.0723940000000027
11
90.6010289999999969
21
-90.0432380000000023
0
LINE
8
BLACK
6
CONTINUOUS
10
90.6010289999999969
20
-90.0432380000000023
11
90.6524999999999892
21
-90.0330000000000013
0
LINE
8
BLACK
6
CONTINUOUS
10
90.6524999999999892
20
-90.0330000000000013
11
90.8474999999999966
21
-90.0330000000000013
0
LINE
8
BLACK
6
CONTINUOUS
10
90.8474999999999966
20
-90.0330000000000013
11
90.8989709999999889
21
-90.0432380000000023
0
LINE
8
BLACK
6
CONTINUOUS
10
91.3989709999999889
20
-90.0432380000000023
11
91.4426059999999978
21
-90.0723940000000027
0
LINE
8
BLACK
6
CONTINUOUS
10
91.4426059999999978
20
-90.0723940000000027
11
91.4717619999999982
21
-90.1160289999999975
0
LINE
8
BLACK
6
CONTINUOUS
10
91.4717619999999982
20
-90.1160289999999975
11
91.4819999999999993
21
-90.1674999999999898
0
LINE
8
BLACK
6
CONTINUOUS
10
91.4819999999999993
20
-90.1674999999999898
11
91.4819999999999993
21
-90.9624999999999915
0
LINE
8
BLACK
6
CONTINUOUS
10
91.4819999999999993
20
-90.9624999999999915
11
91.4717619999999982
21
-91.013970999999998
0
LINE
8
BLACK
6
CONTINUOUS
10
91.4717619999999982
20
-91.013970999999998
11
91.4426059999999978
21
-91.0576059999999927
0
LINE
8
BLACK
6
CONTINUOUS
10
91.4426059999999978
20
-91.0576059999999927
11
91.3989709999999889
21
-91.0867619999999931
0
LINE
8
BLACK
6
CONTINUOUS
10
91.3989709999999889
20
-91.0867619999999931
11
91.3474999999999966
21
-91.0969999999999942
0
LINE
8
BLACK
6
CONTINUOUS
10
91.3474999999999966
20
-91.0969999999999942
11
91.1524999999999892
21
-91.0969999999999942
0
LINE
8
BLACK
6
CONTINUOUS
10
91.1524999999999892
20
-91.0969999999999942
11
91.1010289999999969
21
-91.0867619999999931
0
LINE
8
BLACK
6
CONTINUOUS
10
91.1010289999999969
20
-91.0867619999999931
11
91.0573940000000022
21
-91.0576059999999927
0
LINE
8
BLACK
6
CONTINUOUS
10
91.0573940000000022
20
-91.0576059999999927
11
91.0282380000000018
21
-91.013970999999998
0
LINE
8
BLACK
6
CONTINUOUS
10
91.0282380000000018
20
-91.013970999999998
11
91.0180000000000007
21
-90.9624999999999915
0
LINE
8
BLACK
6
CONTINUOUS
10
91.0180000000000007
20
-90.9624999999999915
11
91.0180000000000007
21
-90.1674999999999898
0
LINE
8
BLACK
6
CONTINUOUS
10
91.0180000000000007
20
-90.1674999999999898
11
91.0282380000000018
21
-90.1160289999999975
0
LINE
8
BLACK
6
CONTINUOUS
10
91.0282380000000018
20
-90.1160289999999975
11
91.0573940000000022
21
-90.0723940000000027
0
LINE
8
BLACK
6
CONTINUOUS
10
91.0573940000000022
20
-90.0723940000000027
11
91.1010289999999969
21
-90.0432380000000023
0
LINE
8
BLACK
6
CONTINUOUS
10
91.1010289999999969
20
-90.0432380000000023
11
91.1524999999999892
21
-90.0330000000000013
0
LINE
8
BLACK
6
CONTINUOUS
10
91.1524999999999892
20
-90.0330000000000013
11
91.3474999999999966
21
-90.0330000000000013
0
LINE
8
BLACK
6
CONTINUOUS
10
91.3474999999999966
20
-90.0330000000000013
11
91.3989709999999889
21
-90.0432380000000023
0
LINE
8
BLACK
6
CONTINUOUS
10
91.8989709999999889
20
-90.0432380000000023
11
91.9426059999999978
21
-90.0723940000000027
0
LINE
8
BLACK
6
CONTINUOUS
10
91.9426059999999978
20
-90.0723940000000027
11
91.9717619999999982
21
-90.1160289999999975
0
LINE
8
BLACK
6
CONTINUOUS
10
91.9717619999999982
20
-90.1160289999999975
11
91.9819999999999993
21
-90.1674999999999898
0
LINE
8
BLACK
6
CONTINUOUS
10
91.9819999999999993
20
-90.1674999999999898
11
91.9819999999999993
21
-90.9624999999999915
0
LINE
8
BLACK
6
CONTINUOUS
10
91.9819999999999993
20
-90.9624999999999915
11
91.9717619999999982
21
-91.013970999999998
0
LINE
8
BLACK
6
CONTINUOUS
10
91.9717619999999982
20
-91.013970999999998
11
91.9426059999999978
21
-91.0576059999999927
0
LINE
8
BLACK
6
CONTINUOUS
10
91.9426059999999978
20
-91.0576059999999927
11
91.8989709999999889
21
-91.0867619999999931
0
LINE
8
BLACK
6
CONTINUOUS
10
91.8989709999999889
20
-91.0867619999999931
11
91.8474999999999966
21
-91.0969999999999942
0
LINE
8
BLACK
6
CONTINUOUS
10
91.8474999999999966
20
-91.0969999999999942
11
91.6524999999999892
21
-91.0969999999999942
0
LINE
8
BLACK
6
CONTINUOUS
10
91.6524999999999892
20
-91.0969999999999942
11
91.6010289999999969
21
-91.0867619999999931
0
LINE
8
BLACK
6
CONTINUOUS
10
91.6010289999999969
20
-91.0867619999999931
11
91.5573940000000022
21
-91.0576059999999927
0
LINE
8
BLACK
6
CONTINUOUS
10
91.5573940000000022
20
-91.0576059999999927
11
91.5282380000000018
21
-91.013970999999998
0
LINE
8
BLACK
6
CONTINUOUS
10
91.5282380000000018
20
-91.013970999999998
11
91.5180000000000007
21
-90.9624999999999915
0
LINE
8
BLACK
6
CONTINUOUS
10
91.5180000000000007
20
-90.9624999999999915
11
91.5180000000000007
21
-90.1674999999999898
0
LINE
8
BLACK
6
CONTINUOUS
10
91.5180000000000007
20
-90.1674999999999898
11
91.5282380000000018
21
-90.1160289999999975
0
LINE
8
BLACK
6
CONTINUOUS
10
91.5282380000000018
20
-90.1160289999999975
11
91.5573940000000022
21
-90.0723940000000027
0
LINE
8
BLACK
6
CONTINUOUS
10
91.5573940000000022
20
-90.0723940000000027
11
91.6010289999999969
21
-90.0432380000000023
0
LINE
8
BLACK
6
CONTINUOUS
10
91.6010289999999969
20
-90.0432380000000023
11
91.6524999999999892
21
-90.0330000000000013
0
LINE
8
BLACK
6
CONTINUOUS
10
91.6524999999999892
20
-90.0330000000000013
11
91.8474999999999966
21
-90.0330000000000013
0
LINE
8
BLACK
6
CONTINUOUS
10
91.8474999999999966
20
-90.0330000000000013
11
91.8989709999999889
21
-90.0432380000000023
0
LINE
8
BLACK
6
CONTINUOUS
10
92.3989709999999889
20
-90.0432380000000023
11
92.4426059999999978
21
-90.0723940000000027
0
LINE
8
BLACK
6
CONTINUOUS
10
92.4426059999999978
20
-90.0723940000000027
11
92.4717619999999982
21
-90.1160289999999975
0
LINE
8
BLACK
6
CONTINUOUS
10
92.4717619999999982
20
-90.1160289999999975
11
92.4819999999999993
21
-90.1674999999999898
0
LINE
8
BLACK
6
CONTINUOUS
10
92.4819999999999993
20
-90.1674999999999898
11
92.4819999999999993
21
-90.9624999999999915
0
LINE
8
BLACK
6
CONTINUOUS
10
92.4819999999999993
20
-90.9624999999999915
11
92.4717619999999982
21
-91.013970999999998
0
LINE
8
BLACK
6
CONTINUOUS
10
92.4717619999999982
20
-91.013970999999998
11
92.4426059999999978
21
-91.0576059999999927
0
LINE
8
BLACK
6
CONTINUOUS
10
92.4426059999999978
20
-91.0576059999999927
11
92.3989709999999889
21
-91.0867619999999931
0
LINE
8
BLACK
6
CONTINUOUS
10
92.3989709999999889
20
-91.0867619999999931
11
92.3474999999999966
21
-91.0969999999999942
0
LINE
8
BLACK
6
CONTINUOUS
10
92.3474999999999966
20
-91.0969999999999942
11
92.1524999999999892
21
-91.0969999999999942
0
LINE
8
BLACK
6
CONTINUOUS
10
92.1524999999999892
20
-91.0969999999999942
11
92.1010289999999969
21
-91.0867619999999931
0
LINE
8
BLACK
6
CONTINUOUS
10
92.1010289999999969
20
-91.0867619999999931
11
92.0573940000000022
21
-91.0576059999999927
0
LINE
8
BLACK
6
CONTINUOUS
10
92.0573940000000022
20
-91.0576059999999927
11
92.0282380000000018
21
-91.013970999999998
0
LINE
8
BLACK
6
CONTINUOUS
10
92.0282380000000018
20
-91.013970999999998
11
92.0180000000000007
21
-90.9624999999999915
0
LINE
8
BLACK
6
CONTINUOUS
10
92.0180000000000007
20
-90.9624999999999915
11
92.0180000000000007
21
-90.1674999999999898
0
LINE
8
BLACK
6
CONTINUOUS
10
92.0180000000000007
20
-90.1674999999999898
11
92.0282380000000018
21
-90.1160289999999975
0
LINE
8
BLACK
6
CONTINUOUS
10
92.0282380000000018
20
-90.1160289999999975
11
92.0573940000000022
21
-90.0723940000000027
0
LINE
8
BLACK
6
CONTINUOUS
10
92.0573940000000022
20
-90.0723940000000027
11
92.1010289999999969
21
-90.0432380000000023
0
LINE
8
BLACK
6
CONTINUOUS
10
92.1010289999999969
20
-90.0432380000000023
11
92.1524999999999892
21
-90.0330000000000013
0
LINE
8
BLACK
6
CONTINUOUS
10
92.1524999999999892
20
-90.0330000000000013
11
92.3474999999999966
21
-90.0330000000000013
0
LINE
8
BLACK
6
CONTINUOUS
10
92.3474999999999966
20
-90.0330000000000013
11
92.3989709999999889
21
-90.0432380000000023
0
LINE
8
BLACK
6
CONTINUOUS
10
92.8989709999999889
20
-90.0432380000000023
11
92.9426059999999978
21
-90.0723940000000027
0
LINE
8
BLACK
6
CONTINUOUS
10
92.9426059999999978
20
-90.0723940000000027
11
92.9717619999999982
21
-90.1160289999999975
0
LINE
8
BLACK
6
CONTINUOUS
10
92.9717619999999982
20
-90.1160289999999975
11
92.9819999999999993
21
-90.1674999999999898
0
LINE
8
BLACK
6
CONTINUOUS
10
92.9819999999999993
20
-90.1674999999999898
11
92.9819999999999993
21
-90.9624999999999915
0
LINE
8
BLACK
6
CONTINUOUS
10
92.9819999999999993
20
-90.9624999999999915
11
92.9717619999999982
21
-91.013970999999998
0
LINE
8
BLACK
6
CONTINUOUS
10
92.9717619999999982
20
-91.013970999999998
11
92.9426059999999978
21
-91.0576059999999927
0
LINE
8
BLACK
6
CONTINUOUS
10
92.9426059999999978
20
-91.0576059999999927
11
92.8989709999999889
21
-91.0867619999999931
0
LINE
8
BLACK
6
CONTINUOUS
10
92.8989709999999889
20
-91.0867619999999931
11
92.8474999999999966
21
-91.0969999999999942
0
LINE
8
BLACK
6
CONTINUOUS
10
92.8474999999999966
20
-91.0969999999999942
11
92.6524999999999892
21
-91.0969999999999942
0
LINE
8
BLACK
6
CONTINUOUS
10
92.6524999999999892
20
-91.0969999999999942
11
92.6010289999999969
21
-91.0867619999999931
0
LINE
8
BLACK
6
CONTINUOUS
10
92.6010289999999969
20
-91.0867619999999931
11
92.5573940000000022
21
-91.0576059999999927
0
LINE
8
BLACK
6
CONTINUOUS
10
92.5573940000000022
20
-91.0576059999999927
11
92.5282380000000018
21
-91.013970999999998
0
LINE
8
BLACK
6
CONTINUOUS
10
92.5282380000000018
20
-91.013970999999998
11
92.5180000000000007
21
-90.9624999999999915
0
LINE
8
BLACK
6
CONTINUOUS
10
92.5180000000000007
20
-90.9624999999999915
11
92.5180000000000007
21
-90.1674999999999898
0
LINE
8
BLACK
6
CONTINUOUS
10
92.5180000000000007
20
-90.1674999999999898
11
92.5282380000000018
21
-90.1160289999999975
0
LINE
8
BLACK
6
CONTINUOUS
10
92.5282380000000018
20
-90.1160289999999975
11
92.5573940000000022
21
-90.0723940000000027
0
LINE
8
BLACK
6
CONTINUOUS
10
92.5573940000000022
20
-90.0723940000000027
11
92.6010289999999969
21
-90.0432380000000023
0
LINE
8
BLACK
6
CONTINUOUS
10
92.6010289999999969
20
-90.0432380000000023
11
92.6524999999999892
21
-90.0330000000000013
0
LINE
8
BLACK
6
CONTINUOUS
10
92.6524999999999892
20
-90.0330000000000013
11
92.8474999999999966
21
-90.0330000000000013
0
LINE
8
BLACK
6
CONTINUOUS
10
92.8474999999999966
20
-90.0330000000000013
11
92.8989709999999889
21
-90.0432380000000023
0
LINE
8
BLACK
6
CONTINUOUS
10
93.3989709999999889
20
-90.0432380000000023
11
93.4426059999999978
21
-90.0723940000000027
0
LINE
8
BLACK
6
CONTINUOUS
10
93.4426059999999978
20
-90.0723940000000027
11
93.4717619999999982
21
-90.1160289999999975
0
LINE
8
BLACK
6
CONTINUOUS
10
93.4717619999999982
20
-90.1160289999999975
11
93.4819999999999993
21
-90.1674999999999898
0
LINE
8
BLACK
6
CONTINUOUS
10
93.4819999999999993
20
-90.1674999999999898
11
93.4819999999999993
21
-90.9624999999999915
0
LINE
8
BLACK
6
CONTINUOUS
10
93.4819999999999993
20
-90.9624999999999915
11
93.4717619999999982
21
-91.013970999999998
0
LINE
8
BLACK
6
CONTINUOUS
10
93.4717619999999982
20
-91.013970999999998
11
93.4426059999999978
21
-91.0576059999999927
0
LINE
8
BLACK
6
CONTINUOUS
10
93.4426059999999978
20
-91.0576059999999927
11
93.3989709999999889
21
-91.0867619999999931
0
LINE
8
BLACK
6
CONTINUOUS
10
93.3989709999999889
20
-91.0867619999999931
11
93.3474999999999966
21
-91.0969999999999942
0
LINE
8
BLACK
6
CONTINUOUS
10
93.3474999999999966
20
-91.0969999999999942
11
93.1524999999999892
21
-91.0969999999999942
0
LINE
8
BLACK
6
CONTINUOUS
10
93.1524999999999892
20
-91.0969999999999942
11
93.1010289999999969
21
-91.0867619999999931
0
LINE
8
BLACK
6
CONTINUOUS
10
93.1010289999999969
20
-91.0867619999999931
11
93.0573940000000022
21
-91.0576059999999927
0
LINE
8
BLACK
6
CONTINUOUS
10
93.0573940000000022
20
-91.0576059999999927
11
93.0282380000000018
21
-91.013970999999998
0
LINE
8
BLACK
6
CONTINUOUS
10
93.0282380000000018
20
-91.013970999999998
11
93.0180000000000007
21
-90.9624999999999915
0
LINE
8
BLACK
6
CONTINUOUS
10
93.0180000000000007
20
-90.9624999999999915
11
93.0180000000000007
21
-90.1674999999999898
0
LINE
8
BLACK
6
CONTINUOUS
10
93.0180000000000007
20
-90.1674999999999898
11
93.0282380000000018
21
-90.1160289999999975
0
LINE
8
BLACK
6
CONTINUOUS
10
93.0282380000000018
20
-90.1160289999999975
11
93.0573940000000022
21
-90.0723940000000027
0
LINE
8
BLACK
6
CONTINUOUS
10
93.0573940000000022
20
-90.0723940000000027
11
93.1010289999999969
21
-90.0432380000000023
0
LINE
8
BLACK
6
CONTINUOUS
10
93.1010289999999969
20
-90.0432380000000023
11
93.1524999999999892
21
-90.0330000000000013
0
LINE
8
BLACK
6
CONTINUOUS
10
93.1524999999999892
20
-90.0330000000000013
11
93.3474999999999966
21
-90.0330000000000013
0
LINE
8
BLACK
6
CONTINUOUS
10
93.3474999999999966
20
-90.0330000000000013
11
93.3989709999999889
21
-90.0432380000000023
0
LINE
8
BLACK
6
CONTINUOUS
10
88.3905519999999996
20
-90.0635639999999995
11
88.4270499999999942
21
-90.0879499999999922
0
LINE
8
BLACK
6
CONTINUOUS
10
88.4270499999999942
20
-90.0879499999999922
11
88.4514360000000011
21
-90.124448000000001
0
LINE
8
BLACK
6
CONTINUOUS
10
88.4514360000000011
20
-90.124448000000001
11
88.4599999999999937
21
-90.1674999999999898
0
LINE
8
BLACK
6
CONTINUOUS
10
88.4599999999999937
20
-90.1674999999999898
11
88.4599999999999937
21
-90.9624999999999915
0
LINE
8
BLACK
6
CONTINUOUS
10
88.4599999999999937
20
-90.9624999999999915
11
88.4514360000000011
21
-91.0055519999999945
0
LINE
8
BLACK
6
CONTINUOUS
10
88.4514360000000011
20
-91.0055519999999945
11
88.4270499999999942
21
-91.042049999999989
0
LINE
8
BLACK
6
CONTINUOUS
10
88.4270499999999942
20
-91.042049999999989
11
88.3905519999999996
21
-91.0664359999999959
0
LINE
8
BLACK
6
CONTINUOUS
10
88.3905519999999996
20
-91.0664359999999959
11
88.3474999999999966
21
-91.0750000000000028
0
LINE
8
BLACK
6
CONTINUOUS
10
88.3474999999999966
20
-91.0750000000000028
11
88.1524999999999892
21
-91.0750000000000028
0
LINE
8
BLACK
6
CONTINUOUS
10
88.1524999999999892
20
-91.0750000000000028
11
88.1094480000000004
21
-91.0664359999999959
0
LINE
8
BLACK
6
CONTINUOUS
10
88.1094480000000004
20
-91.0664359999999959
11
88.0729499999999916
21
-91.042049999999989
0
LINE
8
BLACK
6
CONTINUOUS
10
88.0729499999999916
20
-91.042049999999989
11
88.0485639999999989
21
-91.0055519999999945
0
LINE
8
BLACK
6
CONTINUOUS
10
88.0485639999999989
20
-91.0055519999999945
11
88.039999999999992
21
-90.9624999999999915
0
LINE
8
BLACK
6
CONTINUOUS
10
88.039999999999992
20
-90.9624999999999915
11
88.039999999999992
21
-90.1674999999999898
0
LINE
8
BLACK
6
CONTINUOUS
10
88.039999999999992
20
-90.1674999999999898
11
88.0485639999999989
21
-90.124448000000001
0
LINE
8
BLACK
6
CONTINUOUS
10
88.0485639999999989
20
-90.124448000000001
11
88.0729499999999916
21
-90.0879499999999922
0
LINE
8
BLACK
6
CONTINUOUS
10
88.0729499999999916
20
-90.0879499999999922
11
88.1094480000000004
21
-90.0635639999999995
0
LINE
8
BLACK
6
CONTINUOUS
10
88.1094480000000004
20
-90.0635639999999995
11
88.1524999999999892
21
-90.0549999999999926
0
LINE
8
BLACK
6
CONTINUOUS
10
88.1524999999999892
20
-90.0549999999999926
11
88.3474999999999966
21
-90.0549999999999926
0
LINE
8
BLACK
6
CONTINUOUS
10
88.3474999999999966
20
-90.0549999999999926
11
88.3905519999999996
21
-90.0635639999999995
0
LINE
8
BLACK
6
CONTINUOUS
10
50.4626400000000004
20
-89.6073509999999942
11
50.558723999999998
21
-89.662824999999998
0
LINE
8
BLACK
6
CONTINUOUS
10
50.558723999999998
20
-89.662824999999998
11
50.6371749999999992
21
-89.7412759999999992
0
LINE
8
BLACK
6
CONTINUOUS
10
50.6371749999999992
20
-89.7412759999999992
11
50.6926489999999959
21
-89.8373599999999897
0
LINE
8
BLACK
6
CONTINUOUS
10
50.6926489999999959
20
-89.8373599999999897
11
50.7213640000000012
21
-89.9445259999999962
0
LINE
8
BLACK
6
CONTINUOUS
10
50.7213640000000012
20
-89.9445259999999962
11
50.7213640000000012
21
-90.0554739999999896
0
LINE
8
BLACK
6
CONTINUOUS
10
50.7213640000000012
20
-90.0554739999999896
11
50.6926489999999959
21
-90.1626399999999961
0
LINE
8
BLACK
6
CONTINUOUS
10
50.6926489999999959
20
-90.1626399999999961
11
50.6371749999999992
21
-90.2587240000000008
0
LINE
8
BLACK
6
CONTINUOUS
10
50.6371749999999992
20
-90.2587240000000008
11
50.558723999999998
21
-90.337175000000002
0
LINE
8
BLACK
6
CONTINUOUS
10
50.558723999999998
20
-90.337175000000002
11
50.4626400000000004
21
-90.3926489999999916
0
LINE
8
BLACK
6
CONTINUOUS
10
50.4626400000000004
20
-90.3926489999999916
11
50.355474000000001
21
-90.421363999999997
0
LINE
8
BLACK
6
CONTINUOUS
10
50.355474000000001
20
-90.421363999999997
11
50.2445260000000005
21
-90.421363999999997
0
LINE
8
BLACK
6
CONTINUOUS
10
50.2445260000000005
20
-90.421363999999997
11
50.137360000000001
21
-90.3926489999999916
0
LINE
8
BLACK
6
CONTINUOUS
10
50.137360000000001
20
-90.3926489999999916
11
50.0412759999999963
21
-90.337175000000002
0
LINE
8
BLACK
6
CONTINUOUS
10
50.0412759999999963
20
-90.337175000000002
11
49.9628249999999952
21
-90.2587240000000008
0
LINE
8
BLACK
6
CONTINUOUS
10
49.9628249999999952
20
-90.2587240000000008
11
49.9073509999999985
21
-90.1626399999999961
0
LINE
8
BLACK
6
CONTINUOUS
10
49.9073509999999985
20
-90.1626399999999961
11
49.8786360000000002
21
-90.0554739999999896
0
LINE
8
BLACK
6
CONTINUOUS
10
49.8786360000000002
20
-90.0554739999999896
11
49.8786360000000002
21
-89.9445259999999962
0
LINE
8
BLACK
6
CONTINUOUS
10
49.8786360000000002
20
-89.9445259999999962
11
49.9073509999999985
21
-89.8373599999999897
0
LINE
8
BLACK
6
CONTINUOUS
10
49.9073509999999985
20
-89.8373599999999897
11
49.9628249999999952
21
-89.7412759999999992
0
LINE
8
BLACK
6
CONTINUOUS
10
49.9628249999999952
20
-89.7412759999999992
11
50.0412759999999963
21
-89.662824999999998
0
LINE
8
BLACK
6
CONTINUOUS
10
50.0412759999999963
20
-89.662824999999998
11
50.137360000000001
21
-89.6073509999999942
0
LINE
8
BLACK
6
CONTINUOUS
10
50.137360000000001
20
-89.6073509999999942
11
50.2445260000000005
21
-89.578636000000003
0
LINE
8
BLACK
6
CONTINUOUS
10
50.2445260000000005
20
-89.578636000000003
11
50.355474000000001
21
-89.578636000000003
0
LINE
8
BLACK
6
CONTINUOUS
10
50.355474000000001
20
-89.578636000000003
11
50.4626400000000004
21
-89.6073509999999942
0
LINE
8
BLACK
6
CONTINUOUS
10
70.5158869999999922
20
-89.1830789999999922
11
70.5929380000000037
21
-89.2345619999999968
0
LINE
8
BLACK
6
CONTINUOUS
10
70.5929380000000037
20
-89.2345619999999968
11
70.6444209999999941
21
-89.3116129999999941
0
LINE
8
BLACK
6
CONTINUOUS
10
70.6444209999999941
20
-89.3116129999999941
11
70.6624999999999943
21
-89.4024999999999892
0
LINE
8
BLACK
6
CONTINUOUS
10
70.6624999999999943
20
-89.4024999999999892
11
70.6624999999999943
21
-89.8774999999999977
0
LINE
8
BLACK
6
CONTINUOUS
10
70.6624999999999943
20
-89.8774999999999977
11
70.6444209999999941
21
-89.9683869999999928
0
LINE
8
BLACK
6
CONTINUOUS
10
70.6444209999999941
20
-89.9683869999999928
11
70.5929380000000037
21
-90.0454379999999901
0
LINE
8
BLACK
6
CONTINUOUS
10
70.5929380000000037
20
-90.0454379999999901
11
70.5158869999999922
21
-90.0969209999999947
0
LINE
8
BLACK
6
CONTINUOUS
10
70.5158869999999922
20
-90.0969209999999947
11
70.4249999999999972
21
-90.1149999999999949
0
LINE
8
BLACK
6
CONTINUOUS
10
70.4249999999999972
20
-90.1149999999999949
11
69.9249999999999972
21
-90.1149999999999949
0
LINE
8
BLACK
6
CONTINUOUS
10
69.9249999999999972
20
-90.1149999999999949
11
69.8341130000000021
21
-90.0969209999999947
0
LINE
8
BLACK
6
CONTINUOUS
10
69.8341130000000021
20
-90.0969209999999947
11
69.7570619999999906
21
-90.0454379999999901
0
LINE
8
BLACK
6
CONTINUOUS
10
69.7570619999999906
20
-90.0454379999999901
11
69.7055790000000002
21
-89.9683869999999928
0
LINE
8
BLACK
6
CONTINUOUS
10
69.7055790000000002
20
-89.9683869999999928
11
69.6875
21
-89.8774999999999977
0
LINE
8
BLACK
6
CONTINUOUS
10
69.6875
20
-89.8774999999999977
11
69.6875
21
-89.4024999999999892
0
LINE
8
BLACK
6
CONTINUOUS
10
69.6875
20
-89.4024999999999892
11
69.7055790000000002
21
-89.3116129999999941
0
LINE
8
BLACK
6
CONTINUOUS
10
69.7055790000000002
20
-89.3116129999999941
11
69.7570619999999906
21
-89.2345619999999968
0
LINE
8
BLACK
6
CONTINUOUS
10
69.7570619999999906
20
-89.2345619999999968
11
69.8341130000000021
21
-89.1830789999999922
0
LINE
8
BLACK
6
CONTINUOUS
10
69.8341130000000021
20
-89.1830789999999922
11
69.9249999999999972
21
-89.164999999999992
0
LINE
8
BLACK
6
CONTINUOUS
10
69.9249999999999972
20
-89.164999999999992
11
70.4249999999999972
21
-89.164999999999992
0
LINE
8
BLACK
6
CONTINUOUS
10
70.4249999999999972
20
-89.164999999999992
11
70.5158869999999922
21
-89.1830789999999922
0
LINE
8
BLACK
6
CONTINUOUS
10
72.3408869999999951
20
-89.1830789999999922
11
72.4179379999999924
21
-89.2345619999999968
0
LINE
8
BLACK
6
CONTINUOUS
10
72.4179379999999924
20
-89.2345619999999968
11
72.469420999999997
21
-89.3116129999999941
0
LINE
8
BLACK
6
CONTINUOUS
10
72.469420999999997
20
-89.3116129999999941
11
72.4874999999999972
21
-89.4024999999999892
0
LINE
8
BLACK
6
CONTINUOUS
10
72.4874999999999972
20
-89.4024999999999892
11
72.4874999999999972
21
-89.8774999999999977
0
LINE
8
BLACK
6
CONTINUOUS
10
72.4874999999999972
20
-89.8774999999999977
11
72.469420999999997
21
-89.9683869999999928
0
LINE
8
BLACK
6
CONTINUOUS
10
72.469420999999997
20
-89.9683869999999928
11
72.4179379999999924
21
-90.0454379999999901
0
LINE
8
BLACK
6
CONTINUOUS
10
72.4179379999999924
20
-90.0454379999999901
11
72.3408869999999951
21
-90.0969209999999947
0
LINE
8
BLACK
6
CONTINUOUS
10
72.3408869999999951
20
-90.0969209999999947
11
72.25
21
-90.1149999999999949
0
LINE
8
BLACK
6
CONTINUOUS
10
72.25
20
-90.1149999999999949
11
71.75
21
-90.1149999999999949
0
LINE
8
BLACK
6
CONTINUOUS
10
71.75
20
-90.1149999999999949
11
71.6591129999999907
21
-90.0969209999999947
0
LINE
8
BLACK
6
CONTINUOUS
10
71.6591129999999907
20
-90.0969209999999947
11
71.5820619999999934
21
-90.0454379999999901
0
LINE
8
BLACK
6
CONTINUOUS
10
71.5820619999999934
20
-90.0454379999999901
11
71.530579000000003
21
-89.9683869999999928
0
LINE
8
BLACK
6
CONTINUOUS
10
71.530579000000003
20
-89.9683869999999928
11
71.5125000000000028
21
-89.8774999999999977
0
LINE
8
BLACK
6
CONTINUOUS
10
71.5125000000000028
20
-89.8774999999999977
11
71.5125000000000028
21
-89.4024999999999892
0
LINE
8
BLACK
6
CONTINUOUS
10
71.5125000000000028
20
-89.4024999999999892
11
71.530579000000003
21
-89.3116129999999941
0
LINE
8
BLACK
6
CONTINUOUS
10
71.530579000000003
20
-89.3116129999999941
11
71.5820619999999934
21
-89.2345619999999968
0
LINE
8
BLACK
6
CONTINUOUS
10
71.5820619999999934
20
-89.2345619999999968
11
71.6591129999999907
21
-89.1830789999999922
0
LINE
8
BLACK
6
CONTINUOUS
10
71.6591129999999907
20
-89.1830789999999922
11
71.75
21
-89.164999999999992
0
LINE
8
BLACK
6
CONTINUOUS
10
71.75
20
-89.164999999999992
11
72.25
21
-89.164999999999992
0
LINE
8
BLACK
6
CONTINUOUS
10
72.25
20
-89.164999999999992
11
72.3408869999999951
21
-89.1830789999999922
0
LINE
8
BLACK
6
CONTINUOUS
10
97.1783870000000007
20
-89.0430789999999917
11
97.2554379999999981
21
-89.0945619999999963
0
LINE
8
BLACK
6
CONTINUOUS
10
97.2554379999999981
20
-89.0945619999999963
11
97.3069210000000027
21
-89.1716129999999936
0
LINE
8
BLACK
6
CONTINUOUS
10
97.3069210000000027
20
-89.1716129999999936
11
97.3249999999999886
21
-89.2625000000000028
0
LINE
8
BLACK
6
CONTINUOUS
10
97.3249999999999886
20
-89.2625000000000028
11
97.3249999999999886
21
-89.7374999999999972
0
LINE
8
BLACK
6
CONTINUOUS
10
97.3249999999999886
20
-89.7374999999999972
11
97.3069210000000027
21
-89.8283869999999922
0
LINE
8
BLACK
6
CONTINUOUS
10
97.3069210000000027
20
-89.8283869999999922
11
97.2554379999999981
21
-89.9054379999999895
0
LINE
8
BLACK
6
CONTINUOUS
10
97.2554379999999981
20
-89.9054379999999895
11
97.1783870000000007
21
-89.9569209999999941
0
LINE
8
BLACK
6
CONTINUOUS
10
97.1783870000000007
20
-89.9569209999999941
11
97.0874999999999915
21
-89.9749999999999943
0
LINE
8
BLACK
6
CONTINUOUS
10
97.0874999999999915
20
-89.9749999999999943
11
96.5874999999999915
21
-89.9749999999999943
0
LINE
8
BLACK
6
CONTINUOUS
10
96.5874999999999915
20
-89.9749999999999943
11
96.4966129999999964
21
-89.9569209999999941
0
LINE
8
BLACK
6
CONTINUOUS
10
96.4966129999999964
20
-89.9569209999999941
11
96.4195619999999991
21
-89.9054379999999895
0
LINE
8
BLACK
6
CONTINUOUS
10
96.4195619999999991
20
-89.9054379999999895
11
96.3680789999999945
21
-89.8283869999999922
0
LINE
8
BLACK
6
CONTINUOUS
10
96.3680789999999945
20
-89.8283869999999922
11
96.3499999999999943
21
-89.7374999999999972
0
LINE
8
BLACK
6
CONTINUOUS
10
96.3499999999999943
20
-89.7374999999999972
11
96.3499999999999943
21
-89.2625000000000028
0
LINE
8
BLACK
6
CONTINUOUS
10
96.3499999999999943
20
-89.2625000000000028
11
96.3680789999999945
21
-89.1716129999999936
0
LINE
8
BLACK
6
CONTINUOUS
10
96.3680789999999945
20
-89.1716129999999936
11
96.4195619999999991
21
-89.0945619999999963
0
LINE
8
BLACK
6
CONTINUOUS
10
96.4195619999999991
20
-89.0945619999999963
11
96.4966129999999964
21
-89.0430789999999917
0
LINE
8
BLACK
6
CONTINUOUS
10
96.4966129999999964
20
-89.0430789999999917
11
96.5874999999999915
21
-89.0249999999999915
0
LINE
8
BLACK
6
CONTINUOUS
10
96.5874999999999915
20
-89.0249999999999915
11
97.0874999999999915
21
-89.0249999999999915
0
LINE
8
BLACK
6
CONTINUOUS
10
97.0874999999999915
20
-89.0249999999999915
11
97.1783870000000007
21
-89.0430789999999917
0
LINE
8
BLACK
6
CONTINUOUS
10
99.0033869999999894
20
-89.0430789999999917
11
99.0804380000000009
21
-89.0945619999999963
0
LINE
8
BLACK
6
CONTINUOUS
10
99.0804380000000009
20
-89.0945619999999963
11
99.1319209999999913
21
-89.1716129999999936
0
LINE
8
BLACK
6
CONTINUOUS
10
99.1319209999999913
20
-89.1716129999999936
11
99.1499999999999915
21
-89.2625000000000028
0
LINE
8
BLACK
6
CONTINUOUS
10
99.1499999999999915
20
-89.2625000000000028
11
99.1499999999999915
21
-89.7374999999999972
0
LINE
8
BLACK
6
CONTINUOUS
10
99.1499999999999915
20
-89.7374999999999972
11
99.1319209999999913
21
-89.8283869999999922
0
LINE
8
BLACK
6
CONTINUOUS
10
99.1319209999999913
20
-89.8283869999999922
11
99.0804380000000009
21
-89.9054379999999895
0
LINE
8
BLACK
6
CONTINUOUS
10
99.0804380000000009
20
-89.9054379999999895
11
99.0033869999999894
21
-89.9569209999999941
0
LINE
8
BLACK
6
CONTINUOUS
10
99.0033869999999894
20
-89.9569209999999941
11
98.9124999999999943
21
-89.9749999999999943
0
LINE
8
BLACK
6
CONTINUOUS
10
98.9124999999999943
20
-89.9749999999999943
11
98.4124999999999943
21
-89.9749999999999943
0
LINE
8
BLACK
6
CONTINUOUS
10
98.4124999999999943
20
-89.9749999999999943
11
98.3216129999999993
21
-89.9569209999999941
0
LINE
8
BLACK
6
CONTINUOUS
10
98.3216129999999993
20
-89.9569209999999941
11
98.2445620000000019
21
-89.9054379999999895
0
LINE
8
BLACK
6
CONTINUOUS
10
98.2445620000000019
20
-89.9054379999999895
11
98.1930789999999973
21
-89.8283869999999922
0
LINE
8
BLACK
6
CONTINUOUS
10
98.1930789999999973
20
-89.8283869999999922
11
98.1749999999999972
21
-89.7374999999999972
0
LINE
8
BLACK
6
CONTINUOUS
10
98.1749999999999972
20
-89.7374999999999972
11
98.1749999999999972
21
-89.2625000000000028
0
LINE
8
BLACK
6
CONTINUOUS
10
98.1749999999999972
20
-89.2625000000000028
11
98.1930789999999973
21
-89.1716129999999936
0
LINE
8
BLACK
6
CONTINUOUS
10
98.1930789999999973
20
-89.1716129999999936
11
98.2445620000000019
21
-89.0945619999999963
0
LINE
8
BLACK
6
CONTINUOUS
10
98.2445620000000019
20
-89.0945619999999963
11
98.3216129999999993
21
-89.0430789999999917
0
LINE
8
BLACK
6
CONTINUOUS
10
98.3216129999999993
20
-89.0430789999999917
11
98.4124999999999943
21
-89.0249999999999915
0
LINE
8
BLACK
6
CONTINUOUS
10
98.4124999999999943
20
-89.0249999999999915
11
98.9124999999999943
21
-89.0249999999999915
0
LINE
8
BLACK
6
CONTINUOUS
10
98.9124999999999943
20
-89.0249999999999915
11
99.0033869999999894
21
-89.0430789999999917
0
LINE
8
BLACK
6
CONTINUOUS
10
106.7686839999999933
20
-88.2820200000000028
11
106.8017749999999921
21
-88.3041309999999982
0
LINE
8
BLACK
6
CONTINUOUS
10
106.8017749999999921
20
-88.3041309999999982
11
107.4876689999999968
21
-88.9900250000000028
0
LINE
8
BLACK
6
CONTINUOUS
10
107.4876689999999968
20
-88.9900250000000028
11
107.5097799999999921
21
-89.0231160000000017
0
LINE
8
BLACK
6
CONTINUOUS
10
107.5097799999999921
20
-89.0231160000000017
11
107.5175440000000009
21
-89.0621500000000026
0
LINE
8
BLACK
6
CONTINUOUS
10
107.5175440000000009
20
-89.0621500000000026
11
107.5097799999999921
21
-89.1011829999999918
0
LINE
8
BLACK
6
CONTINUOUS
10
107.5097799999999921
20
-89.1011829999999918
11
107.4876689999999968
21
-89.1342750000000024
0
LINE
8
BLACK
6
CONTINUOUS
10
107.4876689999999968
20
-89.1342750000000024
11
106.851272999999992
21
-89.770670999999993
0
LINE
8
BLACK
6
CONTINUOUS
10
106.851272999999992
20
-89.770670999999993
11
106.8181809999999956
21
-89.7927820000000025
0
LINE
8
BLACK
6
CONTINUOUS
10
106.8181809999999956
20
-89.7927820000000025
11
106.7791479999999922
21
-89.8005459999999971
0
LINE
8
BLACK
6
CONTINUOUS
10
106.7791479999999922
20
-89.8005459999999971
11
106.7401139999999913
21
-89.7927820000000025
0
LINE
8
BLACK
6
CONTINUOUS
10
106.7401139999999913
20
-89.7927820000000025
11
106.7070229999999924
21
-89.770670999999993
0
LINE
8
BLACK
6
CONTINUOUS
10
106.7070229999999924
20
-89.770670999999993
11
106.021129000000002
21
-89.0847770000000025
0
LINE
8
BLACK
6
CONTINUOUS
10
106.021129000000002
20
-89.0847770000000025
11
105.9990179999999924
21
-89.0516859999999895
0
LINE
8
BLACK
6
CONTINUOUS
10
105.9990179999999924
20
-89.0516859999999895
11
105.9912539999999979
21
-89.0126520000000028
0
LINE
8
BLACK
6
CONTINUOUS
10
105.9912539999999979
20
-89.0126520000000028
11
105.9990179999999924
21
-88.9736189999999993
0
LINE
8
BLACK
6
CONTINUOUS
10
105.9990179999999924
20
-88.9736189999999993
11
106.021129000000002
21
-88.940527000000003
0
LINE
8
BLACK
6
CONTINUOUS
10
106.021129000000002
20
-88.940527000000003
11
106.6575249999999926
21
-88.3041309999999982
0
LINE
8
BLACK
6
CONTINUOUS
10
106.6575249999999926
20
-88.3041309999999982
11
106.6906169999999889
21
-88.2820200000000028
0
LINE
8
BLACK
6
CONTINUOUS
10
106.6906169999999889
20
-88.2820200000000028
11
106.7296499999999924
21
-88.2742559999999941
0
LINE
8
BLACK
6
CONTINUOUS
10
106.7296499999999924
20
-88.2742559999999941
11
106.7686839999999933
21
-88.2820200000000028
0
LINE
8
BLACK
6
CONTINUOUS
10
112.3999999999999915
20
-89.5249999999999915
11
111.1999999999999886
21
-89.5249999999999915
0
LINE
8
BLACK
6
CONTINUOUS
10
111.1999999999999886
20
-89.5249999999999915
11
111.1999999999999886
21
-88.6749999999999972
0
LINE
8
BLACK
6
CONTINUOUS
10
111.1999999999999886
20
-88.6749999999999972
11
112.3999999999999915
21
-88.6749999999999972
0
LINE
8
BLACK
6
CONTINUOUS
10
112.3999999999999915
20
-88.6749999999999972
11
112.3999999999999915
21
-89.5249999999999915
0
LINE
8
BLACK
6
CONTINUOUS
10
107.8434859999999986
20
-87.2072179999999975
11
107.8765769999999975
21
-87.2293289999999928
0
LINE
8
BLACK
6
CONTINUOUS
10
107.8765769999999975
20
-87.2293289999999928
11
108.5624710000000022
21
-87.9152229999999975
0
LINE
8
BLACK
6
CONTINUOUS
10
108.5624710000000022
20
-87.9152229999999975
11
108.5845819999999975
21
-87.9483139999999963
0
LINE
8
BLACK
6
CONTINUOUS
10
108.5845819999999975
20
-87.9483139999999963
11
108.592345999999992
21
-87.9873479999999972
0
LINE
8
BLACK
6
CONTINUOUS
10
108.592345999999992
20
-87.9873479999999972
11
108.5845819999999975
21
-88.0263810000000007
0
LINE
8
BLACK
6
CONTINUOUS
10
108.5845819999999975
20
-88.0263810000000007
11
108.5624710000000022
21
-88.059472999999997
0
LINE
8
BLACK
6
CONTINUOUS
10
108.5624710000000022
20
-88.059472999999997
11
107.9260749999999973
21
-88.6958690000000018
0
LINE
8
BLACK
6
CONTINUOUS
10
107.9260749999999973
20
-88.6958690000000018
11
107.892983000000001
21
-88.7179799999999972
0
LINE
8
BLACK
6
CONTINUOUS
10
107.892983000000001
20
-88.7179799999999972
11
107.8539499999999975
21
-88.7257439999999917
0
LINE
8
BLACK
6
CONTINUOUS
10
107.8539499999999975
20
-88.7257439999999917
11
107.8149159999999966
21
-88.7179799999999972
0
LINE
8
BLACK
6
CONTINUOUS
10
107.8149159999999966
20
-88.7179799999999972
11
107.7818249999999978
21
-88.6958690000000018
0
LINE
8
BLACK
6
CONTINUOUS
10
107.7818249999999978
20
-88.6958690000000018
11
107.0959309999999931
21
-88.0099749999999972
0
LINE
8
BLACK
6
CONTINUOUS
10
107.0959309999999931
20
-88.0099749999999972
11
107.0738199999999978
21
-87.9768839999999983
0
LINE
8
BLACK
6
CONTINUOUS
10
107.0738199999999978
20
-87.9768839999999983
11
107.066055999999989
21
-87.9378499999999974
0
LINE
8
BLACK
6
CONTINUOUS
10
107.066055999999989
20
-87.9378499999999974
11
107.0738199999999978
21
-87.898816999999994
0
LINE
8
BLACK
6
CONTINUOUS
10
107.0738199999999978
20
-87.898816999999994
11
107.0959309999999931
21
-87.8657249999999976
0
LINE
8
BLACK
6
CONTINUOUS
10
107.0959309999999931
20
-87.8657249999999976
11
107.732326999999998
21
-87.2293289999999928
0
LINE
8
BLACK
6
CONTINUOUS
10
107.732326999999998
20
-87.2293289999999928
11
107.7654189999999943
21
-87.2072179999999975
0
LINE
8
BLACK
6
CONTINUOUS
10
107.7654189999999943
20
-87.2072179999999975
11
107.8044519999999977
21
-87.1994540000000029
0
LINE
8
BLACK
6
CONTINUOUS
10
107.8044519999999977
20
-87.1994540000000029
11
107.8434859999999986
21
-87.2072179999999975
0
LINE
8
BLACK
6
CONTINUOUS
10
105.4768839999999983
20
-87.0320200000000028
11
105.5099749999999972
21
-87.0541309999999982
0
LINE
8
BLACK
6
CONTINUOUS
10
105.5099749999999972
20
-87.0541309999999982
11
106.1958690000000018
21
-87.7400250000000028
0
LINE
8
BLACK
6
CONTINUOUS
10
106.1958690000000018
20
-87.7400250000000028
11
106.2179799999999972
21
-87.7731160000000017
0
LINE
8
BLACK
6
CONTINUOUS
10
106.2179799999999972
20
-87.7731160000000017
11
106.2257439999999917
21
-87.8121500000000026
0
LINE
8
BLACK
6
CONTINUOUS
10
106.2257439999999917
20
-87.8121500000000026
11
106.2179799999999972
21
-87.8511829999999918
0
LINE
8
BLACK
6
CONTINUOUS
10
106.2179799999999972
20
-87.8511829999999918
11
106.1958690000000018
21
-87.8842750000000024
0
LINE
8
BLACK
6
CONTINUOUS
10
106.1958690000000018
20
-87.8842750000000024
11
105.559472999999997
21
-88.520670999999993
0
LINE
8
BLACK
6
CONTINUOUS
10
105.559472999999997
20
-88.520670999999993
11
105.5263810000000007
21
-88.5427820000000025
0
LINE
8
BLACK
6
CONTINUOUS
10
105.5263810000000007
20
-88.5427820000000025
11
105.4873479999999972
21
-88.5505459999999971
0
LINE
8
BLACK
6
CONTINUOUS
10
105.4873479999999972
20
-88.5505459999999971
11
105.4483139999999963
21
-88.5427820000000025
0
LINE
8
BLACK
6
CONTINUOUS
10
105.4483139999999963
20
-88.5427820000000025
11
105.4152229999999975
21
-88.520670999999993
0
LINE
8
BLACK
6
CONTINUOUS
10
105.4152229999999975
20
-88.520670999999993
11
104.7293289999999928
21
-87.8347770000000025
0
LINE
8
BLACK
6
CONTINUOUS
10
104.7293289999999928
20
-87.8347770000000025
11
104.7072179999999975
21
-87.8016859999999895
0
LINE
8
BLACK
6
CONTINUOUS
10
104.7072179999999975
20
-87.8016859999999895
11
104.6994539999999887
21
-87.7626520000000028
0
LINE
8
BLACK
6
CONTINUOUS
10
104.6994539999999887
20
-87.7626520000000028
11
104.7072179999999975
21
-87.7236189999999993
0
LINE
8
BLACK
6
CONTINUOUS
10
104.7072179999999975
20
-87.7236189999999993
11
104.7293289999999928
21
-87.690527000000003
0
LINE
8
BLACK
6
CONTINUOUS
10
104.7293289999999928
20
-87.690527000000003
11
105.3657249999999976
21
-87.0541309999999982
0
LINE
8
BLACK
6
CONTINUOUS
10
105.3657249999999976
20
-87.0541309999999982
11
105.398816999999994
21
-87.0320200000000028
0
LINE
8
BLACK
6
CONTINUOUS
10
105.398816999999994
20
-87.0320200000000028
11
105.4378499999999974
21
-87.0242559999999941
0
LINE
8
BLACK
6
CONTINUOUS
10
105.4378499999999974
20
-87.0242559999999941
11
105.4768839999999983
21
-87.0320200000000028
0
LINE
8
BLACK
6
CONTINUOUS
10
97.1783870000000007
20
-87.3180789999999973
11
97.2554379999999981
21
-87.3695620000000019
0
LINE
8
BLACK
6
CONTINUOUS
10
97.2554379999999981
20
-87.3695620000000019
11
97.3069210000000027
21
-87.4466129999999993
0
LINE
8
BLACK
6
CONTINUOUS
10
97.3069210000000027
20
-87.4466129999999993
11
97.3249999999999886
21
-87.5374999999999943
0
LINE
8
BLACK
6
CONTINUOUS
10
97.3249999999999886
20
-87.5374999999999943
11
97.3249999999999886
21
-88.0125000000000028
0
LINE
8
BLACK
6
CONTINUOUS
10
97.3249999999999886
20
-88.0125000000000028
11
97.3069210000000027
21
-88.1033869999999979
0
LINE
8
BLACK
6
CONTINUOUS
10
97.3069210000000027
20
-88.1033869999999979
11
97.2554379999999981
21
-88.1804379999999952
0
LINE
8
BLACK
6
CONTINUOUS
10
97.2554379999999981
20
-88.1804379999999952
11
97.1783870000000007
21
-88.2319209999999998
0
LINE
8
BLACK
6
CONTINUOUS
10
97.1783870000000007
20
-88.2319209999999998
11
97.0874999999999915
21
-88.25
0
LINE
8
BLACK
6
CONTINUOUS
10
97.0874999999999915
20
-88.25
11
96.5874999999999915
21
-88.25
0
LINE
8
BLACK
6
CONTINUOUS
10
96.5874999999999915
20
-88.25
11
96.4966129999999964
21
-88.2319209999999998
0
LINE
8
BLACK
6
CONTINUOUS
10
96.4966129999999964
20
-88.2319209999999998
11
96.4195619999999991
21
-88.1804379999999952
0
LINE
8
BLACK
6
CONTINUOUS
10
96.4195619999999991
20
-88.1804379999999952
11
96.3680789999999945
21
-88.1033869999999979
0
LINE
8
BLACK
6
CONTINUOUS
10
96.3680789999999945
20
-88.1033869999999979
11
96.3499999999999943
21
-88.0125000000000028
0
LINE
8
BLACK
6
CONTINUOUS
10
96.3499999999999943
20
-88.0125000000000028
11
96.3499999999999943
21
-87.5374999999999943
0
LINE
8
BLACK
6
CONTINUOUS
10
96.3499999999999943
20
-87.5374999999999943
11
96.3680789999999945
21
-87.4466129999999993
0
LINE
8
BLACK
6
CONTINUOUS
10
96.3680789999999945
20
-87.4466129999999993
11
96.4195619999999991
21
-87.3695620000000019
0
LINE
8
BLACK
6
CONTINUOUS
10
96.4195619999999991
20
-87.3695620000000019
11
96.4966129999999964
21
-87.3180789999999973
0
LINE
8
BLACK
6
CONTINUOUS
10
96.4966129999999964
20
-87.3180789999999973
11
96.5874999999999915
21
-87.2999999999999972
0
LINE
8
BLACK
6
CONTINUOUS
10
96.5874999999999915
20
-87.2999999999999972
11
97.0874999999999915
21
-87.2999999999999972
0
LINE
8
BLACK
6
CONTINUOUS
10
97.0874999999999915
20
-87.2999999999999972
11
97.1783870000000007
21
-87.3180789999999973
0
LINE
8
BLACK
6
CONTINUOUS
10
99.0033869999999894
20
-87.3180789999999973
11
99.0804380000000009
21
-87.3695620000000019
0
LINE
8
BLACK
6
CONTINUOUS
10
99.0804380000000009
20
-87.3695620000000019
11
99.1319209999999913
21
-87.4466129999999993
0
LINE
8
BLACK
6
CONTINUOUS
10
99.1319209999999913
20
-87.4466129999999993
11
99.1499999999999915
21
-87.5374999999999943
0
LINE
8
BLACK
6
CONTINUOUS
10
99.1499999999999915
20
-87.5374999999999943
11
99.1499999999999915
21
-88.0125000000000028
0
LINE
8
BLACK
6
CONTINUOUS
10
99.1499999999999915
20
-88.0125000000000028
11
99.1319209999999913
21
-88.1033869999999979
0
LINE
8
BLACK
6
CONTINUOUS
10
99.1319209999999913
20
-88.1033869999999979
11
99.0804380000000009
21
-88.1804379999999952
0
LINE
8
BLACK
6
CONTINUOUS
10
99.0804380000000009
20
-88.1804379999999952
11
99.0033869999999894
21
-88.2319209999999998
0
LINE
8
BLACK
6
CONTINUOUS
10
99.0033869999999894
20
-88.2319209999999998
11
98.9124999999999943
21
-88.25
0
LINE
8
BLACK
6
CONTINUOUS
10
98.9124999999999943
20
-88.25
11
98.4124999999999943
21
-88.25
0
LINE
8
BLACK
6
CONTINUOUS
10
98.4124999999999943
20
-88.25
11
98.3216129999999993
21
-88.2319209999999998
0
LINE
8
BLACK
6
CONTINUOUS
10
98.3216129999999993
20
-88.2319209999999998
11
98.2445620000000019
21
-88.1804379999999952
0
LINE
8
BLACK
6
CONTINUOUS
10
98.2445620000000019
20
-88.1804379999999952
11
98.1930789999999973
21
-88.1033869999999979
0
LINE
8
BLACK
6
CONTINUOUS
10
98.1930789999999973
20
-88.1033869999999979
11
98.1749999999999972
21
-88.0125000000000028
0
LINE
8
BLACK
6
CONTINUOUS
10
98.1749999999999972
20
-88.0125000000000028
11
98.1749999999999972
21
-87.5374999999999943
0
LINE
8
BLACK
6
CONTINUOUS
10
98.1749999999999972
20
-87.5374999999999943
11
98.1930789999999973
21
-87.4466129999999993
0
LINE
8
BLACK
6
CONTINUOUS
10
98.1930789999999973
20
-87.4466129999999993
11
98.2445620000000019
21
-87.3695620000000019
0
LINE
8
BLACK
6
CONTINUOUS
10
98.2445620000000019
20
-87.3695620000000019
11
98.3216129999999993
21
-87.3180789999999973
0
LINE
8
BLACK
6
CONTINUOUS
10
98.3216129999999993
20
-87.3180789999999973
11
98.4124999999999943
21
-87.2999999999999972
0
LINE
8
BLACK
6
CONTINUOUS
10
98.4124999999999943
20
-87.2999999999999972
11
98.9124999999999943
21
-87.2999999999999972
0
LINE
8
BLACK
6
CONTINUOUS
10
98.9124999999999943
20
-87.2999999999999972
11
99.0033869999999894
21
-87.3180789999999973
0
LINE
8
BLACK
6
CONTINUOUS
10
50.4626400000000004
20
-87.0673510000000022
11
50.558723999999998
21
-87.1228249999999917
0
LINE
8
BLACK
6
CONTINUOUS
10
50.558723999999998
20
-87.1228249999999917
11
50.6371749999999992
21
-87.2012759999999929
0
LINE
8
BLACK
6
CONTINUOUS
10
50.6371749999999992
20
-87.2012759999999929
11
50.6926489999999959
21
-87.2973599999999976
0
LINE
8
BLACK
6
CONTINUOUS
10
50.6926489999999959
20
-87.2973599999999976
11
50.7213640000000012
21
-87.4045259999999899
0
LINE
8
BLACK
6
CONTINUOUS
10
50.7213640000000012
20
-87.4045259999999899
11
50.7213640000000012
21
-87.5154739999999975
0
LINE
8
BLACK
6
CONTINUOUS
10
50.7213640000000012
20
-87.5154739999999975
11
50.6926489999999959
21
-87.6226399999999899
0
LINE
8
BLACK
6
CONTINUOUS
10
50.6926489999999959
20
-87.6226399999999899
11
50.6371749999999992
21
-87.7187239999999946
0
LINE
8
BLACK
6
CONTINUOUS
10
50.6371749999999992
20
-87.7187239999999946
11
50.558723999999998
21
-87.7971749999999957
0
LINE
8
BLACK
6
CONTINUOUS
10
50.558723999999998
20
-87.7971749999999957
11
50.4626400000000004
21
-87.8526489999999995
0
LINE
8
BLACK
6
CONTINUOUS
10
50.4626400000000004
20
-87.8526489999999995
11
50.355474000000001
21
-87.8813639999999907
0
LINE
8
BLACK
6
CONTINUOUS
10
50.355474000000001
20
-87.8813639999999907
11
50.2445260000000005
21
-87.8813639999999907
0
LINE
8
BLACK
6
CONTINUOUS
10
50.2445260000000005
20
-87.8813639999999907
11
50.137360000000001
21
-87.8526489999999995
0
LINE
8
BLACK
6
CONTINUOUS
10
50.137360000000001
20
-87.8526489999999995
11
50.0412759999999963
21
-87.7971749999999957
0
LINE
8
BLACK
6
CONTINUOUS
10
50.0412759999999963
20
-87.7971749999999957
11
49.9628249999999952
21
-87.7187239999999946
0
LINE
8
BLACK
6
CONTINUOUS
10
49.9628249999999952
20
-87.7187239999999946
11
49.9073509999999985
21
-87.6226399999999899
0
LINE
8
BLACK
6
CONTINUOUS
10
49.9073509999999985
20
-87.6226399999999899
11
49.8786360000000002
21
-87.5154739999999975
0
LINE
8
BLACK
6
CONTINUOUS
10
49.8786360000000002
20
-87.5154739999999975
11
49.8786360000000002
21
-87.4045259999999899
0
LINE
8
BLACK
6
CONTINUOUS
10
49.8786360000000002
20
-87.4045259999999899
11
49.9073509999999985
21
-87.2973599999999976
0
LINE
8
BLACK
6
CONTINUOUS
10
49.9073509999999985
20
-87.2973599999999976
11
49.9628249999999952
21
-87.2012759999999929
0
LINE
8
BLACK
6
CONTINUOUS
10
49.9628249999999952
20
-87.2012759999999929
11
50.0412759999999963
21
-87.1228249999999917
0
LINE
8
BLACK
6
CONTINUOUS
10
50.0412759999999963
20
-87.1228249999999917
11
50.137360000000001
21
-87.0673510000000022
0
LINE
8
BLACK
6
CONTINUOUS
10
50.137360000000001
20
-87.0673510000000022
11
50.2445260000000005
21
-87.0386359999999968
0
LINE
8
BLACK
6
CONTINUOUS
10
50.2445260000000005
20
-87.0386359999999968
11
50.355474000000001
21
-87.0386359999999968
0
LINE
8
BLACK
6
CONTINUOUS
10
50.355474000000001
20
-87.0386359999999968
11
50.4626400000000004
21
-87.0673510000000022
0
LINE
8
BLACK
6
CONTINUOUS
10
106.5516859999999895
20
-85.9572179999999975
11
106.5847769999999883
21
-85.9793289999999928
0
LINE
8
BLACK
6
CONTINUOUS
10
106.5847769999999883
20
-85.9793289999999928
11
107.270670999999993
21
-86.6652229999999975
0
LINE
8
BLACK
6
CONTINUOUS
10
107.270670999999993
20
-86.6652229999999975
11
107.2927819999999883
21
-86.6983139999999963
0
LINE
8
BLACK
6
CONTINUOUS
10
107.2927819999999883
20
-86.6983139999999963
11
107.3005459999999971
21
-86.7373479999999972
0
LINE
8
BLACK
6
CONTINUOUS
10
107.3005459999999971
20
-86.7373479999999972
11
107.2927819999999883
21
-86.7763810000000007
0
LINE
8
BLACK
6
CONTINUOUS
10
107.2927819999999883
20
-86.7763810000000007
11
107.270670999999993
21
-86.809472999999997
0
LINE
8
BLACK
6
CONTINUOUS
10
107.270670999999993
20
-86.809472999999997
11
106.6342749999999882
21
-87.4458690000000018
0
LINE
8
BLACK
6
CONTINUOUS
10
106.6342749999999882
20
-87.4458690000000018
11
106.6011829999999918
21
-87.4679799999999972
0
LINE
8
BLACK
6
CONTINUOUS
10
106.6011829999999918
20
-87.4679799999999972
11
106.5621499999999884
21
-87.4757439999999917
0
LINE
8
BLACK
6
CONTINUOUS
10
106.5621499999999884
20
-87.4757439999999917
11
106.5231160000000017
21
-87.4679799999999972
0
LINE
8
BLACK
6
CONTINUOUS
10
106.5231160000000017
20
-87.4679799999999972
11
106.4900249999999886
21
-87.4458690000000018
0
LINE
8
BLACK
6
CONTINUOUS
10
106.4900249999999886
20
-87.4458690000000018
11
105.8041309999999982
21
-86.7599749999999972
0
LINE
8
BLACK
6
CONTINUOUS
10
105.8041309999999982
20
-86.7599749999999972
11
105.7820199999999886
21
-86.7268839999999983
0
LINE
8
BLACK
6
CONTINUOUS
10
105.7820199999999886
20
-86.7268839999999983
11
105.7742559999999941
21
-86.6878499999999974
0
LINE
8
BLACK
6
CONTINUOUS
10
105.7742559999999941
20
-86.6878499999999974
11
105.7820199999999886
21
-86.648816999999994
0
LINE
8
BLACK
6
CONTINUOUS
10
105.7820199999999886
20
-86.648816999999994
11
105.8041309999999982
21
-86.6157249999999976
0
LINE
8
BLACK
6
CONTINUOUS
10
105.8041309999999982
20
-86.6157249999999976
11
106.4405269999999888
21
-85.9793289999999928
0
LINE
8
BLACK
6
CONTINUOUS
10
106.4405269999999888
20
-85.9793289999999928
11
106.4736189999999993
21
-85.9572179999999975
0
LINE
8
BLACK
6
CONTINUOUS
10
106.4736189999999993
20
-85.9572179999999975
11
106.5126519999999886
21
-85.9494540000000029
0
LINE
8
BLACK
6
CONTINUOUS
10
106.5126519999999886
20
-85.9494540000000029
11
106.5516859999999895
21
-85.9572179999999975
0
LINE
8
BLACK
6
CONTINUOUS
10
76.7708339999999936
20
-86.1707639999999913
11
76.8039249999999925
21
-86.1928750000000008
0
LINE
8
BLACK
6
CONTINUOUS
10
76.8039249999999925
20
-86.1928750000000008
11
76.826036000000002
21
-86.2259659999999997
0
LINE
8
BLACK
6
CONTINUOUS
10
76.826036000000002
20
-86.2259659999999997
11
76.8337999999999965
21
-86.2650000000000006
0
LINE
8
BLACK
6
CONTINUOUS
10
76.8337999999999965
20
-86.2650000000000006
11
76.8337999999999965
21
-87.2349999999999994
0
LINE
8
BLACK
6
CONTINUOUS
10
76.8337999999999965
20
-87.2349999999999994
11
76.826036000000002
21
-87.2740340000000003
0
LINE
8
BLACK
6
CONTINUOUS
10
76.826036000000002
20
-87.2740340000000003
11
76.8039249999999925
21
-87.3071249999999992
0
LINE
8
BLACK
6
CONTINUOUS
10
76.8039249999999925
20
-87.3071249999999992
11
76.7708339999999936
21
-87.3292359999999945
0
LINE
8
BLACK
6
CONTINUOUS
10
76.7708339999999936
20
-87.3292359999999945
11
76.7317999999999927
21
-87.3369999999999891
0
LINE
8
BLACK
6
CONTINUOUS
10
76.7317999999999927
20
-87.3369999999999891
11
75.8318000000000012
21
-87.3369999999999891
0
LINE
8
BLACK
6
CONTINUOUS
10
75.8318000000000012
20
-87.3369999999999891
11
75.7927660000000003
21
-87.3292359999999945
0
LINE
8
BLACK
6
CONTINUOUS
10
75.7927660000000003
20
-87.3292359999999945
11
75.7596750000000014
21
-87.3071249999999992
0
LINE
8
BLACK
6
CONTINUOUS
10
75.7596750000000014
20
-87.3071249999999992
11
75.7375639999999919
21
-87.2740340000000003
0
LINE
8
BLACK
6
CONTINUOUS
10
75.7375639999999919
20
-87.2740340000000003
11
75.7297999999999973
21
-87.2349999999999994
0
LINE
8
BLACK
6
CONTINUOUS
10
75.7297999999999973
20
-87.2349999999999994
11
75.7297999999999973
21
-86.2650000000000006
0
LINE
8
BLACK
6
CONTINUOUS
10
75.7297999999999973
20
-86.2650000000000006
11
75.7375639999999919
21
-86.2259659999999997
0
LINE
8
BLACK
6
CONTINUOUS
10
75.7375639999999919
20
-86.2259659999999997
11
75.7596750000000014
21
-86.1928750000000008
0
LINE
8
BLACK
6
CONTINUOUS
10
75.7596750000000014
20
-86.1928750000000008
11
75.7927660000000003
21
-86.1707639999999913
0
LINE
8
BLACK
6
CONTINUOUS
10
75.7927660000000003
20
-86.1707639999999913
11
75.8318000000000012
21
-86.1629999999999967
0
LINE
8
BLACK
6
CONTINUOUS
10
75.8318000000000012
20
-86.1629999999999967
11
76.7317999999999927
21
-86.1629999999999967
0
LINE
8
BLACK
6
CONTINUOUS
10
76.7317999999999927
20
-86.1629999999999967
11
76.7708339999999936
21
-86.1707639999999913
0
LINE
8
BLACK
6
CONTINUOUS
10
78.2908339999999896
20
-86.1707639999999913
11
78.3239250000000027
21
-86.1928750000000008
0
LINE
8
BLACK
6
CONTINUOUS
10
78.3239250000000027
20
-86.1928750000000008
11
78.346035999999998
21
-86.2259659999999997
0
LINE
8
BLACK
6
CONTINUOUS
10
78.346035999999998
20
-86.2259659999999997
11
78.3537999999999926
21
-86.2650000000000006
0
LINE
8
BLACK
6
CONTINUOUS
10
78.3537999999999926
20
-86.2650000000000006
11
78.3537999999999926
21
-87.2349999999999994
0
LINE
8
BLACK
6
CONTINUOUS
10
78.3537999999999926
20
-87.2349999999999994
11
78.346035999999998
21
-87.2740340000000003
0
LINE
8
BLACK
6
CONTINUOUS
10
78.346035999999998
20
-87.2740340000000003
11
78.3239250000000027
21
-87.3071249999999992
0
LINE
8
BLACK
6
CONTINUOUS
10
78.3239250000000027
20
-87.3071249999999992
11
78.2908339999999896
21
-87.3292359999999945
0
LINE
8
BLACK
6
CONTINUOUS
10
78.2908339999999896
20
-87.3292359999999945
11
78.2518000000000029
21
-87.3369999999999891
0
LINE
8
BLACK
6
CONTINUOUS
10
78.2518000000000029
20
-87.3369999999999891
11
77.3517999999999972
21
-87.3369999999999891
0
LINE
8
BLACK
6
CONTINUOUS
10
77.3517999999999972
20
-87.3369999999999891
11
77.3127659999999963
21
-87.3292359999999945
0
LINE
8
BLACK
6
CONTINUOUS
10
77.3127659999999963
20
-87.3292359999999945
11
77.2796749999999975
21
-87.3071249999999992
0
LINE
8
BLACK
6
CONTINUOUS
10
77.2796749999999975
20
-87.3071249999999992
11
77.2575640000000021
21
-87.2740340000000003
0
LINE
8
BLACK
6
CONTINUOUS
10
77.2575640000000021
20
-87.2740340000000003
11
77.2497999999999934
21
-87.2349999999999994
0
LINE
8
BLACK
6
CONTINUOUS
10
77.2497999999999934
20
-87.2349999999999994
11
77.2497999999999934
21
-86.2650000000000006
0
LINE
8
BLACK
6
CONTINUOUS
10
77.2497999999999934
20
-86.2650000000000006
11
77.2575640000000021
21
-86.2259659999999997
0
LINE
8
BLACK
6
CONTINUOUS
10
77.2575640000000021
20
-86.2259659999999997
11
77.2796749999999975
21
-86.1928750000000008
0
LINE
8
BLACK
6
CONTINUOUS
10
77.2796749999999975
20
-86.1928750000000008
11
77.3127659999999963
21
-86.1707639999999913
0
LINE
8
BLACK
6
CONTINUOUS
10
77.3127659999999963
20
-86.1707639999999913
11
77.3517999999999972
21
-86.1629999999999967
0
LINE
8
BLACK
6
CONTINUOUS
10
77.3517999999999972
20
-86.1629999999999967
11
78.2518000000000029
21
-86.1629999999999967
0
LINE
8
BLACK
6
CONTINUOUS
10
78.2518000000000029
20
-86.1629999999999967
11
78.2908339999999896
21
-86.1707639999999913
0
LINE
8
BLACK
6
CONTINUOUS
10
85.7290339999999986
20
-84.9207639999999913
11
85.7621249999999975
21
-84.9428750000000008
0
LINE
8
BLACK
6
CONTINUOUS
10
85.7621249999999975
20
-84.9428750000000008
11
85.7842359999999928
21
-84.9759659999999997
0
LINE
8
BLACK
6
CONTINUOUS
10
85.7842359999999928
20
-84.9759659999999997
11
85.7920000000000016
21
-85.0150000000000006
0
LINE
8
BLACK
6
CONTINUOUS
10
85.7920000000000016
20
-85.0150000000000006
11
85.7920000000000016
21
-85.9849999999999994
0
LINE
8
BLACK
6
CONTINUOUS
10
85.7920000000000016
20
-85.9849999999999994
11
85.7842359999999928
21
-86.0240340000000003
0
LINE
8
BLACK
6
CONTINUOUS
10
85.7842359999999928
20
-86.0240340000000003
11
85.7621249999999975
21
-86.0571249999999992
0
LINE
8
BLACK
6
CONTINUOUS
10
85.7621249999999975
20
-86.0571249999999992
11
85.7290339999999986
21
-86.0792359999999945
0
LINE
8
BLACK
6
CONTINUOUS
10
85.7290339999999986
20
-86.0792359999999945
11
85.6899999999999977
21
-86.0869999999999891
0
LINE
8
BLACK
6
CONTINUOUS
10
85.6899999999999977
20
-86.0869999999999891
11
84.789999999999992
21
-86.0869999999999891
0
LINE
8
BLACK
6
CONTINUOUS
10
84.789999999999992
20
-86.0869999999999891
11
84.7509659999999911
21
-86.0792359999999945
0
LINE
8
BLACK
6
CONTINUOUS
10
84.7509659999999911
20
-86.0792359999999945
11
84.7178749999999923
21
-86.0571249999999992
0
LINE
8
BLACK
6
CONTINUOUS
10
84.7178749999999923
20
-86.0571249999999992
11
84.6957639999999969
21
-86.0240340000000003
0
LINE
8
BLACK
6
CONTINUOUS
10
84.6957639999999969
20
-86.0240340000000003
11
84.6880000000000024
21
-85.9849999999999994
0
LINE
8
BLACK
6
CONTINUOUS
10
84.6880000000000024
20
-85.9849999999999994
11
84.6880000000000024
21
-85.0150000000000006
0
LINE
8
BLACK
6
CONTINUOUS
10
84.6880000000000024
20
-85.0150000000000006
11
84.6957639999999969
21
-84.9759659999999997
0
LINE
8
BLACK
6
CONTINUOUS
10
84.6957639999999969
20
-84.9759659999999997
11
84.7178749999999923
21
-84.9428750000000008
0
LINE
8
BLACK
6
CONTINUOUS
10
84.7178749999999923
20
-84.9428750000000008
11
84.7509659999999911
21
-84.9207639999999913
0
LINE
8
BLACK
6
CONTINUOUS
10
84.7509659999999911
20
-84.9207639999999913
11
84.789999999999992
21
-84.9129999999999967
0
LINE
8
BLACK
6
CONTINUOUS
10
84.789999999999992
20
-84.9129999999999967
11
85.6899999999999977
21
-84.9129999999999967
0
LINE
8
BLACK
6
CONTINUOUS
10
85.6899999999999977
20
-84.9129999999999967
11
85.7290339999999986
21
-84.9207639999999913
0
LINE
8
BLACK
6
CONTINUOUS
10
87.2490339999999946
20
-84.9207639999999913
11
87.2821249999999935
21
-84.9428750000000008
0
LINE
8
BLACK
6
CONTINUOUS
10
87.2821249999999935
20
-84.9428750000000008
11
87.3042360000000031
21
-84.9759659999999997
0
LINE
8
BLACK
6
CONTINUOUS
10
87.3042360000000031
20
-84.9759659999999997
11
87.3119999999999976
21
-85.0150000000000006
0
LINE
8
BLACK
6
CONTINUOUS
10
87.3119999999999976
20
-85.0150000000000006
11
87.3119999999999976
21
-85.9849999999999994
0
LINE
8
BLACK
6
CONTINUOUS
10
87.3119999999999976
20
-85.9849999999999994
11
87.3042360000000031
21
-86.0240340000000003
0
LINE
8
BLACK
6
CONTINUOUS
10
87.3042360000000031
20
-86.0240340000000003
11
87.2821249999999935
21
-86.0571249999999992
0
LINE
8
BLACK
6
CONTINUOUS
10
87.2821249999999935
20
-86.0571249999999992
11
87.2490339999999946
21
-86.0792359999999945
0
LINE
8
BLACK
6
CONTINUOUS
10
87.2490339999999946
20
-86.0792359999999945
11
87.2099999999999937
21
-86.0869999999999891
0
LINE
8
BLACK
6
CONTINUOUS
10
87.2099999999999937
20
-86.0869999999999891
11
86.3100000000000023
21
-86.0869999999999891
0
LINE
8
BLACK
6
CONTINUOUS
10
86.3100000000000023
20
-86.0869999999999891
11
86.2709660000000014
21
-86.0792359999999945
0
LINE
8
BLACK
6
CONTINUOUS
10
86.2709660000000014
20
-86.0792359999999945
11
86.2378750000000025
21
-86.0571249999999992
0
LINE
8
BLACK
6
CONTINUOUS
10
86.2378750000000025
20
-86.0571249999999992
11
86.215763999999993
21
-86.0240340000000003
0
LINE
8
BLACK
6
CONTINUOUS
10
86.215763999999993
20
-86.0240340000000003
11
86.2079999999999984
21
-85.9849999999999994
0
LINE
8
BLACK
6
CONTINUOUS
10
86.2079999999999984
20
-85.9849999999999994
11
86.2079999999999984
21
-85.0150000000000006
0
LINE
8
BLACK
6
CONTINUOUS
10
86.2079999999999984
20
-85.0150000000000006
11
86.215763999999993
21
-84.9759659999999997
0
LINE
8
BLACK
6
CONTINUOUS
10
86.215763999999993
20
-84.9759659999999997
11
86.2378750000000025
21
-84.9428750000000008
0
LINE
8
BLACK
6
CONTINUOUS
10
86.2378750000000025
20
-84.9428750000000008
11
86.2709660000000014
21
-84.9207639999999913
0
LINE
8
BLACK
6
CONTINUOUS
10
86.2709660000000014
20
-84.9207639999999913
11
86.3100000000000023
21
-84.9129999999999967
0
LINE
8
BLACK
6
CONTINUOUS
10
86.3100000000000023
20
-84.9129999999999967
11
87.2099999999999937
21
-84.9129999999999967
0
LINE
8
BLACK
6
CONTINUOUS
10
87.2099999999999937
20
-84.9129999999999967
11
87.2490339999999946
21
-84.9207639999999913
0
LINE
8
BLACK
6
CONTINUOUS
10
50.4626400000000004
20
-84.5273509999999959
11
50.558723999999998
21
-84.5828249999999997
0
LINE
8
BLACK
6
CONTINUOUS
10
50.558723999999998
20
-84.5828249999999997
11
50.6371749999999992
21
-84.6612760000000009
0
LINE
8
BLACK
6
CONTINUOUS
10
50.6371749999999992
20
-84.6612760000000009
11
50.6926489999999959
21
-84.7573599999999914
0
LINE
8
BLACK
6
CONTINUOUS
10
50.6926489999999959
20
-84.7573599999999914
11
50.7213640000000012
21
-84.8645259999999979
0
LINE
8
BLACK
6
CONTINUOUS
10
50.7213640000000012
20
-84.8645259999999979
11
50.7213640000000012
21
-84.9754739999999913
0
LINE
8
BLACK
6
CONTINUOUS
10
50.7213640000000012
20
-84.9754739999999913
11
50.6926489999999959
21
-85.0826399999999978
0
LINE
8
BLACK
6
CONTINUOUS
10
50.6926489999999959
20
-85.0826399999999978
11
50.6371749999999992
21
-85.1787240000000025
0
LINE
8
BLACK
6
CONTINUOUS
10
50.6371749999999992
20
-85.1787240000000025
11
50.558723999999998
21
-85.2571749999999895
0
LINE
8
BLACK
6
CONTINUOUS
10
50.558723999999998
20
-85.2571749999999895
11
50.4626400000000004
21
-85.3126489999999933
0
LINE
8
BLACK
6
CONTINUOUS
10
50.4626400000000004
20
-85.3126489999999933
11
50.355474000000001
21
-85.3413639999999987
0
LINE
8
BLACK
6
CONTINUOUS
10
50.355474000000001
20
-85.3413639999999987
11
50.2445260000000005
21
-85.3413639999999987
0
LINE
8
BLACK
6
CONTINUOUS
10
50.2445260000000005
20
-85.3413639999999987
11
50.137360000000001
21
-85.3126489999999933
0
LINE
8
BLACK
6
CONTINUOUS
10
50.137360000000001
20
-85.3126489999999933
11
50.0412759999999963
21
-85.2571749999999895
0
LINE
8
BLACK
6
CONTINUOUS
10
50.0412759999999963
20
-85.2571749999999895
11
49.9628249999999952
21
-85.1787240000000025
0
LINE
8
BLACK
6
CONTINUOUS
10
49.9628249999999952
20
-85.1787240000000025
11
49.9073509999999985
21
-85.0826399999999978
0
LINE
8
BLACK
6
CONTINUOUS
10
49.9073509999999985
20
-85.0826399999999978
11
49.8786360000000002
21
-84.9754739999999913
0
LINE
8
BLACK
6
CONTINUOUS
10
49.8786360000000002
20
-84.9754739999999913
11
49.8786360000000002
21
-84.8645259999999979
0
LINE
8
BLACK
6
CONTINUOUS
10
49.8786360000000002
20
-84.8645259999999979
11
49.9073509999999985
21
-84.7573599999999914
0
LINE
8
BLACK
6
CONTINUOUS
10
49.9073509999999985
20
-84.7573599999999914
11
49.9628249999999952
21
-84.6612760000000009
0
LINE
8
BLACK
6
CONTINUOUS
10
49.9628249999999952
20
-84.6612760000000009
11
50.0412759999999963
21
-84.5828249999999997
0
LINE
8
BLACK
6
CONTINUOUS
10
50.0412759999999963
20
-84.5828249999999997
11
50.137360000000001
21
-84.5273509999999959
0
LINE
8
BLACK
6
CONTINUOUS
10
50.137360000000001
20
-84.5273509999999959
11
50.2445260000000005
21
-84.4986359999999905
0
LINE
8
BLACK
6
CONTINUOUS
10
50.2445260000000005
20
-84.4986359999999905
11
50.355474000000001
21
-84.4986359999999905
0
LINE
8
BLACK
6
CONTINUOUS
10
50.355474000000001
20
-84.4986359999999905
11
50.4626400000000004
21
-84.5273509999999959
0
LINE
8
BLACK
6
CONTINUOUS
10
76.7708339999999936
20
-83.9207639999999913
11
76.8039249999999925
21
-83.9428750000000008
0
LINE
8
BLACK
6
CONTINUOUS
10
76.8039249999999925
20
-83.9428750000000008
11
76.826036000000002
21
-83.9759659999999997
0
LINE
8
BLACK
6
CONTINUOUS
10
76.826036000000002
20
-83.9759659999999997
11
76.8337999999999965
21
-84.0150000000000006
0
LINE
8
BLACK
6
CONTINUOUS
10
76.8337999999999965
20
-84.0150000000000006
11
76.8337999999999965
21
-84.9849999999999994
0
LINE
8
BLACK
6
CONTINUOUS
10
76.8337999999999965
20
-84.9849999999999994
11
76.826036000000002
21
-85.0240340000000003
0
LINE
8
BLACK
6
CONTINUOUS
10
76.826036000000002
20
-85.0240340000000003
11
76.8039249999999925
21
-85.0571249999999992
0
LINE
8
BLACK
6
CONTINUOUS
10
76.8039249999999925
20
-85.0571249999999992
11
76.7708339999999936
21
-85.0792359999999945
0
LINE
8
BLACK
6
CONTINUOUS
10
76.7708339999999936
20
-85.0792359999999945
11
76.7317999999999927
21
-85.0869999999999891
0
LINE
8
BLACK
6
CONTINUOUS
10
76.7317999999999927
20
-85.0869999999999891
11
75.8318000000000012
21
-85.0869999999999891
0
LINE
8
BLACK
6
CONTINUOUS
10
75.8318000000000012
20
-85.0869999999999891
11
75.7927660000000003
21
-85.0792359999999945
0
LINE
8
BLACK
6
CONTINUOUS
10
75.7927660000000003
20
-85.0792359999999945
11
75.7596750000000014
21
-85.0571249999999992
0
LINE
8
BLACK
6
CONTINUOUS
10
75.7596750000000014
20
-85.0571249999999992
11
75.7375639999999919
21
-85.0240340000000003
0
LINE
8
BLACK
6
CONTINUOUS
10
75.7375639999999919
20
-85.0240340000000003
11
75.7297999999999973
21
-84.9849999999999994
0
LINE
8
BLACK
6
CONTINUOUS
10
75.7297999999999973
20
-84.9849999999999994
11
75.7297999999999973
21
-84.0150000000000006
0
LINE
8
BLACK
6
CONTINUOUS
10
75.7297999999999973
20
-84.0150000000000006
11
75.7375639999999919
21
-83.9759659999999997
0
LINE
8
BLACK
6
CONTINUOUS
10
75.7375639999999919
20
-83.9759659999999997
11
75.7596750000000014
21
-83.9428750000000008
0
LINE
8
BLACK
6
CONTINUOUS
10
75.7596750000000014
20
-83.9428750000000008
11
75.7927660000000003
21
-83.9207639999999913
0
LINE
8
BLACK
6
CONTINUOUS
10
75.7927660000000003
20
-83.9207639999999913
11
75.8318000000000012
21
-83.9129999999999967
0
LINE
8
BLACK
6
CONTINUOUS
10
75.8318000000000012
20
-83.9129999999999967
11
76.7317999999999927
21
-83.9129999999999967
0
LINE
8
BLACK
6
CONTINUOUS
10
76.7317999999999927
20
-83.9129999999999967
11
76.7708339999999936
21
-83.9207639999999913
0
LINE
8
BLACK
6
CONTINUOUS
10
78.2908339999999896
20
-83.9207639999999913
11
78.3239250000000027
21
-83.9428750000000008
0
LINE
8
BLACK
6
CONTINUOUS
10
78.3239250000000027
20
-83.9428750000000008
11
78.346035999999998
21
-83.9759659999999997
0
LINE
8
BLACK
6
CONTINUOUS
10
78.346035999999998
20
-83.9759659999999997
11
78.3537999999999926
21
-84.0150000000000006
0
LINE
8
BLACK
6
CONTINUOUS
10
78.3537999999999926
20
-84.0150000000000006
11
78.3537999999999926
21
-84.9849999999999994
0
LINE
8
BLACK
6
CONTINUOUS
10
78.3537999999999926
20
-84.9849999999999994
11
78.346035999999998
21
-85.0240340000000003
0
LINE
8
BLACK
6
CONTINUOUS
10
78.346035999999998
20
-85.0240340000000003
11
78.3239250000000027
21
-85.0571249999999992
0
LINE
8
BLACK
6
CONTINUOUS
10
78.3239250000000027
20
-85.0571249999999992
11
78.2908339999999896
21
-85.0792359999999945
0
LINE
8
BLACK
6
CONTINUOUS
10
78.2908339999999896
20
-85.0792359999999945
11
78.2518000000000029
21
-85.0869999999999891
0
LINE
8
BLACK
6
CONTINUOUS
10
78.2518000000000029
20
-85.0869999999999891
11
77.3517999999999972
21
-85.0869999999999891
0
LINE
8
BLACK
6
CONTINUOUS
10
77.3517999999999972
20
-85.0869999999999891
11
77.3127659999999963
21
-85.0792359999999945
0
LINE
8
BLACK
6
CONTINUOUS
10
77.3127659999999963
20
-85.0792359999999945
11
77.2796749999999975
21
-85.0571249999999992
0
LINE
8
BLACK
6
CONTINUOUS
10
77.2796749999999975
20
-85.0571249999999992
11
77.2575640000000021
21
-85.0240340000000003
0
LINE
8
BLACK
6
CONTINUOUS
10
77.2575640000000021
20
-85.0240340000000003
11
77.2497999999999934
21
-84.9849999999999994
0
LINE
8
BLACK
6
CONTINUOUS
10
77.2497999999999934
20
-84.9849999999999994
11
77.2497999999999934
21
-84.0150000000000006
0
LINE
8
BLACK
6
CONTINUOUS
10
77.2497999999999934
20
-84.0150000000000006
11
77.2575640000000021
21
-83.9759659999999997
0
LINE
8
BLACK
6
CONTINUOUS
10
77.2575640000000021
20
-83.9759659999999997
11
77.2796749999999975
21
-83.9428750000000008
0
LINE
8
BLACK
6
CONTINUOUS
10
77.2796749999999975
20
-83.9428750000000008
11
77.3127659999999963
21
-83.9207639999999913
0
LINE
8
BLACK
6
CONTINUOUS
10
77.3127659999999963
20
-83.9207639999999913
11
77.3517999999999972
21
-83.9129999999999967
0
LINE
8
BLACK
6
CONTINUOUS
10
77.3517999999999972
20
-83.9129999999999967
11
78.2518000000000029
21
-83.9129999999999967
0
LINE
8
BLACK
6
CONTINUOUS
10
78.2518000000000029
20
-83.9129999999999967
11
78.2908339999999896
21
-83.9207639999999913
0
LINE
8
BLACK
6
CONTINUOUS
10
98.7290339999999986
20
-83.1807639999999964
11
98.7621249999999975
21
-83.2028749999999917
0
LINE
8
BLACK
6
CONTINUOUS
10
98.7621249999999975
20
-83.2028749999999917
11
98.7842359999999928
21
-83.2359659999999906
0
LINE
8
BLACK
6
CONTINUOUS
10
98.7842359999999928
20
-83.2359659999999906
11
98.7920000000000016
21
-83.2749999999999915
0
LINE
8
BLACK
6
CONTINUOUS
10
98.7920000000000016
20
-83.2749999999999915
11
98.7920000000000016
21
-84.2449999999999903
0
LINE
8
BLACK
6
CONTINUOUS
10
98.7920000000000016
20
-84.2449999999999903
11
98.7842359999999928
21
-84.2840339999999912
0
LINE
8
BLACK
6
CONTINUOUS
10
98.7842359999999928
20
-84.2840339999999912
11
98.7621249999999975
21
-84.3171249999999901
0
LINE
8
BLACK
6
CONTINUOUS
10
98.7621249999999975
20
-84.3171249999999901
11
98.7290339999999986
21
-84.3392359999999996
0
LINE
8
BLACK
6
CONTINUOUS
10
98.7290339999999986
20
-84.3392359999999996
11
98.6899999999999977
21
-84.3469999999999942
0
LINE
8
BLACK
6
CONTINUOUS
10
98.6899999999999977
20
-84.3469999999999942
11
97.789999999999992
21
-84.3469999999999942
0
LINE
8
BLACK
6
CONTINUOUS
10
97.789999999999992
20
-84.3469999999999942
11
97.7509659999999911
21
-84.3392359999999996
0
LINE
8
BLACK
6
CONTINUOUS
10
97.7509659999999911
20
-84.3392359999999996
11
97.7178749999999923
21
-84.3171249999999901
0
LINE
8
BLACK
6
CONTINUOUS
10
97.7178749999999923
20
-84.3171249999999901
11
97.6957639999999969
21
-84.2840339999999912
0
LINE
8
BLACK
6
CONTINUOUS
10
97.6957639999999969
20
-84.2840339999999912
11
97.6880000000000024
21
-84.2449999999999903
0
LINE
8
BLACK
6
CONTINUOUS
10
97.6880000000000024
20
-84.2449999999999903
11
97.6880000000000024
21
-83.2749999999999915
0
LINE
8
BLACK
6
CONTINUOUS
10
97.6880000000000024
20
-83.2749999999999915
11
97.6957639999999969
21
-83.2359659999999906
0
LINE
8
BLACK
6
CONTINUOUS
10
97.6957639999999969
20
-83.2359659999999906
11
97.7178749999999923
21
-83.2028749999999917
0
LINE
8
BLACK
6
CONTINUOUS
10
97.7178749999999923
20
-83.2028749999999917
11
97.7509659999999911
21
-83.1807639999999964
0
LINE
8
BLACK
6
CONTINUOUS
10
97.7509659999999911
20
-83.1807639999999964
11
97.789999999999992
21
-83.1730000000000018
0
LINE
8
BLACK
6
CONTINUOUS
10
97.789999999999992
20
-83.1730000000000018
11
98.6899999999999977
21
-83.1730000000000018
0
LINE
8
BLACK
6
CONTINUOUS
10
98.6899999999999977
20
-83.1730000000000018
11
98.7290339999999986
21
-83.1807639999999964
0
LINE
8
BLACK
6
CONTINUOUS
10
100.2490339999999946
20
-83.1807639999999964
11
100.2821249999999935
21
-83.2028749999999917
0
LINE
8
BLACK
6
CONTINUOUS
10
100.2821249999999935
20
-83.2028749999999917
11
100.3042359999999888
21
-83.2359659999999906
0
LINE
8
BLACK
6
CONTINUOUS
10
100.3042359999999888
20
-83.2359659999999906
11
100.3119999999999976
21
-83.2749999999999915
0
LINE
8
BLACK
6
CONTINUOUS
10
100.3119999999999976
20
-83.2749999999999915
11
100.3119999999999976
21
-84.2449999999999903
0
LINE
8
BLACK
6
CONTINUOUS
10
100.3119999999999976
20
-84.2449999999999903
11
100.3042359999999888
21
-84.2840339999999912
0
LINE
8
BLACK
6
CONTINUOUS
10
100.3042359999999888
20
-84.2840339999999912
11
100.2821249999999935
21
-84.3171249999999901
0
LINE
8
BLACK
6
CONTINUOUS
10
100.2821249999999935
20
-84.3171249999999901
11
100.2490339999999946
21
-84.3392359999999996
0
LINE
8
BLACK
6
CONTINUOUS
10
100.2490339999999946
20
-84.3392359999999996
11
100.2099999999999937
21
-84.3469999999999942
0
LINE
8
BLACK
6
CONTINUOUS
10
100.2099999999999937
20
-84.3469999999999942
11
99.3100000000000023
21
-84.3469999999999942
0
LINE
8
BLACK
6
CONTINUOUS
10
99.3100000000000023
20
-84.3469999999999942
11
99.2709660000000014
21
-84.3392359999999996
0
LINE
8
BLACK
6
CONTINUOUS
10
99.2709660000000014
20
-84.3392359999999996
11
99.2378750000000025
21
-84.3171249999999901
0
LINE
8
BLACK
6
CONTINUOUS
10
99.2378750000000025
20
-84.3171249999999901
11
99.215763999999993
21
-84.2840339999999912
0
LINE
8
BLACK
6
CONTINUOUS
10
99.215763999999993
20
-84.2840339999999912
11
99.2079999999999984
21
-84.2449999999999903
0
LINE
8
BLACK
6
CONTINUOUS
10
99.2079999999999984
20
-84.2449999999999903
11
99.2079999999999984
21
-83.2749999999999915
0
LINE
8
BLACK
6
CONTINUOUS
10
99.2079999999999984
20
-83.2749999999999915
11
99.215763999999993
21
-83.2359659999999906
0
LINE
8
BLACK
6
CONTINUOUS
10
99.215763999999993
20
-83.2359659999999906
11
99.2378750000000025
21
-83.2028749999999917
0
LINE
8
BLACK
6
CONTINUOUS
10
99.2378750000000025
20
-83.2028749999999917
11
99.2709660000000014
21
-83.1807639999999964
0
LINE
8
BLACK
6
CONTINUOUS
10
99.2709660000000014
20
-83.1807639999999964
11
99.3100000000000023
21
-83.1730000000000018
0
LINE
8
BLACK
6
CONTINUOUS
10
99.3100000000000023
20
-83.1730000000000018
11
100.2099999999999937
21
-83.1730000000000018
0
LINE
8
BLACK
6
CONTINUOUS
10
100.2099999999999937
20
-83.1730000000000018
11
100.2490339999999946
21
-83.1807639999999964
0
LINE
8
BLACK
6
CONTINUOUS
10
50.7249999999999943
20
-82.8049999999999926
11
49.875
21
-82.8049999999999926
0
LINE
8
BLACK
6
CONTINUOUS
10
49.875
20
-82.8049999999999926
11
49.875
21
-81.9549999999999983
0
LINE
8
BLACK
6
CONTINUOUS
10
49.875
20
-81.9549999999999983
11
50.7249999999999943
21
-81.9549999999999983
0
LINE
8
BLACK
6
CONTINUOUS
10
50.7249999999999943
20
-81.9549999999999983
11
50.7249999999999943
21
-82.8049999999999926
0
LINE
8
BLACK
6
CONTINUOUS
10
91.3290339999999929
20
-78.9457639999999969
11
91.3621249999999918
21
-78.9678749999999923
0
LINE
8
BLACK
6
CONTINUOUS
10
91.3621249999999918
20
-78.9678749999999923
11
91.3842360000000014
21
-79.0009659999999911
0
LINE
8
BLACK
6
CONTINUOUS
10
91.3842360000000014
20
-79.0009659999999911
11
91.3919999999999959
21
-79.039999999999992
0
LINE
8
BLACK
6
CONTINUOUS
10
91.3919999999999959
20
-79.039999999999992
11
91.3919999999999959
21
-82.4599999999999937
0
LINE
8
BLACK
6
CONTINUOUS
10
91.3919999999999959
20
-82.4599999999999937
11
91.3842360000000014
21
-82.4990339999999946
0
LINE
8
BLACK
6
CONTINUOUS
10
91.3842360000000014
20
-82.4990339999999946
11
91.3621249999999918
21
-82.5321249999999935
0
LINE
8
BLACK
6
CONTINUOUS
10
91.3621249999999918
20
-82.5321249999999935
11
91.3290339999999929
21
-82.5542360000000031
0
LINE
8
BLACK
6
CONTINUOUS
10
91.3290339999999929
20
-82.5542360000000031
11
91.289999999999992
21
-82.5619999999999976
0
LINE
8
BLACK
6
CONTINUOUS
10
91.289999999999992
20
-82.5619999999999976
11
88.5899999999999892
21
-82.5619999999999976
0
LINE
8
BLACK
6
CONTINUOUS
10
88.5899999999999892
20
-82.5619999999999976
11
88.5509660000000025
21
-82.5542360000000031
0
LINE
8
BLACK
6
CONTINUOUS
10
88.5509660000000025
20
-82.5542360000000031
11
88.5178749999999894
21
-82.5321249999999935
0
LINE
8
BLACK
6
CONTINUOUS
10
88.5178749999999894
20
-82.5321249999999935
11
88.4957639999999941
21
-82.4990339999999946
0
LINE
8
BLACK
6
CONTINUOUS
10
88.4957639999999941
20
-82.4990339999999946
11
88.4879999999999995
21
-82.4599999999999937
0
LINE
8
BLACK
6
CONTINUOUS
10
88.4879999999999995
20
-82.4599999999999937
11
88.4879999999999995
21
-79.039999999999992
0
LINE
8
BLACK
6
CONTINUOUS
10
88.4879999999999995
20
-79.039999999999992
11
88.4957639999999941
21
-79.0009659999999911
0
LINE
8
BLACK
6
CONTINUOUS
10
88.4957639999999941
20
-79.0009659999999911
11
88.5178749999999894
21
-78.9678749999999923
0
LINE
8
BLACK
6
CONTINUOUS
10
88.5178749999999894
20
-78.9678749999999923
11
88.5509660000000025
21
-78.9457639999999969
0
LINE
8
BLACK
6
CONTINUOUS
10
88.5509660000000025
20
-78.9457639999999969
11
88.5899999999999892
21
-78.9380000000000024
0
LINE
8
BLACK
6
CONTINUOUS
10
88.5899999999999892
20
-78.9380000000000024
11
91.289999999999992
21
-78.9380000000000024
0
LINE
8
BLACK
6
CONTINUOUS
10
91.289999999999992
20
-78.9380000000000024
11
91.3290339999999929
21
-78.9457639999999969
0
LINE
8
BLACK
6
CONTINUOUS
10
95.9490339999999975
20
-78.9457639999999969
11
95.9821249999999964
21
-78.9678749999999923
0
LINE
8
BLACK
6
CONTINUOUS
10
95.9821249999999964
20
-78.9678749999999923
11
96.0042359999999917
21
-79.0009659999999911
0
LINE
8
BLACK
6
CONTINUOUS
10
96.0042359999999917
20
-79.0009659999999911
11
96.0120000000000005
21
-79.039999999999992
0
LINE
8
BLACK
6
CONTINUOUS
10
96.0120000000000005
20
-79.039999999999992
11
96.0120000000000005
21
-82.4599999999999937
0
LINE
8
BLACK
6
CONTINUOUS
10
96.0120000000000005
20
-82.4599999999999937
11
96.0042359999999917
21
-82.4990339999999946
0
LINE
8
BLACK
6
CONTINUOUS
10
96.0042359999999917
20
-82.4990339999999946
11
95.9821249999999964
21
-82.5321249999999935
0
LINE
8
BLACK
6
CONTINUOUS
10
95.9821249999999964
20
-82.5321249999999935
11
95.9490339999999975
21
-82.5542360000000031
0
LINE
8
BLACK
6
CONTINUOUS
10
95.9490339999999975
20
-82.5542360000000031
11
95.9099999999999966
21
-82.5619999999999976
0
LINE
8
BLACK
6
CONTINUOUS
10
95.9099999999999966
20
-82.5619999999999976
11
93.2099999999999937
21
-82.5619999999999976
0
LINE
8
BLACK
6
CONTINUOUS
10
93.2099999999999937
20
-82.5619999999999976
11
93.1709659999999928
21
-82.5542360000000031
0
LINE
8
BLACK
6
CONTINUOUS
10
93.1709659999999928
20
-82.5542360000000031
11
93.137874999999994
21
-82.5321249999999935
0
LINE
8
BLACK
6
CONTINUOUS
10
93.137874999999994
20
-82.5321249999999935
11
93.1157639999999986
21
-82.4990339999999946
0
LINE
8
BLACK
6
CONTINUOUS
10
93.1157639999999986
20
-82.4990339999999946
11
93.1079999999999899
21
-82.4599999999999937
0
LINE
8
BLACK
6
CONTINUOUS
10
93.1079999999999899
20
-82.4599999999999937
11
93.1079999999999899
21
-79.039999999999992
0
LINE
8
BLACK
6
CONTINUOUS
10
93.1079999999999899
20
-79.039999999999992
11
93.1157639999999986
21
-79.0009659999999911
0
LINE
8
BLACK
6
CONTINUOUS
10
93.1157639999999986
20
-79.0009659999999911
11
93.137874999999994
21
-78.9678749999999923
0
LINE
8
BLACK
6
CONTINUOUS
10
93.137874999999994
20
-78.9678749999999923
11
93.1709659999999928
21
-78.9457639999999969
0
LINE
8
BLACK
6
CONTINUOUS
10
93.1709659999999928
20
-78.9457639999999969
11
93.2099999999999937
21
-78.9380000000000024
0
LINE
8
BLACK
6
CONTINUOUS
10
93.2099999999999937
20
-78.9380000000000024
11
95.9099999999999966
21
-78.9380000000000024
0
LINE
8
BLACK
6
CONTINUOUS
10
95.9099999999999966
20
-78.9380000000000024
11
95.9490339999999975
21
-78.9457639999999969
0
LINE
8
BLACK
6
CONTINUOUS
10
109.6208340000000021
20
-78.9117639999999909
11
109.653925000000001
21
-78.9338750000000005
0
LINE
8
BLACK
6
CONTINUOUS
10
109.653925000000001
20
-78.9338750000000005
11
109.6760359999999963
21
-78.9669659999999993
0
LINE
8
BLACK
6
CONTINUOUS
10
109.6760359999999963
20
-78.9669659999999993
11
109.6837999999999909
21
-79.0060000000000002
0
LINE
8
BLACK
6
CONTINUOUS
10
109.6837999999999909
20
-79.0060000000000002
11
109.6837999999999909
21
-82.4260000000000019
0
LINE
8
BLACK
6
CONTINUOUS
10
109.6837999999999909
20
-82.4260000000000019
11
109.6760359999999963
21
-82.4650340000000028
0
LINE
8
BLACK
6
CONTINUOUS
10
109.6760359999999963
20
-82.4650340000000028
11
109.653925000000001
21
-82.4981250000000017
0
LINE
8
BLACK
6
CONTINUOUS
10
109.653925000000001
20
-82.4981250000000017
11
109.6208340000000021
21
-82.520235999999997
0
LINE
8
BLACK
6
CONTINUOUS
10
109.6208340000000021
20
-82.520235999999997
11
109.5818000000000012
21
-82.5279999999999916
0
LINE
8
BLACK
6
CONTINUOUS
10
109.5818000000000012
20
-82.5279999999999916
11
106.8817999999999984
21
-82.5279999999999916
0
LINE
8
BLACK
6
CONTINUOUS
10
106.8817999999999984
20
-82.5279999999999916
11
106.8427659999999975
21
-82.520235999999997
0
LINE
8
BLACK
6
CONTINUOUS
10
106.8427659999999975
20
-82.520235999999997
11
106.8096749999999986
21
-82.4981250000000017
0
LINE
8
BLACK
6
CONTINUOUS
10
106.8096749999999986
20
-82.4981250000000017
11
106.7875639999999891
21
-82.4650340000000028
0
LINE
8
BLACK
6
CONTINUOUS
10
106.7875639999999891
20
-82.4650340000000028
11
106.7797999999999945
21
-82.4260000000000019
0
LINE
8
BLACK
6
CONTINUOUS
10
106.7797999999999945
20
-82.4260000000000019
11
106.7797999999999945
21
-79.0060000000000002
0
LINE
8
BLACK
6
CONTINUOUS
10
106.7797999999999945
20
-79.0060000000000002
11
106.7875639999999891
21
-78.9669659999999993
0
LINE
8
BLACK
6
CONTINUOUS
10
106.7875639999999891
20
-78.9669659999999993
11
106.8096749999999986
21
-78.9338750000000005
0
LINE
8
BLACK
6
CONTINUOUS
10
106.8096749999999986
20
-78.9338750000000005
11
106.8427659999999975
21
-78.9117639999999909
0
LINE
8
BLACK
6
CONTINUOUS
10
106.8427659999999975
20
-78.9117639999999909
11
106.8817999999999984
21
-78.9039999999999964
0
LINE
8
BLACK
6
CONTINUOUS
10
106.8817999999999984
20
-78.9039999999999964
11
109.5818000000000012
21
-78.9039999999999964
0
LINE
8
BLACK
6
CONTINUOUS
10
109.5818000000000012
20
-78.9039999999999964
11
109.6208340000000021
21
-78.9117639999999909
0
LINE
8
BLACK
6
CONTINUOUS
10
114.2408339999999924
20
-78.9117639999999909
11
114.2739249999999913
21
-78.9338750000000005
0
LINE
8
BLACK
6
CONTINUOUS
10
114.2739249999999913
20
-78.9338750000000005
11
114.2960360000000009
21
-78.9669659999999993
0
LINE
8
BLACK
6
CONTINUOUS
10
114.2960360000000009
20
-78.9669659999999993
11
114.3037999999999954
21
-79.0060000000000002
0
LINE
8
BLACK
6
CONTINUOUS
10
114.3037999999999954
20
-79.0060000000000002
11
114.3037999999999954
21
-82.4260000000000019
0
LINE
8
BLACK
6
CONTINUOUS
10
114.3037999999999954
20
-82.4260000000000019
11
114.2960360000000009
21
-82.4650340000000028
0
LINE
8
BLACK
6
CONTINUOUS
10
114.2960360000000009
20
-82.4650340000000028
11
114.2739249999999913
21
-82.4981250000000017
0
LINE
8
BLACK
6
CONTINUOUS
10
114.2739249999999913
20
-82.4981250000000017
11
114.2408339999999924
21
-82.520235999999997
0
LINE
8
BLACK
6
CONTINUOUS
10
114.2408339999999924
20
-82.520235999999997
11
114.2017999999999915
21
-82.5279999999999916
0
LINE
8
BLACK
6
CONTINUOUS
10
114.2017999999999915
20
-82.5279999999999916
11
111.5017999999999887
21
-82.5279999999999916
0
LINE
8
BLACK
6
CONTINUOUS
10
111.5017999999999887
20
-82.5279999999999916
11
111.462766000000002
21
-82.520235999999997
0
LINE
8
BLACK
6
CONTINUOUS
10
111.462766000000002
20
-82.520235999999997
11
111.4296749999999889
21
-82.4981250000000017
0
LINE
8
BLACK
6
CONTINUOUS
10
111.4296749999999889
20
-82.4981250000000017
11
111.4075639999999936
21
-82.4650340000000028
0
LINE
8
BLACK
6
CONTINUOUS
10
111.4075639999999936
20
-82.4650340000000028
11
111.399799999999999
21
-82.4260000000000019
0
LINE
8
BLACK
6
CONTINUOUS
10
111.399799999999999
20
-82.4260000000000019
11
111.399799999999999
21
-79.0060000000000002
0
LINE
8
BLACK
6
CONTINUOUS
10
111.399799999999999
20
-79.0060000000000002
11
111.4075639999999936
21
-78.9669659999999993
0
LINE
8
BLACK
6
CONTINUOUS
10
111.4075639999999936
20
-78.9669659999999993
11
111.4296749999999889
21
-78.9338750000000005
0
LINE
8
BLACK
6
CONTINUOUS
10
111.4296749999999889
20
-78.9338750000000005
11
111.462766000000002
21
-78.9117639999999909
0
LINE
8
BLACK
6
CONTINUOUS
10
111.462766000000002
20
-78.9117639999999909
11
111.5017999999999887
21
-78.9039999999999964
0
LINE
8
BLACK
6
CONTINUOUS
10
111.5017999999999887
20
-78.9039999999999964
11
114.2017999999999915
21
-78.9039999999999964
0
LINE
8
BLACK
6
CONTINUOUS
10
114.2017999999999915
20
-78.9039999999999964
11
114.2408339999999924
21
-78.9117639999999909
0
LINE
8
BLACK
6
CONTINUOUS
10
73.3798340000000024
20
-78.7979639999999932
11
73.4129250000000013
21
-78.8200750000000028
0
LINE
8
BLACK
6
CONTINUOUS
10
73.4129250000000013
20
-78.8200750000000028
11
73.4350359999999966
21
-78.8531660000000016
0
LINE
8
BLACK
6
CONTINUOUS
10
73.4350359999999966
20
-78.8531660000000016
11
73.4427999999999912
21
-78.8922000000000025
0
LINE
8
BLACK
6
CONTINUOUS
10
73.4427999999999912
20
-78.8922000000000025
11
73.4427999999999912
21
-82.31219999999999
0
LINE
8
BLACK
6
CONTINUOUS
10
73.4427999999999912
20
-82.31219999999999
11
73.4350359999999966
21
-82.3512339999999909
0
LINE
8
BLACK
6
CONTINUOUS
10
73.4350359999999966
20
-82.3512339999999909
11
73.4129250000000013
21
-82.3843249999999898
0
LINE
8
BLACK
6
CONTINUOUS
10
73.4129250000000013
20
-82.3843249999999898
11
73.3798340000000024
21
-82.4064359999999994
0
LINE
8
BLACK
6
CONTINUOUS
10
73.3798340000000024
20
-82.4064359999999994
11
73.3408000000000015
21
-82.4141999999999939
0
LINE
8
BLACK
6
CONTINUOUS
10
73.3408000000000015
20
-82.4141999999999939
11
70.6407999999999987
21
-82.4141999999999939
0
LINE
8
BLACK
6
CONTINUOUS
10
70.6407999999999987
20
-82.4141999999999939
11
70.6017659999999978
21
-82.4064359999999994
0
LINE
8
BLACK
6
CONTINUOUS
10
70.6017659999999978
20
-82.4064359999999994
11
70.5686749999999989
21
-82.3843249999999898
0
LINE
8
BLACK
6
CONTINUOUS
10
70.5686749999999989
20
-82.3843249999999898
11
70.5465640000000036
21
-82.3512339999999909
0
LINE
8
BLACK
6
CONTINUOUS
10
70.5465640000000036
20
-82.3512339999999909
11
70.5387999999999948
21
-82.31219999999999
0
LINE
8
BLACK
6
CONTINUOUS
10
70.5387999999999948
20
-82.31219999999999
11
70.5387999999999948
21
-78.8922000000000025
0
LINE
8
BLACK
6
CONTINUOUS
10
70.5387999999999948
20
-78.8922000000000025
11
70.5465640000000036
21
-78.8531660000000016
0
LINE
8
BLACK
6
CONTINUOUS
10
70.5465640000000036
20
-78.8531660000000016
11
70.5686749999999989
21
-78.8200750000000028
0
LINE
8
BLACK
6
CONTINUOUS
10
70.5686749999999989
20
-78.8200750000000028
11
70.6017659999999978
21
-78.7979639999999932
0
LINE
8
BLACK
6
CONTINUOUS
10
70.6017659999999978
20
-78.7979639999999932
11
70.6407999999999987
21
-78.7901999999999987
0
LINE
8
BLACK
6
CONTINUOUS
10
70.6407999999999987
20
-78.7901999999999987
11
73.3408000000000015
21
-78.7901999999999987
0
LINE
8
BLACK
6
CONTINUOUS
10
73.3408000000000015
20
-78.7901999999999987
11
73.3798340000000024
21
-78.7979639999999932
0
LINE
8
BLACK
6
CONTINUOUS
10
77.9998339999999928
20
-78.7979639999999932
11
78.0329249999999917
21
-78.8200750000000028
0
LINE
8
BLACK
6
CONTINUOUS
10
78.0329249999999917
20
-78.8200750000000028
11
78.0550360000000012
21
-78.8531660000000016
0
LINE
8
BLACK
6
CONTINUOUS
10
78.0550360000000012
20
-78.8531660000000016
11
78.0627999999999957
21
-78.8922000000000025
0
LINE
8
BLACK
6
CONTINUOUS
10
78.0627999999999957
20
-78.8922000000000025
11
78.0627999999999957
21
-82.31219999999999
0
LINE
8
BLACK
6
CONTINUOUS
10
78.0627999999999957
20
-82.31219999999999
11
78.0550360000000012
21
-82.3512339999999909
0
LINE
8
BLACK
6
CONTINUOUS
10
78.0550360000000012
20
-82.3512339999999909
11
78.0329249999999917
21
-82.3843249999999898
0
LINE
8
BLACK
6
CONTINUOUS
10
78.0329249999999917
20
-82.3843249999999898
11
77.9998339999999928
21
-82.4064359999999994
0
LINE
8
BLACK
6
CONTINUOUS
10
77.9998339999999928
20
-82.4064359999999994
11
77.9607999999999919
21
-82.4141999999999939
0
LINE
8
BLACK
6
CONTINUOUS
10
77.9607999999999919
20
-82.4141999999999939
11
75.2608000000000033
21
-82.4141999999999939
0
LINE
8
BLACK
6
CONTINUOUS
10
75.2608000000000033
20
-82.4141999999999939
11
75.2217660000000024
21
-82.4064359999999994
0
LINE
8
BLACK
6
CONTINUOUS
10
75.2217660000000024
20
-82.4064359999999994
11
75.1886750000000035
21
-82.3843249999999898
0
LINE
8
BLACK
6
CONTINUOUS
10
75.1886750000000035
20
-82.3843249999999898
11
75.1665639999999939
21
-82.3512339999999909
0
LINE
8
BLACK
6
CONTINUOUS
10
75.1665639999999939
20
-82.3512339999999909
11
75.1587999999999994
21
-82.31219999999999
0
LINE
8
BLACK
6
CONTINUOUS
10
75.1587999999999994
20
-82.31219999999999
11
75.1587999999999994
21
-78.8922000000000025
0
LINE
8
BLACK
6
CONTINUOUS
10
75.1587999999999994
20
-78.8922000000000025
11
75.1665639999999939
21
-78.8531660000000016
0
LINE
8
BLACK
6
CONTINUOUS
10
75.1665639999999939
20
-78.8531660000000016
11
75.1886750000000035
21
-78.8200750000000028
0
LINE
8
BLACK
6
CONTINUOUS
10
75.1886750000000035
20
-78.8200750000000028
11
75.2217660000000024
21
-78.7979639999999932
0
LINE
8
BLACK
6
CONTINUOUS
10
75.2217660000000024
20
-78.7979639999999932
11
75.2608000000000033
21
-78.7901999999999987
0
LINE
8
BLACK
6
CONTINUOUS
10
75.2608000000000033
20
-78.7901999999999987
11
77.9607999999999919
21
-78.7901999999999987
0
LINE
8
BLACK
6
CONTINUOUS
10
77.9607999999999919
20
-78.7901999999999987
11
77.9998339999999928
21
-78.7979639999999932
0
LINE
8
BLACK
6
CONTINUOUS
10
138.0390339999999867
20
-66.1057639999999935
11
138.0721249999999998
21
-66.1278750000000031
0
LINE
8
BLACK
6
CONTINUOUS
10
138.0721249999999998
20
-66.1278750000000031
11
138.0942359999999951
21
-66.1609660000000019
0
LINE
8
BLACK
6
CONTINUOUS
10
138.0942359999999951
20
-66.1609660000000019
11
138.1020000000000039
21
-66.2000000000000028
0
LINE
8
BLACK
6
CONTINUOUS
10
138.1020000000000039
20
-66.2000000000000028
11
138.1020000000000039
21
-78.2000000000000028
0
LINE
8
BLACK
6
CONTINUOUS
10
138.1020000000000039
20
-78.2000000000000028
11
138.0942359999999951
21
-78.2390339999999895
0
LINE
8
BLACK
6
CONTINUOUS
10
138.0942359999999951
20
-78.2390339999999895
11
138.0721249999999998
21
-78.2721250000000026
0
LINE
8
BLACK
6
CONTINUOUS
10
138.0721249999999998
20
-78.2721250000000026
11
138.0390339999999867
21
-78.2942359999999979
0
LINE
8
BLACK
6
CONTINUOUS
10
138.0390339999999867
20
-78.2942359999999979
11
138.
21
-78.3019999999999925
0
LINE
8
BLACK
6
CONTINUOUS
10
138.
20
-78.3019999999999925
11
129.
21
-78.3019999999999925
0
LINE
8
BLACK
6
CONTINUOUS
10
129.
20
-78.3019999999999925
11
128.9609659999999849
21
-78.2942359999999979
0
LINE
8
BLACK
6
CONTINUOUS
10
128.9609659999999849
20
-78.2942359999999979
11
128.9278750000000002
21
-78.2721250000000026
0
LINE
8
BLACK
6
CONTINUOUS
10
128.9278750000000002
20
-78.2721250000000026
11
128.9057640000000049
21
-78.2390339999999895
0
LINE
8
BLACK
6
CONTINUOUS
10
128.9057640000000049
20
-78.2390339999999895
11
128.8979999999999961
21
-78.2000000000000028
0
LINE
8
BLACK
6
CONTINUOUS
10
128.8979999999999961
20
-78.2000000000000028
11
128.8979999999999961
21
-66.2000000000000028
0
LINE
8
BLACK
6
CONTINUOUS
10
128.8979999999999961
20
-66.2000000000000028
11
128.9057640000000049
21
-66.1609660000000019
0
LINE
8
BLACK
6
CONTINUOUS
10
128.9057640000000049
20
-66.1609660000000019
11
128.9278750000000002
21
-66.1278750000000031
0
LINE
8
BLACK
6
CONTINUOUS
10
128.9278750000000002
20
-66.1278750000000031
11
128.9609659999999849
21
-66.1057639999999935
0
LINE
8
BLACK
6
CONTINUOUS
10
128.9609659999999849
20
-66.1057639999999935
11
129.
21
-66.097999999999999
0
LINE
8
BLACK
6
CONTINUOUS
10
129.
20
-66.097999999999999
11
138.
21
-66.097999999999999
0
LINE
8
BLACK
6
CONTINUOUS
10
138.
20
-66.097999999999999
11
138.0390339999999867
21
-66.1057639999999935
0
LINE
8
BLACK
6
CONTINUOUS
10
91.3290339999999929
20
-73.979764000000003
11
91.3621249999999918
21
-74.0018749999999983
0
LINE
8
BLACK
6
CONTINUOUS
10
91.3621249999999918
20
-74.0018749999999983
11
91.3842360000000014
21
-74.0349659999999972
0
LINE
8
BLACK
6
CONTINUOUS
10
91.3842360000000014
20
-74.0349659999999972
11
91.3919999999999959
21
-74.0739999999999981
0
LINE
8
BLACK
6
CONTINUOUS
10
91.3919999999999959
20
-74.0739999999999981
11
91.3919999999999959
21
-77.4939999999999998
0
LINE
8
BLACK
6
CONTINUOUS
10
91.3919999999999959
20
-77.4939999999999998
11
91.3842360000000014
21
-77.5330340000000007
0
LINE
8
BLACK
6
CONTINUOUS
10
91.3842360000000014
20
-77.5330340000000007
11
91.3621249999999918
21
-77.5661249999999995
0
LINE
8
BLACK
6
CONTINUOUS
10
91.3621249999999918
20
-77.5661249999999995
11
91.3290339999999929
21
-77.5882359999999949
0
LINE
8
BLACK
6
CONTINUOUS
10
91.3290339999999929
20
-77.5882359999999949
11
91.289999999999992
21
-77.5959999999999894
0
LINE
8
BLACK
6
CONTINUOUS
10
91.289999999999992
20
-77.5959999999999894
11
88.5899999999999892
21
-77.5959999999999894
0
LINE
8
BLACK
6
CONTINUOUS
10
88.5899999999999892
20
-77.5959999999999894
11
88.5509660000000025
21
-77.5882359999999949
0
LINE
8
BLACK
6
CONTINUOUS
10
88.5509660000000025
20
-77.5882359999999949
11
88.5178749999999894
21
-77.5661249999999995
0
LINE
8
BLACK
6
CONTINUOUS
10
88.5178749999999894
20
-77.5661249999999995
11
88.4957639999999941
21
-77.5330340000000007
0
LINE
8
BLACK
6
CONTINUOUS
10
88.4957639999999941
20
-77.5330340000000007
11
88.4879999999999995
21
-77.4939999999999998
0
LINE
8
BLACK
6
CONTINUOUS
10
88.4879999999999995
20
-77.4939999999999998
11
88.4879999999999995
21
-74.0739999999999981
0
LINE
8
BLACK
6
CONTINUOUS
10
88.4879999999999995
20
-74.0739999999999981
11
88.4957639999999941
21
-74.0349659999999972
0
LINE
8
BLACK
6
CONTINUOUS
10
88.4957639999999941
20
-74.0349659999999972
11
88.5178749999999894
21
-74.0018749999999983
0
LINE
8
BLACK
6
CONTINUOUS
10
88.5178749999999894
20
-74.0018749999999983
11
88.5509660000000025
21
-73.979764000000003
0
LINE
8
BLACK
6
CONTINUOUS
10
88.5509660000000025
20
-73.979764000000003
11
88.5899999999999892
21
-73.9719999999999942
0
LINE
8
BLACK
6
CONTINUOUS
10
88.5899999999999892
20
-73.9719999999999942
11
91.289999999999992
21
-73.9719999999999942
0
LINE
8
BLACK
6
CONTINUOUS
10
91.289999999999992
20
-73.9719999999999942
11
91.3290339999999929
21
-73.979764000000003
0
LINE
8
BLACK
6
CONTINUOUS
10
95.9490339999999975
20
-73.979764000000003
11
95.9821249999999964
21
-74.0018749999999983
0
LINE
8
BLACK
6
CONTINUOUS
10
95.9821249999999964
20
-74.0018749999999983
11
96.0042359999999917
21
-74.0349659999999972
0
LINE
8
BLACK
6
CONTINUOUS
10
96.0042359999999917
20
-74.0349659999999972
11
96.0120000000000005
21
-74.0739999999999981
0
LINE
8
BLACK
6
CONTINUOUS
10
96.0120000000000005
20
-74.0739999999999981
11
96.0120000000000005
21
-77.4939999999999998
0
LINE
8
BLACK
6
CONTINUOUS
10
96.0120000000000005
20
-77.4939999999999998
11
96.0042359999999917
21
-77.5330340000000007
0
LINE
8
BLACK
6
CONTINUOUS
10
96.0042359999999917
20
-77.5330340000000007
11
95.9821249999999964
21
-77.5661249999999995
0
LINE
8
BLACK
6
CONTINUOUS
10
95.9821249999999964
20
-77.5661249999999995
11
95.9490339999999975
21
-77.5882359999999949
0
LINE
8
BLACK
6
CONTINUOUS
10
95.9490339999999975
20
-77.5882359999999949
11
95.9099999999999966
21
-77.5959999999999894
0
LINE
8
BLACK
6
CONTINUOUS
10
95.9099999999999966
20
-77.5959999999999894
11
93.2099999999999937
21
-77.5959999999999894
0
LINE
8
BLACK
6
CONTINUOUS
10
93.2099999999999937
20
-77.5959999999999894
11
93.1709659999999928
21
-77.5882359999999949
0
LINE
8
BLACK
6
CONTINUOUS
10
93.1709659999999928
20
-77.5882359999999949
11
93.137874999999994
21
-77.5661249999999995
0
LINE
8
BLACK
6
CONTINUOUS
10
93.137874999999994
20
-77.5661249999999995
11
93.1157639999999986
21
-77.5330340000000007
0
LINE
8
BLACK
6
CONTINUOUS
10
93.1157639999999986
20
-77.5330340000000007
11
93.1079999999999899
21
-77.4939999999999998
0
LINE
8
BLACK
6
CONTINUOUS
10
93.1079999999999899
20
-77.4939999999999998
11
93.1079999999999899
21
-74.0739999999999981
0
LINE
8
BLACK
6
CONTINUOUS
10
93.1079999999999899
20
-74.0739999999999981
11
93.1157639999999986
21
-74.0349659999999972
0
LINE
8
BLACK
6
CONTINUOUS
10
93.1157639999999986
20
-74.0349659999999972
11
93.137874999999994
21
-74.0018749999999983
0
LINE
8
BLACK
6
CONTINUOUS
10
93.137874999999994
20
-74.0018749999999983
11
93.1709659999999928
21
-73.979764000000003
0
LINE
8
BLACK
6
CONTINUOUS
10
93.1709659999999928
20
-73.979764000000003
11
93.2099999999999937
21
-73.9719999999999942
0
LINE
8
BLACK
6
CONTINUOUS
10
93.2099999999999937
20
-73.9719999999999942
11
95.9099999999999966
21
-73.9719999999999942
0
LINE
8
BLACK
6
CONTINUOUS
10
95.9099999999999966
20
-73.9719999999999942
11
95.9490339999999975
21
-73.979764000000003
0
LINE
8
BLACK
6
CONTINUOUS
10
109.6208340000000021
20
-73.9457639999999969
11
109.653925000000001
21
-73.9678749999999923
0
LINE
8
BLACK
6
CONTINUOUS
10
109.653925000000001
20
-73.9678749999999923
11
109.6760359999999963
21
-74.0009659999999911
0
LINE
8
BLACK
6
CONTINUOUS
10
109.6760359999999963
20
-74.0009659999999911
11
109.6837999999999909
21
-74.039999999999992
0
LINE
8
BLACK
6
CONTINUOUS
10
109.6837999999999909
20
-74.039999999999992
11
109.6837999999999909
21
-77.4599999999999937
0
LINE
8
BLACK
6
CONTINUOUS
10
109.6837999999999909
20
-77.4599999999999937
11
109.6760359999999963
21
-77.4990339999999946
0
LINE
8
BLACK
6
CONTINUOUS
10
109.6760359999999963
20
-77.4990339999999946
11
109.653925000000001
21
-77.5321249999999935
0
LINE
8
BLACK
6
CONTINUOUS
10
109.653925000000001
20
-77.5321249999999935
11
109.6208340000000021
21
-77.5542360000000031
0
LINE
8
BLACK
6
CONTINUOUS
10
109.6208340000000021
20
-77.5542360000000031
11
109.5818000000000012
21
-77.5619999999999976
0
LINE
8
BLACK
6
CONTINUOUS
10
109.5818000000000012
20
-77.5619999999999976
11
106.8817999999999984
21
-77.5619999999999976
0
LINE
8
BLACK
6
CONTINUOUS
10
106.8817999999999984
20
-77.5619999999999976
11
106.8427659999999975
21
-77.5542360000000031
0
LINE
8
BLACK
6
CONTINUOUS
10
106.8427659999999975
20
-77.5542360000000031
11
106.8096749999999986
21
-77.5321249999999935
0
LINE
8
BLACK
6
CONTINUOUS
10
106.8096749999999986
20
-77.5321249999999935
11
106.7875639999999891
21
-77.4990339999999946
0
LINE
8
BLACK
6
CONTINUOUS
10
106.7875639999999891
20
-77.4990339999999946
11
106.7797999999999945
21
-77.4599999999999937
0
LINE
8
BLACK
6
CONTINUOUS
10
106.7797999999999945
20
-77.4599999999999937
11
106.7797999999999945
21
-74.039999999999992
0
LINE
8
BLACK
6
CONTINUOUS
10
106.7797999999999945
20
-74.039999999999992
11
106.7875639999999891
21
-74.0009659999999911
0
LINE
8
BLACK
6
CONTINUOUS
10
106.7875639999999891
20
-74.0009659999999911
11
106.8096749999999986
21
-73.9678749999999923
0
LINE
8
BLACK
6
CONTINUOUS
10
106.8096749999999986
20
-73.9678749999999923
11
106.8427659999999975
21
-73.9457639999999969
0
LINE
8
BLACK
6
CONTINUOUS
10
106.8427659999999975
20
-73.9457639999999969
11
106.8817999999999984
21
-73.9380000000000024
0
LINE
8
BLACK
6
CONTINUOUS
10
106.8817999999999984
20
-73.9380000000000024
11
109.5818000000000012
21
-73.9380000000000024
0
LINE
8
BLACK
6
CONTINUOUS
10
109.5818000000000012
20
-73.9380000000000024
11
109.6208340000000021
21
-73.9457639999999969
0
LINE
8
BLACK
6
CONTINUOUS
10
114.2408339999999924
20
-73.9457639999999969
11
114.2739249999999913
21
-73.9678749999999923
0
LINE
8
BLACK
6
CONTINUOUS
10
114.2739249999999913
20
-73.9678749999999923
11
114.2960360000000009
21
-74.0009659999999911
0
LINE
8
BLACK
6
CONTINUOUS
10
114.2960360000000009
20
-74.0009659999999911
11
114.3037999999999954
21
-74.039999999999992
0
LINE
8
BLACK
6
CONTINUOUS
10
114.3037999999999954
20
-74.039999999999992
11
114.3037999999999954
21
-77.4599999999999937
0
LINE
8
BLACK
6
CONTINUOUS
10
114.3037999999999954
20
-77.4599999999999937
11
114.2960360000000009
21
-77.4990339999999946
0
LINE
8
BLACK
6
CONTINUOUS
10
114.2960360000000009
20
-77.4990339999999946
11
114.2739249999999913
21
-77.5321249999999935
0
LINE
8
BLACK
6
CONTINUOUS
10
114.2739249999999913
20
-77.5321249999999935
11
114.2408339999999924
21
-77.5542360000000031
0
LINE
8
BLACK
6
CONTINUOUS
10
114.2408339999999924
20
-77.5542360000000031
11
114.2017999999999915
21
-77.5619999999999976
0
LINE
8
BLACK
6
CONTINUOUS
10
114.2017999999999915
20
-77.5619999999999976
11
111.5017999999999887
21
-77.5619999999999976
0
LINE
8
BLACK
6
CONTINUOUS
10
111.5017999999999887
20
-77.5619999999999976
11
111.462766000000002
21
-77.5542360000000031
0
LINE
8
BLACK
6
CONTINUOUS
10
111.462766000000002
20
-77.5542360000000031
11
111.4296749999999889
21
-77.5321249999999935
0
LINE
8
BLACK
6
CONTINUOUS
10
111.4296749999999889
20
-77.5321249999999935
11
111.4075639999999936
21
-77.4990339999999946
0
LINE
8
BLACK
6
CONTINUOUS
10
111.4075639999999936
20
-77.4990339999999946
11
111.399799999999999
21
-77.4599999999999937
0
LINE
8
BLACK
6
CONTINUOUS
10
111.399799999999999
20
-77.4599999999999937
11
111.399799999999999
21
-74.039999999999992
0
LINE
8
BLACK
6
CONTINUOUS
10
111.399799999999999
20
-74.039999999999992
11
111.4075639999999936
21
-74.0009659999999911
0
LINE
8
BLACK
6
CONTINUOUS
10
111.4075639999999936
20
-74.0009659999999911
11
111.4296749999999889
21
-73.9678749999999923
0
LINE
8
BLACK
6
CONTINUOUS
10
111.4296749999999889
20
-73.9678749999999923
11
111.462766000000002
21
-73.9457639999999969
0
LINE
8
BLACK
6
CONTINUOUS
10
111.462766000000002
20
-73.9457639999999969
11
111.5017999999999887
21
-73.9380000000000024
0
LINE
8
BLACK
6
CONTINUOUS
10
111.5017999999999887
20
-73.9380000000000024
11
114.2017999999999915
21
-73.9380000000000024
0
LINE
8
BLACK
6
CONTINUOUS
10
114.2017999999999915
20
-73.9380000000000024
11
114.2408339999999924
21
-73.9457639999999969
0
LINE
8
BLACK
6
CONTINUOUS
10
73.3798340000000024
20
-73.8319639999999993
11
73.4129250000000013
21
-73.8540749999999946
0
LINE
8
BLACK
6
CONTINUOUS
10
73.4129250000000013
20
-73.8540749999999946
11
73.4350359999999966
21
-73.8871659999999935
0
LINE
8
BLACK
6
CONTINUOUS
10
73.4350359999999966
20
-73.8871659999999935
11
73.4427999999999912
21
-73.9261999999999944
0
LINE
8
BLACK
6
CONTINUOUS
10
73.4427999999999912
20
-73.9261999999999944
11
73.4427999999999912
21
-77.3461999999999961
0
LINE
8
BLACK
6
CONTINUOUS
10
73.4427999999999912
20
-77.3461999999999961
11
73.4350359999999966
21
-77.385233999999997
0
LINE
8
BLACK
6
CONTINUOUS
10
73.4350359999999966
20
-77.385233999999997
11
73.4129250000000013
21
-77.4183249999999958
0
LINE
8
BLACK
6
CONTINUOUS
10
73.4129250000000013
20
-77.4183249999999958
11
73.3798340000000024
21
-77.4404359999999912
0
LINE
8
BLACK
6
CONTINUOUS
10
73.3798340000000024
20
-77.4404359999999912
11
73.3408000000000015
21
-77.4481999999999999
0
LINE
8
BLACK
6
CONTINUOUS
10
73.3408000000000015
20
-77.4481999999999999
11
70.6407999999999987
21
-77.4481999999999999
0
LINE
8
BLACK
6
CONTINUOUS
10
70.6407999999999987
20
-77.4481999999999999
11
70.6017659999999978
21
-77.4404359999999912
0
LINE
8
BLACK
6
CONTINUOUS
10
70.6017659999999978
20
-77.4404359999999912
11
70.5686749999999989
21
-77.4183249999999958
0
LINE
8
BLACK
6
CONTINUOUS
10
70.5686749999999989
20
-77.4183249999999958
11
70.5465640000000036
21
-77.385233999999997
0
LINE
8
BLACK
6
CONTINUOUS
10
70.5465640000000036
20
-77.385233999999997
11
70.5387999999999948
21
-77.3461999999999961
0
LINE
8
BLACK
6
CONTINUOUS
10
70.5387999999999948
20
-77.3461999999999961
11
70.5387999999999948
21
-73.9261999999999944
0
LINE
8
BLACK
6
CONTINUOUS
10
70.5387999999999948
20
-73.9261999999999944
11
70.5465640000000036
21
-73.8871659999999935
0
LINE
8
BLACK
6
CONTINUOUS
10
70.5465640000000036
20
-73.8871659999999935
11
70.5686749999999989
21
-73.8540749999999946
0
LINE
8
BLACK
6
CONTINUOUS
10
70.5686749999999989
20
-73.8540749999999946
11
70.6017659999999978
21
-73.8319639999999993
0
LINE
8
BLACK
6
CONTINUOUS
10
70.6017659999999978
20
-73.8319639999999993
11
70.6407999999999987
21
-73.8241999999999905
0
LINE
8
BLACK
6
CONTINUOUS
10
70.6407999999999987
20
-73.8241999999999905
11
73.3408000000000015
21
-73.8241999999999905
0
LINE
8
BLACK
6
CONTINUOUS
10
73.3408000000000015
20
-73.8241999999999905
11
73.3798340000000024
21
-73.8319639999999993
0
LINE
8
BLACK
6
CONTINUOUS
10
77.9998339999999928
20
-73.8319639999999993
11
78.0329249999999917
21
-73.8540749999999946
0
LINE
8
BLACK
6
CONTINUOUS
10
78.0329249999999917
20
-73.8540749999999946
11
78.0550360000000012
21
-73.8871659999999935
0
LINE
8
BLACK
6
CONTINUOUS
10
78.0550360000000012
20
-73.8871659999999935
11
78.0627999999999957
21
-73.9261999999999944
0
LINE
8
BLACK
6
CONTINUOUS
10
78.0627999999999957
20
-73.9261999999999944
11
78.0627999999999957
21
-77.3461999999999961
0
LINE
8
BLACK
6
CONTINUOUS
10
78.0627999999999957
20
-77.3461999999999961
11
78.0550360000000012
21
-77.385233999999997
0
LINE
8
BLACK
6
CONTINUOUS
10
78.0550360000000012
20
-77.385233999999997
11
78.0329249999999917
21
-77.4183249999999958
0
LINE
8
BLACK
6
CONTINUOUS
10
78.0329249999999917
20
-77.4183249999999958
11
77.9998339999999928
21
-77.4404359999999912
0
LINE
8
BLACK
6
CONTINUOUS
10
77.9998339999999928
20
-77.4404359999999912
11
77.9607999999999919
21
-77.4481999999999999
0
LINE
8
BLACK
6
CONTINUOUS
10
77.9607999999999919
20
-77.4481999999999999
11
75.2608000000000033
21
-77.4481999999999999
0
LINE
8
BLACK
6
CONTINUOUS
10
75.2608000000000033
20
-77.4481999999999999
11
75.2217660000000024
21
-77.4404359999999912
0
LINE
8
BLACK
6
CONTINUOUS
10
75.2217660000000024
20
-77.4404359999999912
11
75.1886750000000035
21
-77.4183249999999958
0
LINE
8
BLACK
6
CONTINUOUS
10
75.1886750000000035
20
-77.4183249999999958
11
75.1665639999999939
21
-77.385233999999997
0
LINE
8
BLACK
6
CONTINUOUS
10
75.1665639999999939
20
-77.385233999999997
11
75.1587999999999994
21
-77.3461999999999961
0
LINE
8
BLACK
6
CONTINUOUS
10
75.1587999999999994
20
-77.3461999999999961
11
75.1587999999999994
21
-73.9261999999999944
0
LINE
8
BLACK
6
CONTINUOUS
10
75.1587999999999994
20
-73.9261999999999944
11
75.1665639999999939
21
-73.8871659999999935
0
LINE
8
BLACK
6
CONTINUOUS
10
75.1665639999999939
20
-73.8871659999999935
11
75.1886750000000035
21
-73.8540749999999946
0
LINE
8
BLACK
6
CONTINUOUS
10
75.1886750000000035
20
-73.8540749999999946
11
75.2217660000000024
21
-73.8319639999999993
0
LINE
8
BLACK
6
CONTINUOUS
10
75.2217660000000024
20
-73.8319639999999993
11
75.2608000000000033
21
-73.8241999999999905
0
LINE
8
BLACK
6
CONTINUOUS
10
75.2608000000000033
20
-73.8241999999999905
11
77.9607999999999919
21
-73.8241999999999905
0
LINE
8
BLACK
6
CONTINUOUS
10
77.9607999999999919
20
-73.8241999999999905
11
77.9998339999999928
21
-73.8319639999999993
0
LINE
8
BLACK
6
CONTINUOUS
10
81.3609869999999944
20
-74.655579000000003
11
81.4380379999999917
21
-74.7070619999999934
0
LINE
8
BLACK
6
CONTINUOUS
10
81.4380379999999917
20
-74.7070619999999934
11
81.4895209999999963
21
-74.7841129999999907
0
LINE
8
BLACK
6
CONTINUOUS
10
81.4895209999999963
20
-74.7841129999999907
11
81.5075999999999965
21
-74.875
0
LINE
8
BLACK
6
CONTINUOUS
10
81.5075999999999965
20
-74.875
11
81.5075999999999965
21
-75.4749999999999943
0
LINE
8
BLACK
6
CONTINUOUS
10
81.5075999999999965
20
-75.4749999999999943
11
81.4895209999999963
21
-75.5658870000000036
0
LINE
8
BLACK
6
CONTINUOUS
10
81.4895209999999963
20
-75.5658870000000036
11
81.4380379999999917
21
-75.6429380000000009
0
LINE
8
BLACK
6
CONTINUOUS
10
81.4380379999999917
20
-75.6429380000000009
11
81.3609869999999944
21
-75.6944209999999913
0
LINE
8
BLACK
6
CONTINUOUS
10
81.3609869999999944
20
-75.6944209999999913
11
81.2700999999999993
21
-75.7124999999999915
0
LINE
8
BLACK
6
CONTINUOUS
10
81.2700999999999993
20
-75.7124999999999915
11
80.7950999999999908
21
-75.7124999999999915
0
LINE
8
BLACK
6
CONTINUOUS
10
80.7950999999999908
20
-75.7124999999999915
11
80.7042129999999958
21
-75.6944209999999913
0
LINE
8
BLACK
6
CONTINUOUS
10
80.7042129999999958
20
-75.6944209999999913
11
80.6271619999999984
21
-75.6429380000000009
0
LINE
8
BLACK
6
CONTINUOUS
10
80.6271619999999984
20
-75.6429380000000009
11
80.5756789999999938
21
-75.5658870000000036
0
LINE
8
BLACK
6
CONTINUOUS
10
80.5756789999999938
20
-75.5658870000000036
11
80.5575999999999937
21
-75.4749999999999943
0
LINE
8
BLACK
6
CONTINUOUS
10
80.5575999999999937
20
-75.4749999999999943
11
80.5575999999999937
21
-74.875
0
LINE
8
BLACK
6
CONTINUOUS
10
80.5575999999999937
20
-74.875
11
80.5756789999999938
21
-74.7841129999999907
0
LINE
8
BLACK
6
CONTINUOUS
10
80.5756789999999938
20
-74.7841129999999907
11
80.6271619999999984
21
-74.7070619999999934
0
LINE
8
BLACK
6
CONTINUOUS
10
80.6271619999999984
20
-74.7070619999999934
11
80.7042129999999958
21
-74.655579000000003
0
LINE
8
BLACK
6
CONTINUOUS
10
80.7042129999999958
20
-74.655579000000003
11
80.7950999999999908
21
-74.6375000000000028
0
LINE
8
BLACK
6
CONTINUOUS
10
80.7950999999999908
20
-74.6375000000000028
11
81.2700999999999993
21
-74.6375000000000028
0
LINE
8
BLACK
6
CONTINUOUS
10
81.2700999999999993
20
-74.6375000000000028
11
81.3609869999999944
21
-74.655579000000003
0
LINE
8
BLACK
6
CONTINUOUS
10
85.8283869999999922
20
-74.655579000000003
11
85.9054379999999895
21
-74.7070619999999934
0
LINE
8
BLACK
6
CONTINUOUS
10
85.9054379999999895
20
-74.7070619999999934
11
85.9569209999999941
21
-74.7841129999999907
0
LINE
8
BLACK
6
CONTINUOUS
10
85.9569209999999941
20
-74.7841129999999907
11
85.9749999999999943
21
-74.875
0
LINE
8
BLACK
6
CONTINUOUS
10
85.9749999999999943
20
-74.875
11
85.9749999999999943
21
-75.4749999999999943
0
LINE
8
BLACK
6
CONTINUOUS
10
85.9749999999999943
20
-75.4749999999999943
11
85.9569209999999941
21
-75.5658870000000036
0
LINE
8
BLACK
6
CONTINUOUS
10
85.9569209999999941
20
-75.5658870000000036
11
85.9054379999999895
21
-75.6429380000000009
0
LINE
8
BLACK
6
CONTINUOUS
10
85.9054379999999895
20
-75.6429380000000009
11
85.8283869999999922
21
-75.6944209999999913
0
LINE
8
BLACK
6
CONTINUOUS
10
85.8283869999999922
20
-75.6944209999999913
11
85.7374999999999972
21
-75.7124999999999915
0
LINE
8
BLACK
6
CONTINUOUS
10
85.7374999999999972
20
-75.7124999999999915
11
85.2625000000000028
21
-75.7124999999999915
0
LINE
8
BLACK
6
CONTINUOUS
10
85.2625000000000028
20
-75.7124999999999915
11
85.1716129999999936
21
-75.6944209999999913
0
LINE
8
BLACK
6
CONTINUOUS
10
85.1716129999999936
20
-75.6944209999999913
11
85.0945619999999963
21
-75.6429380000000009
0
LINE
8
BLACK
6
CONTINUOUS
10
85.0945619999999963
20
-75.6429380000000009
11
85.0430789999999917
21
-75.5658870000000036
0
LINE
8
BLACK
6
CONTINUOUS
10
85.0430789999999917
20
-75.5658870000000036
11
85.0249999999999915
21
-75.4749999999999943
0
LINE
8
BLACK
6
CONTINUOUS
10
85.0249999999999915
20
-75.4749999999999943
11
85.0249999999999915
21
-74.875
0
LINE
8
BLACK
6
CONTINUOUS
10
85.0249999999999915
20
-74.875
11
85.0430789999999917
21
-74.7841129999999907
0
LINE
8
BLACK
6
CONTINUOUS
10
85.0430789999999917
20
-74.7841129999999907
11
85.0945619999999963
21
-74.7070619999999934
0
LINE
8
BLACK
6
CONTINUOUS
10
85.0945619999999963
20
-74.7070619999999934
11
85.1716129999999936
21
-74.655579000000003
0
LINE
8
BLACK
6
CONTINUOUS
10
85.1716129999999936
20
-74.655579000000003
11
85.2625000000000028
21
-74.6375000000000028
0
LINE
8
BLACK
6
CONTINUOUS
10
85.2625000000000028
20
-74.6375000000000028
11
85.7374999999999972
21
-74.6375000000000028
0
LINE
8
BLACK
6
CONTINUOUS
10
85.7374999999999972
20
-74.6375000000000028
11
85.8283869999999922
21
-74.655579000000003
0
LINE
8
BLACK
6
CONTINUOUS
10
116.8283869999999922
20
-74.593079000000003
11
116.9054379999999895
21
-74.6445619999999934
0
LINE
8
BLACK
6
CONTINUOUS
10
116.9054379999999895
20
-74.6445619999999934
11
116.9569209999999941
21
-74.7216129999999907
0
LINE
8
BLACK
6
CONTINUOUS
10
116.9569209999999941
20
-74.7216129999999907
11
116.9749999999999943
21
-74.8125
0
LINE
8
BLACK
6
CONTINUOUS
10
116.9749999999999943
20
-74.8125
11
116.9749999999999943
21
-75.4124999999999943
0
LINE
8
BLACK
6
CONTINUOUS
10
116.9749999999999943
20
-75.4124999999999943
11
116.9569209999999941
21
-75.5033870000000036
0
LINE
8
BLACK
6
CONTINUOUS
10
116.9569209999999941
20
-75.5033870000000036
11
116.9054379999999895
21
-75.5804380000000009
0
LINE
8
BLACK
6
CONTINUOUS
10
116.9054379999999895
20
-75.5804380000000009
11
116.8283869999999922
21
-75.6319209999999913
0
LINE
8
BLACK
6
CONTINUOUS
10
116.8283869999999922
20
-75.6319209999999913
11
116.7374999999999972
21
-75.6499999999999915
0
LINE
8
BLACK
6
CONTINUOUS
10
116.7374999999999972
20
-75.6499999999999915
11
116.2624999999999886
21
-75.6499999999999915
0
LINE
8
BLACK
6
CONTINUOUS
10
116.2624999999999886
20
-75.6499999999999915
11
116.1716129999999936
21
-75.6319209999999913
0
LINE
8
BLACK
6
CONTINUOUS
10
116.1716129999999936
20
-75.6319209999999913
11
116.0945619999999963
21
-75.5804380000000009
0
LINE
8
BLACK
6
CONTINUOUS
10
116.0945619999999963
20
-75.5804380000000009
11
116.0430789999999917
21
-75.5033870000000036
0
LINE
8
BLACK
6
CONTINUOUS
10
116.0430789999999917
20
-75.5033870000000036
11
116.0249999999999915
21
-75.4124999999999943
0
LINE
8
BLACK
6
CONTINUOUS
10
116.0249999999999915
20
-75.4124999999999943
11
116.0249999999999915
21
-74.8125
0
LINE
8
BLACK
6
CONTINUOUS
10
116.0249999999999915
20
-74.8125
11
116.0430789999999917
21
-74.7216129999999907
0
LINE
8
BLACK
6
CONTINUOUS
10
116.0430789999999917
20
-74.7216129999999907
11
116.0945619999999963
21
-74.6445619999999934
0
LINE
8
BLACK
6
CONTINUOUS
10
116.0945619999999963
20
-74.6445619999999934
11
116.1716129999999936
21
-74.593079000000003
0
LINE
8
BLACK
6
CONTINUOUS
10
116.1716129999999936
20
-74.593079000000003
11
116.2624999999999886
21
-74.5750000000000028
0
LINE
8
BLACK
6
CONTINUOUS
10
116.2624999999999886
20
-74.5750000000000028
11
116.7374999999999972
21
-74.5750000000000028
0
LINE
8
BLACK
6
CONTINUOUS
10
116.7374999999999972
20
-74.5750000000000028
11
116.8283869999999922
21
-74.593079000000003
0
LINE
8
BLACK
6
CONTINUOUS
10
81.3609869999999944
20
-72.9305789999999945
11
81.4380379999999917
21
-72.9820619999999991
0
LINE
8
BLACK
6
CONTINUOUS
10
81.4380379999999917
20
-72.9820619999999991
11
81.4895209999999963
21
-73.0591129999999964
0
LINE
8
BLACK
6
CONTINUOUS
10
81.4895209999999963
20
-73.0591129999999964
11
81.5075999999999965
21
-73.1499999999999915
0
LINE
8
BLACK
6
CONTINUOUS
10
81.5075999999999965
20
-73.1499999999999915
11
81.5075999999999965
21
-73.75
0
LINE
8
BLACK
6
CONTINUOUS
10
81.5075999999999965
20
-73.75
11
81.4895209999999963
21
-73.8408869999999951
0
LINE
8
BLACK
6
CONTINUOUS
10
81.4895209999999963
20
-73.8408869999999951
11
81.4380379999999917
21
-73.9179379999999924
0
LINE
8
BLACK
6
CONTINUOUS
10
81.4380379999999917
20
-73.9179379999999924
11
81.3609869999999944
21
-73.969420999999997
0
LINE
8
BLACK
6
CONTINUOUS
10
81.3609869999999944
20
-73.969420999999997
11
81.2700999999999993
21
-73.9874999999999972
0
LINE
8
BLACK
6
CONTINUOUS
10
81.2700999999999993
20
-73.9874999999999972
11
80.7950999999999908
21
-73.9874999999999972
0
LINE
8
BLACK
6
CONTINUOUS
10
80.7950999999999908
20
-73.9874999999999972
11
80.7042129999999958
21
-73.969420999999997
0
LINE
8
BLACK
6
CONTINUOUS
10
80.7042129999999958
20
-73.969420999999997
11
80.6271619999999984
21
-73.9179379999999924
0
LINE
8
BLACK
6
CONTINUOUS
10
80.6271619999999984
20
-73.9179379999999924
11
80.5756789999999938
21
-73.8408869999999951
0
LINE
8
BLACK
6
CONTINUOUS
10
80.5756789999999938
20
-73.8408869999999951
11
80.5575999999999937
21
-73.75
0
LINE
8
BLACK
6
CONTINUOUS
10
80.5575999999999937
20
-73.75
11
80.5575999999999937
21
-73.1499999999999915
0
LINE
8
BLACK
6
CONTINUOUS
10
80.5575999999999937
20
-73.1499999999999915
11
80.5756789999999938
21
-73.0591129999999964
0
LINE
8
BLACK
6
CONTINUOUS
10
80.5756789999999938
20
-73.0591129999999964
11
80.6271619999999984
21
-72.9820619999999991
0
LINE
8
BLACK
6
CONTINUOUS
10
80.6271619999999984
20
-72.9820619999999991
11
80.7042129999999958
21
-72.9305789999999945
0
LINE
8
BLACK
6
CONTINUOUS
10
80.7042129999999958
20
-72.9305789999999945
11
80.7950999999999908
21
-72.9124999999999943
0
LINE
8
BLACK
6
CONTINUOUS
10
80.7950999999999908
20
-72.9124999999999943
11
81.2700999999999993
21
-72.9124999999999943
0
LINE
8
BLACK
6
CONTINUOUS
10
81.2700999999999993
20
-72.9124999999999943
11
81.3609869999999944
21
-72.9305789999999945
0
LINE
8
BLACK
6
CONTINUOUS
10
85.8283869999999922
20
-72.9305789999999945
11
85.9054379999999895
21
-72.9820619999999991
0
LINE
8
BLACK
6
CONTINUOUS
10
85.9054379999999895
20
-72.9820619999999991
11
85.9569209999999941
21
-73.0591129999999964
0
LINE
8
BLACK
6
CONTINUOUS
10
85.9569209999999941
20
-73.0591129999999964
11
85.9749999999999943
21
-73.1499999999999915
0
LINE
8
BLACK
6
CONTINUOUS
10
85.9749999999999943
20
-73.1499999999999915
11
85.9749999999999943
21
-73.75
0
LINE
8
BLACK
6
CONTINUOUS
10
85.9749999999999943
20
-73.75
11
85.9569209999999941
21
-73.8408869999999951
0
LINE
8
BLACK
6
CONTINUOUS
10
85.9569209999999941
20
-73.8408869999999951
11
85.9054379999999895
21
-73.9179379999999924
0
LINE
8
BLACK
6
CONTINUOUS
10
85.9054379999999895
20
-73.9179379999999924
11
85.8283869999999922
21
-73.969420999999997
0
LINE
8
BLACK
6
CONTINUOUS
10
85.8283869999999922
20
-73.969420999999997
11
85.7374999999999972
21
-73.9874999999999972
0
LINE
8
BLACK
6
CONTINUOUS
10
85.7374999999999972
20
-73.9874999999999972
11
85.2625000000000028
21
-73.9874999999999972
0
LINE
8
BLACK
6
CONTINUOUS
10
85.2625000000000028
20
-73.9874999999999972
11
85.1716129999999936
21
-73.969420999999997
0
LINE
8
BLACK
6
CONTINUOUS
10
85.1716129999999936
20
-73.969420999999997
11
85.0945619999999963
21
-73.9179379999999924
0
LINE
8
BLACK
6
CONTINUOUS
10
85.0945619999999963
20
-73.9179379999999924
11
85.0430789999999917
21
-73.8408869999999951
0
LINE
8
BLACK
6
CONTINUOUS
10
85.0430789999999917
20
-73.8408869999999951
11
85.0249999999999915
21
-73.75
0
LINE
8
BLACK
6
CONTINUOUS
10
85.0249999999999915
20
-73.75
11
85.0249999999999915
21
-73.1499999999999915
0
LINE
8
BLACK
6
CONTINUOUS
10
85.0249999999999915
20
-73.1499999999999915
11
85.0430789999999917
21
-73.0591129999999964
0
LINE
8
BLACK
6
CONTINUOUS
10
85.0430789999999917
20
-73.0591129999999964
11
85.0945619999999963
21
-72.9820619999999991
0
LINE
8
BLACK
6
CONTINUOUS
10
85.0945619999999963
20
-72.9820619999999991
11
85.1716129999999936
21
-72.9305789999999945
0
LINE
8
BLACK
6
CONTINUOUS
10
85.1716129999999936
20
-72.9305789999999945
11
85.2625000000000028
21
-72.9124999999999943
0
LINE
8
BLACK
6
CONTINUOUS
10
85.2625000000000028
20
-72.9124999999999943
11
85.7374999999999972
21
-72.9124999999999943
0
LINE
8
BLACK
6
CONTINUOUS
10
85.7374999999999972
20
-72.9124999999999943
11
85.8283869999999922
21
-72.9305789999999945
0
LINE
8
BLACK
6
CONTINUOUS
10
116.8283869999999922
20
-72.8680789999999945
11
116.9054379999999895
21
-72.9195619999999991
0
LINE
8
BLACK
6
CONTINUOUS
10
116.9054379999999895
20
-72.9195619999999991
11
116.9569209999999941
21
-72.9966129999999964
0
LINE
8
BLACK
6
CONTINUOUS
10
116.9569209999999941
20
-72.9966129999999964
11
116.9749999999999943
21
-73.0874999999999915
0
LINE
8
BLACK
6
CONTINUOUS
10
116.9749999999999943
20
-73.0874999999999915
11
116.9749999999999943
21
-73.6875
0
LINE
8
BLACK
6
CONTINUOUS
10
116.9749999999999943
20
-73.6875
11
116.9569209999999941
21
-73.7783869999999951
0
LINE
8
BLACK
6
CONTINUOUS
10
116.9569209999999941
20
-73.7783869999999951
11
116.9054379999999895
21
-73.8554379999999924
0
LINE
8
BLACK
6
CONTINUOUS
10
116.9054379999999895
20
-73.8554379999999924
11
116.8283869999999922
21
-73.906920999999997
0
LINE
8
BLACK
6
CONTINUOUS
10
116.8283869999999922
20
-73.906920999999997
11
116.7374999999999972
21
-73.9249999999999972
0
LINE
8
BLACK
6
CONTINUOUS
10
116.7374999999999972
20
-73.9249999999999972
11
116.2624999999999886
21
-73.9249999999999972
0
LINE
8
BLACK
6
CONTINUOUS
10
116.2624999999999886
20
-73.9249999999999972
11
116.1716129999999936
21
-73.906920999999997
0
LINE
8
BLACK
6
CONTINUOUS
10
116.1716129999999936
20
-73.906920999999997
11
116.0945619999999963
21
-73.8554379999999924
0
LINE
8
BLACK
6
CONTINUOUS
10
116.0945619999999963
20
-73.8554379999999924
11
116.0430789999999917
21
-73.7783869999999951
0
LINE
8
BLACK
6
CONTINUOUS
10
116.0430789999999917
20
-73.7783869999999951
11
116.0249999999999915
21
-73.6875
0
LINE
8
BLACK
6
CONTINUOUS
10
116.0249999999999915
20
-73.6875
11
116.0249999999999915
21
-73.0874999999999915
0
LINE
8
BLACK
6
CONTINUOUS
10
116.0249999999999915
20
-73.0874999999999915
11
116.0430789999999917
21
-72.9966129999999964
0
LINE
8
BLACK
6
CONTINUOUS
10
116.0430789999999917
20
-72.9966129999999964
11
116.0945619999999963
21
-72.9195619999999991
0
LINE
8
BLACK
6
CONTINUOUS
10
116.0945619999999963
20
-72.9195619999999991
11
116.1716129999999936
21
-72.8680789999999945
0
LINE
8
BLACK
6
CONTINUOUS
10
116.1716129999999936
20
-72.8680789999999945
11
116.2624999999999886
21
-72.8499999999999943
0
LINE
8
BLACK
6
CONTINUOUS
10
116.2624999999999886
20
-72.8499999999999943
11
116.7374999999999972
21
-72.8499999999999943
0
LINE
8
BLACK
6
CONTINUOUS
10
116.7374999999999972
20
-72.8499999999999943
11
116.8283869999999922
21
-72.8680789999999945
0
LINE
8
BLACK
6
CONTINUOUS
10
67.9291999999999945
20
-71.3250000000000028
11
67.279200000000003
21
-71.3250000000000028
0
LINE
8
BLACK
6
CONTINUOUS
10
67.279200000000003
20
-71.3250000000000028
11
67.279200000000003
21
-70.1749999999999972
0
LINE
8
BLACK
6
CONTINUOUS
10
67.279200000000003
20
-70.1749999999999972
11
67.9291999999999945
21
-70.1749999999999972
0
LINE
8
BLACK
6
CONTINUOUS
10
67.9291999999999945
20
-70.1749999999999972
11
67.9291999999999945
21
-71.3250000000000028
0
LINE
8
BLACK
6
CONTINUOUS
10
69.1991999999999905
20
-71.3250000000000028
11
68.549199999999999
21
-71.3250000000000028
0
LINE
8
BLACK
6
CONTINUOUS
10
68.549199999999999
20
-71.3250000000000028
11
68.549199999999999
21
-70.1749999999999972
0
LINE
8
BLACK
6
CONTINUOUS
10
68.549199999999999
20
-70.1749999999999972
11
69.1991999999999905
21
-70.1749999999999972
0
LINE
8
BLACK
6
CONTINUOUS
10
69.1991999999999905
20
-70.1749999999999972
11
69.1991999999999905
21
-71.3250000000000028
0
LINE
8
BLACK
6
CONTINUOUS
10
70.4692000000000007
20
-71.3250000000000028
11
69.819199999999995
21
-71.3250000000000028
0
LINE
8
BLACK
6
CONTINUOUS
10
69.819199999999995
20
-71.3250000000000028
11
69.819199999999995
21
-70.1749999999999972
0
LINE
8
BLACK
6
CONTINUOUS
10
69.819199999999995
20
-70.1749999999999972
11
70.4692000000000007
21
-70.1749999999999972
0
LINE
8
BLACK
6
CONTINUOUS
10
70.4692000000000007
20
-70.1749999999999972
11
70.4692000000000007
21
-71.3250000000000028
0
LINE
8
BLACK
6
CONTINUOUS
10
71.7391999999999967
20
-71.3250000000000028
11
71.0891999999999911
21
-71.3250000000000028
0
LINE
8
BLACK
6
CONTINUOUS
10
71.0891999999999911
20
-71.3250000000000028
11
71.0891999999999911
21
-70.1749999999999972
0
LINE
8
BLACK
6
CONTINUOUS
10
71.0891999999999911
20
-70.1749999999999972
11
71.7391999999999967
21
-70.1749999999999972
0
LINE
8
BLACK
6
CONTINUOUS
10
71.7391999999999967
20
-70.1749999999999972
11
71.7391999999999967
21
-71.3250000000000028
0
LINE
8
BLACK
6
CONTINUOUS
10
95.2685999999999922
20
-71.3250000000000028
11
94.6186000000000007
21
-71.3250000000000028
0
LINE
8
BLACK
6
CONTINUOUS
10
94.6186000000000007
20
-71.3250000000000028
11
94.6186000000000007
21
-70.1749999999999972
0
LINE
8
BLACK
6
CONTINUOUS
10
94.6186000000000007
20
-70.1749999999999972
11
95.2685999999999922
21
-70.1749999999999972
0
LINE
8
BLACK
6
CONTINUOUS
10
95.2685999999999922
20
-70.1749999999999972
11
95.2685999999999922
21
-71.3250000000000028
0
LINE
8
BLACK
6
CONTINUOUS
10
96.5386000000000024
20
-71.3250000000000028
11
95.8885999999999967
21
-71.3250000000000028
0
LINE
8
BLACK
6
CONTINUOUS
10
95.8885999999999967
20
-71.3250000000000028
11
95.8885999999999967
21
-70.1749999999999972
0
LINE
8
BLACK
6
CONTINUOUS
10
95.8885999999999967
20
-70.1749999999999972
11
96.5386000000000024
21
-70.1749999999999972
0
LINE
8
BLACK
6
CONTINUOUS
10
96.5386000000000024
20
-70.1749999999999972
11
96.5386000000000024
21
-71.3250000000000028
0
LINE
8
BLACK
6
CONTINUOUS
10
97.8085999999999984
20
-71.3250000000000028
11
97.1585999999999927
21
-71.3250000000000028
0
LINE
8
BLACK
6
CONTINUOUS
10
97.1585999999999927
20
-71.3250000000000028
11
97.1585999999999927
21
-70.1749999999999972
0
LINE
8
BLACK
6
CONTINUOUS
10
97.1585999999999927
20
-70.1749999999999972
11
97.8085999999999984
21
-70.1749999999999972
0
LINE
8
BLACK
6
CONTINUOUS
10
97.8085999999999984
20
-70.1749999999999972
11
97.8085999999999984
21
-71.3250000000000028
0
LINE
8
BLACK
6
CONTINUOUS
10
99.0785999999999945
20
-71.3250000000000028
11
98.4285999999999888
21
-71.3250000000000028
0
LINE
8
BLACK
6
CONTINUOUS
10
98.4285999999999888
20
-71.3250000000000028
11
98.4285999999999888
21
-70.1749999999999972
0
LINE
8
BLACK
6
CONTINUOUS
10
98.4285999999999888
20
-70.1749999999999972
11
99.0785999999999945
21
-70.1749999999999972
0
LINE
8
BLACK
6
CONTINUOUS
10
99.0785999999999945
20
-70.1749999999999972
11
99.0785999999999945
21
-71.3250000000000028
0
LINE
8
BLACK
6
CONTINUOUS
10
104.7685999999999922
20
-71.3250000000000028
11
104.1186000000000007
21
-71.3250000000000028
0
LINE
8
BLACK
6
CONTINUOUS
10
104.1186000000000007
20
-71.3250000000000028
11
104.1186000000000007
21
-70.1749999999999972
0
LINE
8
BLACK
6
CONTINUOUS
10
104.1186000000000007
20
-70.1749999999999972
11
104.7685999999999922
21
-70.1749999999999972
0
LINE
8
BLACK
6
CONTINUOUS
10
104.7685999999999922
20
-70.1749999999999972
11
104.7685999999999922
21
-71.3250000000000028
0
LINE
8
BLACK
6
CONTINUOUS
10
106.0385999999999882
20
-71.3250000000000028
11
105.3885999999999967
21
-71.3250000000000028
0
LINE
8
BLACK
6
CONTINUOUS
10
105.3885999999999967
20
-71.3250000000000028
11
105.3885999999999967
21
-70.1749999999999972
0
LINE
8
BLACK
6
CONTINUOUS
10
105.3885999999999967
20
-70.1749999999999972
11
106.0385999999999882
21
-70.1749999999999972
0
LINE
8
BLACK
6
CONTINUOUS
10
106.0385999999999882
20
-70.1749999999999972
11
106.0385999999999882
21
-71.3250000000000028
0
LINE
8
BLACK
6
CONTINUOUS
10
107.3085999999999984
20
-71.3250000000000028
11
106.6585999999999927
21
-71.3250000000000028
0
LINE
8
BLACK
6
CONTINUOUS
10
106.6585999999999927
20
-71.3250000000000028
11
106.6585999999999927
21
-70.1749999999999972
0
LINE
8
BLACK
6
CONTINUOUS
10
106.6585999999999927
20
-70.1749999999999972
11
107.3085999999999984
21
-70.1749999999999972
0
LINE
8
BLACK
6
CONTINUOUS
10
107.3085999999999984
20
-70.1749999999999972
11
107.3085999999999984
21
-71.3250000000000028
0
LINE
8
BLACK
6
CONTINUOUS
10
108.5785999999999945
20
-71.3250000000000028
11
107.9285999999999888
21
-71.3250000000000028
0
LINE
8
BLACK
6
CONTINUOUS
10
107.9285999999999888
20
-71.3250000000000028
11
107.9285999999999888
21
-70.1749999999999972
0
LINE
8
BLACK
6
CONTINUOUS
10
107.9285999999999888
20
-70.1749999999999972
11
108.5785999999999945
21
-70.1749999999999972
0
LINE
8
BLACK
6
CONTINUOUS
10
108.5785999999999945
20
-70.1749999999999972
11
108.5785999999999945
21
-71.3250000000000028
0
LINE
8
BLACK
6
CONTINUOUS
10
80.9702999999999946
20
-70.3250000000000028
11
80.2453000000000003
21
-70.3250000000000028
0
LINE
8
BLACK
6
CONTINUOUS
10
80.2453000000000003
20
-70.3250000000000028
11
80.2453000000000003
21
-69.7749999999999915
0
LINE
8
BLACK
6
CONTINUOUS
10
80.2453000000000003
20
-69.7749999999999915
11
79.7072999999999894
21
-69.7749999999999915
0
LINE
8
BLACK
6
CONTINUOUS
10
79.7072999999999894
20
-69.7749999999999915
11
79.7072999999999894
21
-70.3250000000000028
0
LINE
8
BLACK
6
CONTINUOUS
10
79.7072999999999894
20
-70.3250000000000028
11
78.9822999999999951
21
-70.3250000000000028
0
LINE
8
BLACK
6
CONTINUOUS
10
78.9822999999999951
20
-70.3250000000000028
11
78.9822999999999951
21
-69.7749999999999915
0
LINE
8
BLACK
6
CONTINUOUS
10
78.9822999999999951
20
-69.7749999999999915
11
78.3572999999999951
21
-69.7749999999999915
0
LINE
8
BLACK
6
CONTINUOUS
10
78.3572999999999951
20
-69.7749999999999915
11
78.3572999999999951
21
-70.3250000000000028
0
LINE
8
BLACK
6
CONTINUOUS
10
78.3572999999999951
20
-70.3250000000000028
11
77.6323000000000008
21
-70.3250000000000028
0
LINE
8
BLACK
6
CONTINUOUS
10
77.6323000000000008
20
-70.3250000000000028
11
77.6323000000000008
21
-69.7749999999999915
0
LINE
8
BLACK
6
CONTINUOUS
10
77.6323000000000008
20
-69.7749999999999915
11
77.0942999999999898
21
-69.7749999999999915
0
LINE
8
BLACK
6
CONTINUOUS
10
77.0942999999999898
20
-69.7749999999999915
11
77.0942999999999898
21
-70.3250000000000028
0
LINE
8
BLACK
6
CONTINUOUS
10
77.0942999999999898
20
-70.3250000000000028
11
76.3692999999999955
21
-70.3250000000000028
0
LINE
8
BLACK
6
CONTINUOUS
10
76.3692999999999955
20
-70.3250000000000028
11
76.3692999999999955
21
-69.7749999999999915
0
LINE
8
BLACK
6
CONTINUOUS
10
76.3692999999999955
20
-69.7749999999999915
11
76.3697999999999979
21
-69.7749999999999915
0
LINE
8
BLACK
6
CONTINUOUS
10
76.3697999999999979
20
-69.7749999999999915
11
76.3697999999999979
21
-65.6749999999999972
0
LINE
8
BLACK
6
CONTINUOUS
10
76.3697999999999979
20
-65.6749999999999972
11
80.9697999999999922
21
-65.6749999999999972
0
LINE
8
BLACK
6
CONTINUOUS
10
80.9697999999999922
20
-65.6749999999999972
11
80.9697999999999922
21
-69.7749999999999915
0
LINE
8
BLACK
6
CONTINUOUS
10
80.9697999999999922
20
-69.7749999999999915
11
80.9702999999999946
21
-69.7749999999999915
0
LINE
8
BLACK
6
CONTINUOUS
10
80.9702999999999946
20
-69.7749999999999915
11
80.9702999999999946
21
-70.3250000000000028
0
LINE
8
BLACK
6
CONTINUOUS
10
89.9885000000000019
20
-70.3250000000000028
11
89.2634999999999934
21
-70.3250000000000028
0
LINE
8
BLACK
6
CONTINUOUS
10
89.2634999999999934
20
-70.3250000000000028
11
89.2634999999999934
21
-69.7749999999999915
0
LINE
8
BLACK
6
CONTINUOUS
10
89.2634999999999934
20
-69.7749999999999915
11
88.7254999999999967
21
-69.7749999999999915
0
LINE
8
BLACK
6
CONTINUOUS
10
88.7254999999999967
20
-69.7749999999999915
11
88.7254999999999967
21
-70.3250000000000028
0
LINE
8
BLACK
6
CONTINUOUS
10
88.7254999999999967
20
-70.3250000000000028
11
88.0005000000000024
21
-70.3250000000000028
0
LINE
8
BLACK
6
CONTINUOUS
10
88.0005000000000024
20
-70.3250000000000028
11
88.0005000000000024
21
-69.7749999999999915
0
LINE
8
BLACK
6
CONTINUOUS
10
88.0005000000000024
20
-69.7749999999999915
11
87.3755000000000024
21
-69.7749999999999915
0
LINE
8
BLACK
6
CONTINUOUS
10
87.3755000000000024
20
-69.7749999999999915
11
87.3755000000000024
21
-70.3250000000000028
0
LINE
8
BLACK
6
CONTINUOUS
10
87.3755000000000024
20
-70.3250000000000028
11
86.6504999999999939
21
-70.3250000000000028
0
LINE
8
BLACK
6
CONTINUOUS
10
86.6504999999999939
20
-70.3250000000000028
11
86.6504999999999939
21
-69.7749999999999915
0
LINE
8
BLACK
6
CONTINUOUS
10
86.6504999999999939
20
-69.7749999999999915
11
86.1124999999999972
21
-69.7749999999999915
0
LINE
8
BLACK
6
CONTINUOUS
10
86.1124999999999972
20
-69.7749999999999915
11
86.1124999999999972
21
-70.3250000000000028
0
LINE
8
BLACK
6
CONTINUOUS
10
86.1124999999999972
20
-70.3250000000000028
11
85.3875000000000028
21
-70.3250000000000028
0
LINE
8
BLACK
6
CONTINUOUS
10
85.3875000000000028
20
-70.3250000000000028
11
85.3875000000000028
21
-69.7749999999999915
0
LINE
8
BLACK
6
CONTINUOUS
10
85.3875000000000028
20
-69.7749999999999915
11
85.387999999999991
21
-69.7749999999999915
0
LINE
8
BLACK
6
CONTINUOUS
10
85.387999999999991
20
-69.7749999999999915
11
85.387999999999991
21
-65.6749999999999972
0
LINE
8
BLACK
6
CONTINUOUS
10
85.387999999999991
20
-65.6749999999999972
11
89.9879999999999995
21
-65.6749999999999972
0
LINE
8
BLACK
6
CONTINUOUS
10
89.9879999999999995
20
-65.6749999999999972
11
89.9879999999999995
21
-69.7749999999999915
0
LINE
8
BLACK
6
CONTINUOUS
10
89.9879999999999995
20
-69.7749999999999915
11
89.9885000000000019
21
-69.7749999999999915
0
LINE
8
BLACK
6
CONTINUOUS
10
89.9885000000000019
20
-69.7749999999999915
11
89.9885000000000019
21
-70.3250000000000028
0
LINE
8
BLACK
6
CONTINUOUS
10
117.8096999999999923
20
-70.3250000000000028
11
117.084699999999998
21
-70.3250000000000028
0
LINE
8
BLACK
6
CONTINUOUS
10
117.084699999999998
20
-70.3250000000000028
11
117.084699999999998
21
-69.7749999999999915
0
LINE
8
BLACK
6
CONTINUOUS
10
117.084699999999998
20
-69.7749999999999915
11
116.5467000000000013
21
-69.7749999999999915
0
LINE
8
BLACK
6
CONTINUOUS
10
116.5467000000000013
20
-69.7749999999999915
11
116.5467000000000013
21
-70.3250000000000028
0
LINE
8
BLACK
6
CONTINUOUS
10
116.5467000000000013
20
-70.3250000000000028
11
115.8216999999999928
21
-70.3250000000000028
0
LINE
8
BLACK
6
CONTINUOUS
10
115.8216999999999928
20
-70.3250000000000028
11
115.8216999999999928
21
-69.7749999999999915
0
LINE
8
BLACK
6
CONTINUOUS
10
115.8216999999999928
20
-69.7749999999999915
11
115.1966999999999928
21
-69.7749999999999915
0
LINE
8
BLACK
6
CONTINUOUS
10
115.1966999999999928
20
-69.7749999999999915
11
115.1966999999999928
21
-70.3250000000000028
0
LINE
8
BLACK
6
CONTINUOUS
10
115.1966999999999928
20
-70.3250000000000028
11
114.4716999999999985
21
-70.3250000000000028
0
LINE
8
BLACK
6
CONTINUOUS
10
114.4716999999999985
20
-70.3250000000000028
11
114.4716999999999985
21
-69.7749999999999915
0
LINE
8
BLACK
6
CONTINUOUS
10
114.4716999999999985
20
-69.7749999999999915
11
113.9337000000000018
21
-69.7749999999999915
0
LINE
8
BLACK
6
CONTINUOUS
10
113.9337000000000018
20
-69.7749999999999915
11
113.9337000000000018
21
-70.3250000000000028
0
LINE
8
BLACK
6
CONTINUOUS
10
113.9337000000000018
20
-70.3250000000000028
11
113.2086999999999932
21
-70.3250000000000028
0
LINE
8
BLACK
6
CONTINUOUS
10
113.2086999999999932
20
-70.3250000000000028
11
113.2086999999999932
21
-69.7749999999999915
0
LINE
8
BLACK
6
CONTINUOUS
10
113.2086999999999932
20
-69.7749999999999915
11
113.2091999999999956
21
-69.7749999999999915
0
LINE
8
BLACK
6
CONTINUOUS
10
113.2091999999999956
20
-69.7749999999999915
11
113.2091999999999956
21
-65.6749999999999972
0
LINE
8
BLACK
6
CONTINUOUS
10
113.2091999999999956
20
-65.6749999999999972
11
117.8091999999999899
21
-65.6749999999999972
0
LINE
8
BLACK
6
CONTINUOUS
10
117.8091999999999899
20
-65.6749999999999972
11
117.8091999999999899
21
-69.7749999999999915
0
LINE
8
BLACK
6
CONTINUOUS
10
117.8091999999999899
20
-69.7749999999999915
11
117.8096999999999923
21
-69.7749999999999915
0
LINE
8
BLACK
6
CONTINUOUS
10
117.8096999999999923
20
-69.7749999999999915
11
117.8096999999999923
21
-70.3250000000000028
0
LINE
8
BLACK
6
CONTINUOUS
10
71.8091999999999899
20
-69.375
11
67.2091999999999956
21
-69.375
0
LINE
8
BLACK
6
CONTINUOUS
10
67.2091999999999956
20
-69.375
11
67.2091999999999956
21
-65.2749999999999915
0
LINE
8
BLACK
6
CONTINUOUS
10
67.2091999999999956
20
-65.2749999999999915
11
67.2086999999999932
21
-65.2749999999999915
0
LINE
8
BLACK
6
CONTINUOUS
10
67.2086999999999932
20
-65.2749999999999915
11
67.2086999999999932
21
-64.7249999999999943
0
LINE
8
BLACK
6
CONTINUOUS
10
67.2086999999999932
20
-64.7249999999999943
11
67.9337000000000018
21
-64.7249999999999943
0
LINE
8
BLACK
6
CONTINUOUS
10
67.9337000000000018
20
-64.7249999999999943
11
67.9337000000000018
21
-65.2749999999999915
0
LINE
8
BLACK
6
CONTINUOUS
10
67.9337000000000018
20
-65.2749999999999915
11
68.4716999999999985
21
-65.2749999999999915
0
LINE
8
BLACK
6
CONTINUOUS
10
68.4716999999999985
20
-65.2749999999999915
11
68.4716999999999985
21
-64.7249999999999943
0
LINE
8
BLACK
6
CONTINUOUS
10
68.4716999999999985
20
-64.7249999999999943
11
69.1966999999999928
21
-64.7249999999999943
0
LINE
8
BLACK
6
CONTINUOUS
10
69.1966999999999928
20
-64.7249999999999943
11
69.1966999999999928
21
-65.2749999999999915
0
LINE
8
BLACK
6
CONTINUOUS
10
69.1966999999999928
20
-65.2749999999999915
11
69.8216999999999928
21
-65.2749999999999915
0
LINE
8
BLACK
6
CONTINUOUS
10
69.8216999999999928
20
-65.2749999999999915
11
69.8216999999999928
21
-64.7249999999999943
0
LINE
8
BLACK
6
CONTINUOUS
10
69.8216999999999928
20
-64.7249999999999943
11
70.5467000000000013
21
-64.7249999999999943
0
LINE
8
BLACK
6
CONTINUOUS
10
70.5467000000000013
20
-64.7249999999999943
11
70.5467000000000013
21
-65.2749999999999915
0
LINE
8
BLACK
6
CONTINUOUS
10
70.5467000000000013
20
-65.2749999999999915
11
71.084699999999998
21
-65.2749999999999915
0
LINE
8
BLACK
6
CONTINUOUS
10
71.084699999999998
20
-65.2749999999999915
11
71.084699999999998
21
-64.7249999999999943
0
LINE
8
BLACK
6
CONTINUOUS
10
71.084699999999998
20
-64.7249999999999943
11
71.8096999999999923
21
-64.7249999999999943
0
LINE
8
BLACK
6
CONTINUOUS
10
71.8096999999999923
20
-64.7249999999999943
11
71.8096999999999923
21
-65.2749999999999915
0
LINE
8
BLACK
6
CONTINUOUS
10
71.8096999999999923
20
-65.2749999999999915
11
71.8091999999999899
21
-65.2749999999999915
0
LINE
8
BLACK
6
CONTINUOUS
10
71.8091999999999899
20
-65.2749999999999915
11
71.8091999999999899
21
-69.375
0
LINE
8
BLACK
6
CONTINUOUS
10
99.1486000000000018
20
-69.375
11
94.5485999999999933
21
-69.375
0
LINE
8
BLACK
6
CONTINUOUS
10
94.5485999999999933
20
-69.375
11
94.5485999999999933
21
-65.2749999999999915
0
LINE
8
BLACK
6
CONTINUOUS
10
94.5485999999999933
20
-65.2749999999999915
11
94.5480999999999909
21
-65.2749999999999915
0
LINE
8
BLACK
6
CONTINUOUS
10
94.5480999999999909
20
-65.2749999999999915
11
94.5480999999999909
21
-64.7249999999999943
0
LINE
8
BLACK
6
CONTINUOUS
10
94.5480999999999909
20
-64.7249999999999943
11
95.2730999999999995
21
-64.7249999999999943
0
LINE
8
BLACK
6
CONTINUOUS
10
95.2730999999999995
20
-64.7249999999999943
11
95.2730999999999995
21
-65.2749999999999915
0
LINE
8
BLACK
6
CONTINUOUS
10
95.2730999999999995
20
-65.2749999999999915
11
95.8110999999999962
21
-65.2749999999999915
0
LINE
8
BLACK
6
CONTINUOUS
10
95.8110999999999962
20
-65.2749999999999915
11
95.8110999999999962
21
-64.7249999999999943
0
LINE
8
BLACK
6
CONTINUOUS
10
95.8110999999999962
20
-64.7249999999999943
11
96.5360999999999905
21
-64.7249999999999943
0
LINE
8
BLACK
6
CONTINUOUS
10
96.5360999999999905
20
-64.7249999999999943
11
96.5360999999999905
21
-65.2749999999999915
0
LINE
8
BLACK
6
CONTINUOUS
10
96.5360999999999905
20
-65.2749999999999915
11
97.1610999999999905
21
-65.2749999999999915
0
LINE
8
BLACK
6
CONTINUOUS
10
97.1610999999999905
20
-65.2749999999999915
11
97.1610999999999905
21
-64.7249999999999943
0
LINE
8
BLACK
6
CONTINUOUS
10
97.1610999999999905
20
-64.7249999999999943
11
97.886099999999999
21
-64.7249999999999943
0
LINE
8
BLACK
6
CONTINUOUS
10
97.886099999999999
20
-64.7249999999999943
11
97.886099999999999
21
-65.2749999999999915
0
LINE
8
BLACK
6
CONTINUOUS
10
97.886099999999999
20
-65.2749999999999915
11
98.4240999999999957
21
-65.2749999999999915
0
LINE
8
BLACK
6
CONTINUOUS
10
98.4240999999999957
20
-65.2749999999999915
11
98.4240999999999957
21
-64.7249999999999943
0
LINE
8
BLACK
6
CONTINUOUS
10
98.4240999999999957
20
-64.7249999999999943
11
99.14909999999999
21
-64.7249999999999943
0
LINE
8
BLACK
6
CONTINUOUS
10
99.14909999999999
20
-64.7249999999999943
11
99.14909999999999
21
-65.2749999999999915
0
LINE
8
BLACK
6
CONTINUOUS
10
99.14909999999999
20
-65.2749999999999915
11
99.1486000000000018
21
-65.2749999999999915
0
LINE
8
BLACK
6
CONTINUOUS
10
99.1486000000000018
20
-65.2749999999999915
11
99.1486000000000018
21
-69.375
0
LINE
8
BLACK
6
CONTINUOUS
10
108.6486000000000018
20
-69.375
11
104.0485999999999933
21
-69.375
0
LINE
8
BLACK
6
CONTINUOUS
10
104.0485999999999933
20
-69.375
11
104.0485999999999933
21
-65.2749999999999915
0
LINE
8
BLACK
6
CONTINUOUS
10
104.0485999999999933
20
-65.2749999999999915
11
104.0480999999999909
21
-65.2749999999999915
0
LINE
8
BLACK
6
CONTINUOUS
10
104.0480999999999909
20
-65.2749999999999915
11
104.0480999999999909
21
-64.7249999999999943
0
LINE
8
BLACK
6
CONTINUOUS
10
104.0480999999999909
20
-64.7249999999999943
11
104.7730999999999995
21
-64.7249999999999943
0
LINE
8
BLACK
6
CONTINUOUS
10
104.7730999999999995
20
-64.7249999999999943
11
104.7730999999999995
21
-65.2749999999999915
0
LINE
8
BLACK
6
CONTINUOUS
10
104.7730999999999995
20
-65.2749999999999915
11
105.3110999999999962
21
-65.2749999999999915
0
LINE
8
BLACK
6
CONTINUOUS
10
105.3110999999999962
20
-65.2749999999999915
11
105.3110999999999962
21
-64.7249999999999943
0
LINE
8
BLACK
6
CONTINUOUS
10
105.3110999999999962
20
-64.7249999999999943
11
106.0360999999999905
21
-64.7249999999999943
0
LINE
8
BLACK
6
CONTINUOUS
10
106.0360999999999905
20
-64.7249999999999943
11
106.0360999999999905
21
-65.2749999999999915
0
LINE
8
BLACK
6
CONTINUOUS
10
106.0360999999999905
20
-65.2749999999999915
11
106.6610999999999905
21
-65.2749999999999915
0
LINE
8
BLACK
6
CONTINUOUS
10
106.6610999999999905
20
-65.2749999999999915
11
106.6610999999999905
21
-64.7249999999999943
0
LINE
8
BLACK
6
CONTINUOUS
10
106.6610999999999905
20
-64.7249999999999943
11
107.386099999999999
21
-64.7249999999999943
0
LINE
8
BLACK
6
CONTINUOUS
10
107.386099999999999
20
-64.7249999999999943
11
107.386099999999999
21
-65.2749999999999915
0
LINE
8
BLACK
6
CONTINUOUS
10
107.386099999999999
20
-65.2749999999999915
11
107.9240999999999957
21
-65.2749999999999915
0
LINE
8
BLACK
6
CONTINUOUS
10
107.9240999999999957
20
-65.2749999999999915
11
107.9240999999999957
21
-64.7249999999999943
0
LINE
8
BLACK
6
CONTINUOUS
10
107.9240999999999957
20
-64.7249999999999943
11
108.64909999999999
21
-64.7249999999999943
0
LINE
8
BLACK
6
CONTINUOUS
10
108.64909999999999
20
-64.7249999999999943
11
108.64909999999999
21
-65.2749999999999915
0
LINE
8
BLACK
6
CONTINUOUS
10
108.64909999999999
20
-65.2749999999999915
11
108.6486000000000018
21
-65.2749999999999915
0
LINE
8
BLACK
6
CONTINUOUS
10
108.6486000000000018
20
-65.2749999999999915
11
108.6486000000000018
21
-69.375
0
LINE
8
BLACK
6
CONTINUOUS
10
64.8515369999999933
20
-67.6902240000000006
11
64.9164209999999997
21
-67.7335789999999918
0
LINE
8
BLACK
6
CONTINUOUS
10
64.9164209999999997
20
-67.7335789999999918
11
64.9597759999999909
21
-67.7984629999999981
0
LINE
8
BLACK
6
CONTINUOUS
10
64.9597759999999909
20
-67.7984629999999981
11
64.9749999999999943
21
-67.875
0
LINE
8
BLACK
6
CONTINUOUS
10
64.9749999999999943
20
-67.875
11
64.9749999999999943
21
-68.2749999999999915
0
LINE
8
BLACK
6
CONTINUOUS
10
64.9749999999999943
20
-68.2749999999999915
11
64.9597759999999909
21
-68.3515369999999933
0
LINE
8
BLACK
6
CONTINUOUS
10
64.9597759999999909
20
-68.3515369999999933
11
64.9164209999999997
21
-68.4164209999999997
0
LINE
8
BLACK
6
CONTINUOUS
10
64.9164209999999997
20
-68.4164209999999997
11
64.8515369999999933
21
-68.4597759999999909
0
LINE
8
BLACK
6
CONTINUOUS
10
64.8515369999999933
20
-68.4597759999999909
11
64.7749999999999915
21
-68.4749999999999943
0
LINE
8
BLACK
6
CONTINUOUS
10
64.7749999999999915
20
-68.4749999999999943
11
64.2249999999999943
21
-68.4749999999999943
0
LINE
8
BLACK
6
CONTINUOUS
10
64.2249999999999943
20
-68.4749999999999943
11
64.1484629999999925
21
-68.4597759999999909
0
LINE
8
BLACK
6
CONTINUOUS
10
64.1484629999999925
20
-68.4597759999999909
11
64.0835790000000003
21
-68.4164209999999997
0
LINE
8
BLACK
6
CONTINUOUS
10
64.0835790000000003
20
-68.4164209999999997
11
64.0402239999999949
21
-68.3515369999999933
0
LINE
8
BLACK
6
CONTINUOUS
10
64.0402239999999949
20
-68.3515369999999933
11
64.0249999999999915
21
-68.2749999999999915
0
LINE
8
BLACK
6
CONTINUOUS
10
64.0249999999999915
20
-68.2749999999999915
11
64.0249999999999915
21
-67.875
0
LINE
8
BLACK
6
CONTINUOUS
10
64.0249999999999915
20
-67.875
11
64.0402239999999949
21
-67.7984629999999981
0
LINE
8
BLACK
6
CONTINUOUS
10
64.0402239999999949
20
-67.7984629999999981
11
64.0835790000000003
21
-67.7335789999999918
0
LINE
8
BLACK
6
CONTINUOUS
10
64.0835790000000003
20
-67.7335789999999918
11
64.1484629999999925
21
-67.6902240000000006
0
LINE
8
BLACK
6
CONTINUOUS
10
64.1484629999999925
20
-67.6902240000000006
11
64.2249999999999943
21
-67.6749999999999972
0
LINE
8
BLACK
6
CONTINUOUS
10
64.2249999999999943
20
-67.6749999999999972
11
64.7749999999999915
21
-67.6749999999999972
0
LINE
8
BLACK
6
CONTINUOUS
10
64.7749999999999915
20
-67.6749999999999972
11
64.8515369999999933
21
-67.6902240000000006
0
LINE
8
BLACK
6
CONTINUOUS
10
64.8515369999999933
20
-66.0402239999999949
11
64.9164209999999997
21
-66.0835790000000003
0
LINE
8
BLACK
6
CONTINUOUS
10
64.9164209999999997
20
-66.0835790000000003
11
64.9597759999999909
21
-66.1484629999999925
0
LINE
8
BLACK
6
CONTINUOUS
10
64.9597759999999909
20
-66.1484629999999925
11
64.9749999999999943
21
-66.2249999999999943
0
LINE
8
BLACK
6
CONTINUOUS
10
64.9749999999999943
20
-66.2249999999999943
11
64.9749999999999943
21
-66.625
0
LINE
8
BLACK
6
CONTINUOUS
10
64.9749999999999943
20
-66.625
11
64.9597759999999909
21
-66.7015370000000019
0
LINE
8
BLACK
6
CONTINUOUS
10
64.9597759999999909
20
-66.7015370000000019
11
64.9164209999999997
21
-66.766420999999994
0
LINE
8
BLACK
6
CONTINUOUS
10
64.9164209999999997
20
-66.766420999999994
11
64.8515369999999933
21
-66.8097759999999994
0
LINE
8
BLACK
6
CONTINUOUS
10
64.8515369999999933
20
-66.8097759999999994
11
64.7749999999999915
21
-66.8250000000000028
0
LINE
8
BLACK
6
CONTINUOUS
10
64.7749999999999915
20
-66.8250000000000028
11
64.2249999999999943
21
-66.8250000000000028
0
LINE
8
BLACK
6
CONTINUOUS
10
64.2249999999999943
20
-66.8250000000000028
11
64.1484629999999925
21
-66.8097759999999994
0
LINE
8
BLACK
6
CONTINUOUS
10
64.1484629999999925
20
-66.8097759999999994
11
64.0835790000000003
21
-66.766420999999994
0
LINE
8
BLACK
6
CONTINUOUS
10
64.0835790000000003
20
-66.766420999999994
11
64.0402239999999949
21
-66.7015370000000019
0
LINE
8
BLACK
6
CONTINUOUS
10
64.0402239999999949
20
-66.7015370000000019
11
64.0249999999999915
21
-66.625
0
LINE
8
BLACK
6
CONTINUOUS
10
64.0249999999999915
20
-66.625
11
64.0249999999999915
21
-66.2249999999999943
0
LINE
8
BLACK
6
CONTINUOUS
10
64.0249999999999915
20
-66.2249999999999943
11
64.0402239999999949
21
-66.1484629999999925
0
LINE
8
BLACK
6
CONTINUOUS
10
64.0402239999999949
20
-66.1484629999999925
11
64.0835790000000003
21
-66.0835790000000003
0
LINE
8
BLACK
6
CONTINUOUS
10
64.0835790000000003
20
-66.0835790000000003
11
64.1484629999999925
21
-66.0402239999999949
0
LINE
8
BLACK
6
CONTINUOUS
10
64.1484629999999925
20
-66.0402239999999949
11
64.2249999999999943
21
-66.0249999999999915
0
LINE
8
BLACK
6
CONTINUOUS
10
64.2249999999999943
20
-66.0249999999999915
11
64.7749999999999915
21
-66.0249999999999915
0
LINE
8
BLACK
6
CONTINUOUS
10
64.7749999999999915
20
-66.0249999999999915
11
64.8515369999999933
21
-66.0402239999999949
0
LINE
8
BLACK
6
CONTINUOUS
10
77.0897999999999968
20
-64.875
11
76.4397999999999911
21
-64.875
0
LINE
8
BLACK
6
CONTINUOUS
10
76.4397999999999911
20
-64.875
11
76.4397999999999911
21
-63.7249999999999943
0
LINE
8
BLACK
6
CONTINUOUS
10
76.4397999999999911
20
-63.7249999999999943
11
77.0897999999999968
21
-63.7249999999999943
0
LINE
8
BLACK
6
CONTINUOUS
10
77.0897999999999968
20
-63.7249999999999943
11
77.0897999999999968
21
-64.875
0
LINE
8
BLACK
6
CONTINUOUS
10
78.3597999999999928
20
-64.875
11
77.7098000000000013
21
-64.875
0
LINE
8
BLACK
6
CONTINUOUS
10
77.7098000000000013
20
-64.875
11
77.7098000000000013
21
-63.7249999999999943
0
LINE
8
BLACK
6
CONTINUOUS
10
77.7098000000000013
20
-63.7249999999999943
11
78.3597999999999928
21
-63.7249999999999943
0
LINE
8
BLACK
6
CONTINUOUS
10
78.3597999999999928
20
-63.7249999999999943
11
78.3597999999999928
21
-64.875
0
LINE
8
BLACK
6
CONTINUOUS
10
79.629800000000003
20
-64.875
11
78.9797999999999973
21
-64.875
0
LINE
8
BLACK
6
CONTINUOUS
10
78.9797999999999973
20
-64.875
11
78.9797999999999973
21
-63.7249999999999943
0
LINE
8
BLACK
6
CONTINUOUS
10
78.9797999999999973
20
-63.7249999999999943
11
79.629800000000003
21
-63.7249999999999943
0
LINE
8
BLACK
6
CONTINUOUS
10
79.629800000000003
20
-63.7249999999999943
11
79.629800000000003
21
-64.875
0
LINE
8
BLACK
6
CONTINUOUS
10
80.899799999999999
20
-64.875
11
80.2497999999999934
21
-64.875
0
LINE
8
BLACK
6
CONTINUOUS
10
80.2497999999999934
20
-64.875
11
80.2497999999999934
21
-63.7249999999999943
0
LINE
8
BLACK
6
CONTINUOUS
10
80.2497999999999934
20
-63.7249999999999943
11
80.899799999999999
21
-63.7249999999999943
0
LINE
8
BLACK
6
CONTINUOUS
10
80.899799999999999
20
-63.7249999999999943
11
80.899799999999999
21
-64.875
0
LINE
8
BLACK
6
CONTINUOUS
10
86.1079999999999899
20
-64.875
11
85.4579999999999984
21
-64.875
0
LINE
8
BLACK
6
CONTINUOUS
10
85.4579999999999984
20
-64.875
11
85.4579999999999984
21
-63.7249999999999943
0
LINE
8
BLACK
6
CONTINUOUS
10
85.4579999999999984
20
-63.7249999999999943
11
86.1079999999999899
21
-63.7249999999999943
0
LINE
8
BLACK
6
CONTINUOUS
10
86.1079999999999899
20
-63.7249999999999943
11
86.1079999999999899
21
-64.875
0
LINE
8
BLACK
6
CONTINUOUS
10
87.3780000000000001
20
-64.875
11
86.7279999999999944
21
-64.875
0
LINE
8
BLACK
6
CONTINUOUS
10
86.7279999999999944
20
-64.875
11
86.7279999999999944
21
-63.7249999999999943
0
LINE
8
BLACK
6
CONTINUOUS
10
86.7279999999999944
20
-63.7249999999999943
11
87.3780000000000001
21
-63.7249999999999943
0
LINE
8
BLACK
6
CONTINUOUS
10
87.3780000000000001
20
-63.7249999999999943
11
87.3780000000000001
21
-64.875
0
LINE
8
BLACK
6
CONTINUOUS
10
88.6479999999999961
20
-64.875
11
87.9979999999999905
21
-64.875
0
LINE
8
BLACK
6
CONTINUOUS
10
87.9979999999999905
20
-64.875
11
87.9979999999999905
21
-63.7249999999999943
0
LINE
8
BLACK
6
CONTINUOUS
10
87.9979999999999905
20
-63.7249999999999943
11
88.6479999999999961
21
-63.7249999999999943
0
LINE
8
BLACK
6
CONTINUOUS
10
88.6479999999999961
20
-63.7249999999999943
11
88.6479999999999961
21
-64.875
0
LINE
8
BLACK
6
CONTINUOUS
10
89.9179999999999922
20
-64.875
11
89.2680000000000007
21
-64.875
0
LINE
8
BLACK
6
CONTINUOUS
10
89.2680000000000007
20
-64.875
11
89.2680000000000007
21
-63.7249999999999943
0
LINE
8
BLACK
6
CONTINUOUS
10
89.2680000000000007
20
-63.7249999999999943
11
89.9179999999999922
21
-63.7249999999999943
0
LINE
8
BLACK
6
CONTINUOUS
10
89.9179999999999922
20
-63.7249999999999943
11
89.9179999999999922
21
-64.875
0
LINE
8
BLACK
6
CONTINUOUS
10
113.9291999999999945
20
-64.875
11
113.2791999999999888
21
-64.875
0
LINE
8
BLACK
6
CONTINUOUS
10
113.2791999999999888
20
-64.875
11
113.2791999999999888
21
-63.7249999999999943
0
LINE
8
BLACK
6
CONTINUOUS
10
113.2791999999999888
20
-63.7249999999999943
11
113.9291999999999945
21
-63.7249999999999943
0
LINE
8
BLACK
6
CONTINUOUS
10
113.9291999999999945
20
-63.7249999999999943
11
113.9291999999999945
21
-64.875
0
LINE
8
BLACK
6
CONTINUOUS
10
115.1991999999999905
20
-64.875
11
114.549199999999999
21
-64.875
0
LINE
8
BLACK
6
CONTINUOUS
10
114.549199999999999
20
-64.875
11
114.549199999999999
21
-63.7249999999999943
0
LINE
8
BLACK
6
CONTINUOUS
10
114.549199999999999
20
-63.7249999999999943
11
115.1991999999999905
21
-63.7249999999999943
0
LINE
8
BLACK
6
CONTINUOUS
10
115.1991999999999905
20
-63.7249999999999943
11
115.1991999999999905
21
-64.875
0
LINE
8
BLACK
6
CONTINUOUS
10
116.4692000000000007
20
-64.875
11
115.819199999999995
21
-64.875
0
LINE
8
BLACK
6
CONTINUOUS
10
115.819199999999995
20
-64.875
11
115.819199999999995
21
-63.7249999999999943
0
LINE
8
BLACK
6
CONTINUOUS
10
115.819199999999995
20
-63.7249999999999943
11
116.4692000000000007
21
-63.7249999999999943
0
LINE
8
BLACK
6
CONTINUOUS
10
116.4692000000000007
20
-63.7249999999999943
11
116.4692000000000007
21
-64.875
0
LINE
8
BLACK
6
CONTINUOUS
10
117.7391999999999967
20
-64.875
11
117.0891999999999911
21
-64.875
0
LINE
8
BLACK
6
CONTINUOUS
10
117.0891999999999911
20
-64.875
11
117.0891999999999911
21
-63.7249999999999943
0
LINE
8
BLACK
6
CONTINUOUS
10
117.0891999999999911
20
-63.7249999999999943
11
117.7391999999999967
21
-63.7249999999999943
0
LINE
8
BLACK
6
CONTINUOUS
10
117.7391999999999967
20
-63.7249999999999943
11
117.7391999999999967
21
-64.875
0
LINE
8
BLACK
6
CONTINUOUS
10
57.8735129999999955
20
-58.9442079999999962
11
58.112292999999994
21
-59.0217929999999953
0
LINE
8
BLACK
6
CONTINUOUS
10
58.112292999999994
20
-59.0217929999999953
11
58.3359979999999965
21
-59.1357759999999999
0
LINE
8
BLACK
6
CONTINUOUS
10
58.3359979999999965
20
-59.1357759999999999
11
58.5391169999999974
21
-59.2833499999999987
0
LINE
8
BLACK
6
CONTINUOUS
10
58.5391169999999974
20
-59.2833499999999987
11
58.7166499999999942
21
-59.4608829999999955
0
LINE
8
BLACK
6
CONTINUOUS
10
58.7166499999999942
20
-59.4608829999999955
11
58.8642240000000001
21
-59.6640019999999964
0
LINE
8
BLACK
6
CONTINUOUS
10
58.8642240000000001
20
-59.6640019999999964
11
58.9782069999999976
21
-59.8877069999999989
0
LINE
8
BLACK
6
CONTINUOUS
10
58.9782069999999976
20
-59.8877069999999989
11
59.0557919999999967
21
-60.1264869999999974
0
LINE
8
BLACK
6
CONTINUOUS
10
59.0557919999999967
20
-60.1264869999999974
11
59.0950679999999977
21
-60.3744650000000007
0
LINE
8
BLACK
6
CONTINUOUS
10
59.0950679999999977
20
-60.3744650000000007
11
59.0950679999999977
21
-60.6255349999999993
0
LINE
8
BLACK
6
CONTINUOUS
10
59.0950679999999977
20
-60.6255349999999993
11
59.0557919999999967
21
-60.8735129999999955
0
LINE
8
BLACK
6
CONTINUOUS
10
59.0557919999999967
20
-60.8735129999999955
11
58.9782069999999976
21
-61.112292999999994
0
LINE
8
BLACK
6
CONTINUOUS
10
58.9782069999999976
20
-61.112292999999994
11
58.8642240000000001
21
-61.3359979999999965
0
LINE
8
BLACK
6
CONTINUOUS
10
58.8642240000000001
20
-61.3359979999999965
11
58.7166499999999942
21
-61.5391169999999974
0
LINE
8
BLACK
6
CONTINUOUS
10
58.7166499999999942
20
-61.5391169999999974
11
58.5391169999999974
21
-61.7166499999999942
0
LINE
8
BLACK
6
CONTINUOUS
10
58.5391169999999974
20
-61.7166499999999942
11
58.3359979999999965
21
-61.8642240000000001
0
LINE
8
BLACK
6
CONTINUOUS
10
58.3359979999999965
20
-61.8642240000000001
11
58.112292999999994
21
-61.9782069999999976
0
LINE
8
BLACK
6
CONTINUOUS
10
58.112292999999994
20
-61.9782069999999976
11
57.8735129999999955
21
-62.0557919999999967
0
LINE
8
BLACK
6
CONTINUOUS
10
57.8735129999999955
20
-62.0557919999999967
11
57.6255349999999993
21
-62.0950679999999977
0
LINE
8
BLACK
6
CONTINUOUS
10
57.6255349999999993
20
-62.0950679999999977
11
57.3744650000000007
21
-62.0950679999999977
0
LINE
8
BLACK
6
CONTINUOUS
10
57.3744650000000007
20
-62.0950679999999977
11
57.1264869999999974
21
-62.0557919999999967
0
LINE
8
BLACK
6
CONTINUOUS
10
57.1264869999999974
20
-62.0557919999999967
11
56.8877069999999989
21
-61.9782069999999976
0
LINE
8
BLACK
6
CONTINUOUS
10
56.8877069999999989
20
-61.9782069999999976
11
56.6640019999999964
21
-61.8642240000000001
0
LINE
8
BLACK
6
CONTINUOUS
10
56.6640019999999964
20
-61.8642240000000001
11
56.4608829999999955
21
-61.7166499999999942
0
LINE
8
BLACK
6
CONTINUOUS
10
56.4608829999999955
20
-61.7166499999999942
11
56.2833499999999987
21
-61.5391169999999974
0
LINE
8
BLACK
6
CONTINUOUS
10
56.2833499999999987
20
-61.5391169999999974
11
56.1357759999999999
21
-61.3359979999999965
0
LINE
8
BLACK
6
CONTINUOUS
10
56.1357759999999999
20
-61.3359979999999965
11
56.0217929999999953
21
-61.112292999999994
0
LINE
8
BLACK
6
CONTINUOUS
10
56.0217929999999953
20
-61.112292999999994
11
55.9442079999999962
21
-60.8735129999999955
0
LINE
8
BLACK
6
CONTINUOUS
10
55.9442079999999962
20
-60.8735129999999955
11
55.9049319999999952
21
-60.6255349999999993
0
LINE
8
BLACK
6
CONTINUOUS
10
55.9049319999999952
20
-60.6255349999999993
11
55.9049319999999952
21
-60.3744650000000007
0
LINE
8
BLACK
6
CONTINUOUS
10
55.9049319999999952
20
-60.3744650000000007
11
55.9442079999999962
21
-60.1264869999999974
0
LINE
8
BLACK
6
CONTINUOUS
10
55.9442079999999962
20
-60.1264869999999974
11
56.0217929999999953
21
-59.8877069999999989
0
LINE
8
BLACK
6
CONTINUOUS
10
56.0217929999999953
20
-59.8877069999999989
11
56.1357759999999999
21
-59.6640019999999964
0
LINE
8
BLACK
6
CONTINUOUS
10
56.1357759999999999
20
-59.6640019999999964
11
56.2833499999999987
21
-59.4608829999999955
0
LINE
8
BLACK
6
CONTINUOUS
10
56.2833499999999987
20
-59.4608829999999955
11
56.4608829999999955
21
-59.2833499999999987
0
LINE
8
BLACK
6
CONTINUOUS
10
56.4608829999999955
20
-59.2833499999999987
11
56.6640019999999964
21
-59.1357759999999999
0
LINE
8
BLACK
6
CONTINUOUS
10
56.6640019999999964
20
-59.1357759999999999
11
56.8877069999999989
21
-59.0217929999999953
0
LINE
8
BLACK
6
CONTINUOUS
10
56.8877069999999989
20
-59.0217929999999953
11
57.1264869999999974
21
-58.9442079999999962
0
LINE
8
BLACK
6
CONTINUOUS
10
57.1264869999999974
20
-58.9442079999999962
11
57.3744650000000007
21
-58.9049319999999952
0
LINE
8
BLACK
6
CONTINUOUS
10
57.3744650000000007
20
-58.9049319999999952
11
57.6255349999999993
21
-58.9049319999999952
0
LINE
8
BLACK
6
CONTINUOUS
10
57.6255349999999993
20
-58.9049319999999952
11
57.8735129999999955
21
-58.9442079999999962
0
LINE
8
BLACK
6
CONTINUOUS
10
129.8735130000000026
20
-58.9442079999999962
11
130.112292999999994
21
-59.0217929999999953
0
LINE
8
BLACK
6
CONTINUOUS
10
130.112292999999994
20
-59.0217929999999953
11
130.3359979999999894
21
-59.1357759999999999
0
LINE
8
BLACK
6
CONTINUOUS
10
130.3359979999999894
20
-59.1357759999999999
11
130.5391170000000045
21
-59.2833499999999987
0
LINE
8
BLACK
6
CONTINUOUS
10
130.5391170000000045
20
-59.2833499999999987
11
130.7166499999999871
21
-59.4608829999999955
0
LINE
8
BLACK
6
CONTINUOUS
10
130.7166499999999871
20
-59.4608829999999955
11
130.8642240000000072
21
-59.6640019999999964
0
LINE
8
BLACK
6
CONTINUOUS
10
130.8642240000000072
20
-59.6640019999999964
11
130.9782069999999976
21
-59.8877069999999989
0
LINE
8
BLACK
6
CONTINUOUS
10
130.9782069999999976
20
-59.8877069999999989
11
131.0557919999999967
21
-60.1264869999999974
0
LINE
8
BLACK
6
CONTINUOUS
10
131.0557919999999967
20
-60.1264869999999974
11
131.0950679999999977
21
-60.3744650000000007
0
LINE
8
BLACK
6
CONTINUOUS
10
131.0950679999999977
20
-60.3744650000000007
11
131.0950679999999977
21
-60.6255349999999993
0
LINE
8
BLACK
6
CONTINUOUS
10
131.0950679999999977
20
-60.6255349999999993
11
131.0557919999999967
21
-60.8735129999999955
0
LINE
8
BLACK
6
CONTINUOUS
10
131.0557919999999967
20
-60.8735129999999955
11
130.9782069999999976
21
-61.112292999999994
0
LINE
8
BLACK
6
CONTINUOUS
10
130.9782069999999976
20
-61.112292999999994
11
130.8642240000000072
21
-61.3359979999999965
0
LINE
8
BLACK
6
CONTINUOUS
10
130.8642240000000072
20
-61.3359979999999965
11
130.7166499999999871
21
-61.5391169999999974
0
LINE
8
BLACK
6
CONTINUOUS
10
130.7166499999999871
20
-61.5391169999999974
11
130.5391170000000045
21
-61.7166499999999942
0
LINE
8
BLACK
6
CONTINUOUS
10
130.5391170000000045
20
-61.7166499999999942
11
130.3359979999999894
21
-61.8642240000000001
0
LINE
8
BLACK
6
CONTINUOUS
10
130.3359979999999894
20
-61.8642240000000001
11
130.112292999999994
21
-61.9782069999999976
0
LINE
8
BLACK
6
CONTINUOUS
10
130.112292999999994
20
-61.9782069999999976
11
129.8735130000000026
21
-62.0557919999999967
0
LINE
8
BLACK
6
CONTINUOUS
10
129.8735130000000026
20
-62.0557919999999967
11
129.6255349999999851
21
-62.0950679999999977
0
LINE
8
BLACK
6
CONTINUOUS
10
129.6255349999999851
20
-62.0950679999999977
11
129.3744649999999865
21
-62.0950679999999977
0
LINE
8
BLACK
6
CONTINUOUS
10
129.3744649999999865
20
-62.0950679999999977
11
129.1264869999999974
21
-62.0557919999999967
0
LINE
8
BLACK
6
CONTINUOUS
10
129.1264869999999974
20
-62.0557919999999967
11
128.887707000000006
21
-61.9782069999999976
0
LINE
8
BLACK
6
CONTINUOUS
10
128.887707000000006
20
-61.9782069999999976
11
128.6640019999999822
21
-61.8642240000000001
0
LINE
8
BLACK
6
CONTINUOUS
10
128.6640019999999822
20
-61.8642240000000001
11
128.4608829999999955
21
-61.7166499999999942
0
LINE
8
BLACK
6
CONTINUOUS
10
128.4608829999999955
20
-61.7166499999999942
11
128.2833499999999844
21
-61.5391169999999974
0
LINE
8
BLACK
6
CONTINUOUS
10
128.2833499999999844
20
-61.5391169999999974
11
128.1357759999999928
21
-61.3359979999999965
0
LINE
8
BLACK
6
CONTINUOUS
10
128.1357759999999928
20
-61.3359979999999965
11
128.0217930000000024
21
-61.112292999999994
0
LINE
8
BLACK
6
CONTINUOUS
10
128.0217930000000024
20
-61.112292999999994
11
127.9442079999999891
21
-60.8735129999999955
0
LINE
8
BLACK
6
CONTINUOUS
10
127.9442079999999891
20
-60.8735129999999955
11
127.9049319999999881
21
-60.6255349999999993
0
LINE
8
BLACK
6
CONTINUOUS
10
127.9049319999999881
20
-60.6255349999999993
11
127.9049319999999881
21
-60.3744650000000007
0
LINE
8
BLACK
6
CONTINUOUS
10
127.9049319999999881
20
-60.3744650000000007
11
127.9442079999999891
21
-60.1264869999999974
0
LINE
8
BLACK
6
CONTINUOUS
10
127.9442079999999891
20
-60.1264869999999974
11
128.0217930000000024
21
-59.8877069999999989
0
LINE
8
BLACK
6
CONTINUOUS
10
128.0217930000000024
20
-59.8877069999999989
11
128.1357759999999928
21
-59.6640019999999964
0
LINE
8
BLACK
6
CONTINUOUS
10
128.1357759999999928
20
-59.6640019999999964
11
128.2833499999999844
21
-59.4608829999999955
0
LINE
8
BLACK
6
CONTINUOUS
10
128.2833499999999844
20
-59.4608829999999955
11
128.4608829999999955
21
-59.2833499999999987
0
LINE
8
BLACK
6
CONTINUOUS
10
128.4608829999999955
20
-59.2833499999999987
11
128.6640019999999822
21
-59.1357759999999999
0
LINE
8
BLACK
6
CONTINUOUS
10
128.6640019999999822
20
-59.1357759999999999
11
128.887707000000006
21
-59.0217929999999953
0
LINE
8
BLACK
6
CONTINUOUS
10
128.887707000000006
20
-59.0217929999999953
11
129.1264869999999974
21
-58.9442079999999962
0
LINE
8
BLACK
6
CONTINUOUS
10
129.1264869999999974
20
-58.9442079999999962
11
129.3744649999999865
21
-58.9049319999999952
0
LINE
8
BLACK
6
CONTINUOUS
10
129.3744649999999865
20
-58.9049319999999952
11
129.6255349999999851
21
-58.9049319999999952
0
LINE
8
BLACK
6
CONTINUOUS
10
129.6255349999999851
20
-58.9049319999999952
11
129.8735130000000026
21
-58.9442079999999962
0
LINE
8
BLACK
6
CONTINUOUS
10
80.3119789999999938
20
-53.0023819999999972
11
80.3523409999999956
21
-53.0104100000000003
0
LINE
8
BLACK
6
CONTINUOUS
10
80.3523409999999956
20
-53.0104100000000003
11
80.3970429999999965
21
-53.0289269999999959
0
LINE
8
BLACK
6
CONTINUOUS
10
80.3970429999999965
20
-53.0289269999999959
11
80.4209129999999988
21
-53.0448769999999996
0
LINE
8
BLACK
6
CONTINUOUS
10
80.4209129999999988
20
-53.0448769999999996
11
80.4551220000000029
21
-53.0790859999999967
0
LINE
8
BLACK
6
CONTINUOUS
10
80.4551220000000029
20
-53.0790859999999967
11
80.4710719999999924
21
-53.1029559999999989
0
LINE
8
BLACK
6
CONTINUOUS
10
80.4710719999999924
20
-53.1029559999999989
11
80.4895879999999977
21
-53.1476550000000003
0
LINE
8
BLACK
6
CONTINUOUS
10
80.4895879999999977
20
-53.1476550000000003
11
80.4976169999999911
21
-53.188016999999995
0
LINE
8
BLACK
6
CONTINUOUS
10
80.4976169999999911
20
-53.188016999999995
11
80.5
21
-53.2122099999999989
0
LINE
8
BLACK
6
CONTINUOUS
10
80.5
20
-53.2122099999999989
11
80.5
21
-60.2877889999999965
0
LINE
8
BLACK
6
CONTINUOUS
10
80.5
20
-60.2877889999999965
11
80.4976169999999911
21
-60.3119820000000004
0
LINE
8
BLACK
6
CONTINUOUS
10
80.4976169999999911
20
-60.3119820000000004
11
80.4895879999999977
21
-60.3523439999999951
0
LINE
8
BLACK
6
CONTINUOUS
10
80.4895879999999977
20
-60.3523439999999951
11
80.4710719999999924
21
-60.3970429999999965
0
LINE
8
BLACK
6
CONTINUOUS
10
80.4710719999999924
20
-60.3970429999999965
11
80.4551220000000029
21
-60.4209129999999988
0
LINE
8
BLACK
6
CONTINUOUS
10
80.4551220000000029
20
-60.4209129999999988
11
80.4209129999999988
21
-60.4551219999999958
0
LINE
8
BLACK
6
CONTINUOUS
10
80.4209129999999988
20
-60.4551219999999958
11
80.3970429999999965
21
-60.4710719999999995
0
LINE
8
BLACK
6
CONTINUOUS
10
80.3970429999999965
20
-60.4710719999999995
11
80.3523440000000022
21
-60.4895879999999977
0
LINE
8
BLACK
6
CONTINUOUS
10
80.3523440000000022
20
-60.4895879999999977
11
80.3119820000000004
21
-60.4976169999999982
0
LINE
8
BLACK
6
CONTINUOUS
10
80.3119820000000004
20
-60.4976169999999982
11
80.2877889999999894
21
-60.5
0
LINE
8
BLACK
6
CONTINUOUS
10
80.2877889999999894
20
-60.5
11
67.7122109999999964
21
-60.5
0
LINE
8
BLACK
6
CONTINUOUS
10
67.7122109999999964
20
-60.5
11
67.688018999999997
21
-60.4976169999999982
0
LINE
8
BLACK
6
CONTINUOUS
10
67.688018999999997
20
-60.4976169999999982
11
67.6476559999999978
21
-60.4895879999999977
0
LINE
8
BLACK
6
CONTINUOUS
10
67.6476559999999978
20
-60.4895879999999977
11
67.6029559999999918
21
-60.4710719999999995
0
LINE
8
BLACK
6
CONTINUOUS
10
67.6029559999999918
20
-60.4710719999999995
11
67.5790860000000038
21
-60.4551219999999958
0
LINE
8
BLACK
6
CONTINUOUS
10
67.5790860000000038
20
-60.4551219999999958
11
67.5448769999999996
21
-60.4209129999999988
0
LINE
8
BLACK
6
CONTINUOUS
10
67.5448769999999996
20
-60.4209129999999988
11
67.5289269999999959
21
-60.3970429999999965
0
LINE
8
BLACK
6
CONTINUOUS
10
67.5289269999999959
20
-60.3970429999999965
11
67.5104099999999931
21
-60.3523409999999956
0
LINE
8
BLACK
6
CONTINUOUS
10
67.5104099999999931
20
-60.3523409999999956
11
67.5023819999999972
21
-60.3119789999999938
0
LINE
8
BLACK
6
CONTINUOUS
10
67.5023819999999972
20
-60.3119789999999938
11
67.5
21
-60.2877889999999965
0
LINE
8
BLACK
6
CONTINUOUS
10
67.5
20
-60.2877889999999965
11
67.5
21
-53.2122099999999989
0
LINE
8
BLACK
6
CONTINUOUS
10
67.5
20
-53.2122099999999989
11
67.5023819999999972
21
-53.1880199999999945
0
LINE
8
BLACK
6
CONTINUOUS
10
67.5023819999999972
20
-53.1880199999999945
11
67.5104099999999931
21
-53.1476579999999998
0
LINE
8
BLACK
6
CONTINUOUS
10
67.5104099999999931
20
-53.1476579999999998
11
67.5289269999999959
21
-53.1029559999999989
0
LINE
8
BLACK
6
CONTINUOUS
10
67.5289269999999959
20
-53.1029559999999989
11
67.5448769999999996
21
-53.0790859999999967
0
LINE
8
BLACK
6
CONTINUOUS
10
67.5448769999999996
20
-53.0790859999999967
11
67.5790860000000038
21
-53.0448769999999996
0
LINE
8
BLACK
6
CONTINUOUS
10
67.5790860000000038
20
-53.0448769999999996
11
67.6029559999999918
21
-53.0289269999999959
0
LINE
8
BLACK
6
CONTINUOUS
10
67.6029559999999918
20
-53.0289269999999959
11
67.6476589999999902
21
-53.0104100000000003
0
LINE
8
BLACK
6
CONTINUOUS
10
67.6476589999999902
20
-53.0104100000000003
11
67.6880220000000037
21
-53.0023819999999972
0
LINE
8
BLACK
6
CONTINUOUS
10
67.6880220000000037
20
-53.0023819999999972
11
67.7122109999999964
21
-53.
0
LINE
8
BLACK
6
CONTINUOUS
10
67.7122109999999964
20
-53.
11
80.2877889999999894
21
-53.
0
LINE
8
BLACK
6
CONTINUOUS
10
80.2877889999999894
20
-53.
11
80.3119789999999938
21
-53.0023819999999972
0
LINE
8
BLACK
6
CONTINUOUS
10
100.0768049999999931
20
-53.0023819999999972
11
100.1171669999999949
21
-53.0104100000000003
0
LINE
8
BLACK
6
CONTINUOUS
10
100.1171669999999949
20
-53.0104100000000003
11
100.1618689999999958
21
-53.0289269999999959
0
LINE
8
BLACK
6
CONTINUOUS
10
100.1618689999999958
20
-53.0289269999999959
11
100.1857389999999981
21
-53.0448769999999996
0
LINE
8
BLACK
6
CONTINUOUS
10
100.1857389999999981
20
-53.0448769999999996
11
100.2199480000000023
21
-53.0790859999999967
0
LINE
8
BLACK
6
CONTINUOUS
10
100.2199480000000023
20
-53.0790859999999967
11
100.2358979999999917
21
-53.1029559999999989
0
LINE
8
BLACK
6
CONTINUOUS
10
100.2358979999999917
20
-53.1029559999999989
11
100.254413999999997
21
-53.1476550000000003
0
LINE
8
BLACK
6
CONTINUOUS
10
100.254413999999997
20
-53.1476550000000003
11
100.2624429999999904
21
-53.188016999999995
0
LINE
8
BLACK
6
CONTINUOUS
10
100.2624429999999904
20
-53.188016999999995
11
100.2648259999999993
21
-53.2122099999999989
0
LINE
8
BLACK
6
CONTINUOUS
10
100.2648259999999993
20
-53.2122099999999989
11
100.2648259999999993
21
-60.2877889999999965
0
LINE
8
BLACK
6
CONTINUOUS
10
100.2648259999999993
20
-60.2877889999999965
11
100.2624429999999904
21
-60.3119820000000004
0
LINE
8
BLACK
6
CONTINUOUS
10
100.2624429999999904
20
-60.3119820000000004
11
100.254413999999997
21
-60.3523439999999951
0
LINE
8
BLACK
6
CONTINUOUS
10
100.254413999999997
20
-60.3523439999999951
11
100.2358979999999917
21
-60.3970429999999965
0
LINE
8
BLACK
6
CONTINUOUS
10
100.2358979999999917
20
-60.3970429999999965
11
100.2199480000000023
21
-60.4209129999999988
0
LINE
8
BLACK
6
CONTINUOUS
10
100.2199480000000023
20
-60.4209129999999988
11
100.1857389999999981
21
-60.4551219999999958
0
LINE
8
BLACK
6
CONTINUOUS
10
100.1857389999999981
20
-60.4551219999999958
11
100.1618689999999958
21
-60.4710719999999995
0
LINE
8
BLACK
6
CONTINUOUS
10
100.1618689999999958
20
-60.4710719999999995
11
100.1171700000000016
21
-60.4895879999999977
0
LINE
8
BLACK
6
CONTINUOUS
10
100.1171700000000016
20
-60.4895879999999977
11
100.0768079999999998
21
-60.4976169999999982
0
LINE
8
BLACK
6
CONTINUOUS
10
100.0768079999999998
20
-60.4976169999999982
11
100.0526149999999888
21
-60.5
0
LINE
8
BLACK
6
CONTINUOUS
10
100.0526149999999888
20
-60.5
11
87.4770369999999957
21
-60.5
0
LINE
8
BLACK
6
CONTINUOUS
10
87.4770369999999957
20
-60.5
11
87.4528449999999964
21
-60.4976169999999982
0
LINE
8
BLACK
6
CONTINUOUS
10
87.4528449999999964
20
-60.4976169999999982
11
87.4124819999999971
21
-60.4895879999999977
0
LINE
8
BLACK
6
CONTINUOUS
10
87.4124819999999971
20
-60.4895879999999977
11
87.3677819999999912
21
-60.4710719999999995
0
LINE
8
BLACK
6
CONTINUOUS
10
87.3677819999999912
20
-60.4710719999999995
11
87.3439120000000031
21
-60.4551219999999958
0
LINE
8
BLACK
6
CONTINUOUS
10
87.3439120000000031
20
-60.4551219999999958
11
87.309702999999999
21
-60.4209129999999988
0
LINE
8
BLACK
6
CONTINUOUS
10
87.309702999999999
20
-60.4209129999999988
11
87.2937529999999953
21
-60.3970429999999965
0
LINE
8
BLACK
6
CONTINUOUS
10
87.2937529999999953
20
-60.3970429999999965
11
87.2752359999999925
21
-60.3523409999999956
0
LINE
8
BLACK
6
CONTINUOUS
10
87.2752359999999925
20
-60.3523409999999956
11
87.2672079999999966
21
-60.3119789999999938
0
LINE
8
BLACK
6
CONTINUOUS
10
87.2672079999999966
20
-60.3119789999999938
11
87.2648259999999993
21
-60.2877889999999965
0
LINE
8
BLACK
6
CONTINUOUS
10
87.2648259999999993
20
-60.2877889999999965
11
87.2648259999999993
21
-53.2122099999999989
0
LINE
8
BLACK
6
CONTINUOUS
10
87.2648259999999993
20
-53.2122099999999989
11
87.2672079999999966
21
-53.1880199999999945
0
LINE
8
BLACK
6
CONTINUOUS
10
87.2672079999999966
20
-53.1880199999999945
11
87.2752359999999925
21
-53.1476579999999998
0
LINE
8
BLACK
6
CONTINUOUS
10
87.2752359999999925
20
-53.1476579999999998
11
87.2937529999999953
21
-53.1029559999999989
0
LINE
8
BLACK
6
CONTINUOUS
10
87.2937529999999953
20
-53.1029559999999989
11
87.309702999999999
21
-53.0790859999999967
0
LINE
8
BLACK
6
CONTINUOUS
10
87.309702999999999
20
-53.0790859999999967
11
87.3439120000000031
21
-53.0448769999999996
0
LINE
8
BLACK
6
CONTINUOUS
10
87.3439120000000031
20
-53.0448769999999996
11
87.3677819999999912
21
-53.0289269999999959
0
LINE
8
BLACK
6
CONTINUOUS
10
87.3677819999999912
20
-53.0289269999999959
11
87.4124849999999896
21
-53.0104100000000003
0
LINE
8
BLACK
6
CONTINUOUS
10
87.4124849999999896
20
-53.0104100000000003
11
87.452848000000003
21
-53.0023819999999972
0
LINE
8
BLACK
6
CONTINUOUS
10
87.452848000000003
20
-53.0023819999999972
11
87.4770369999999957
21
-53.
0
LINE
8
BLACK
6
CONTINUOUS
10
87.4770369999999957
20
-53.
11
100.0526149999999888
21
-53.
0
LINE
8
BLACK
6
CONTINUOUS
10
100.0526149999999888
20
-53.
11
100.0768049999999931
21
-53.0023819999999972
0
LINE
8
BLACK
6
CONTINUOUS
10
116.6575249999999926
20
-53.0041829999999976
11
116.7094340000000017
21
-53.0180179999999979
0
LINE
8
BLACK
6
CONTINUOUS
10
116.7094340000000017
20
-53.0180179999999979
11
116.7648299999999892
21
-53.0498029999999972
0
LINE
8
BLACK
6
CONTINUOUS
10
116.7648299999999892
20
-53.0498029999999972
11
116.7910380000000004
21
-53.0758019999999959
0
LINE
8
BLACK
6
CONTINUOUS
10
116.7910380000000004
20
-53.0758019999999959
11
116.8232670000000013
21
-53.130946999999999
0
LINE
8
BLACK
6
CONTINUOUS
10
116.8232670000000013
20
-53.130946999999999
11
116.8375159999999937
21
-53.1827479999999966
0
LINE
8
BLACK
6
CONTINUOUS
10
116.8375159999999937
20
-53.1827479999999966
11
116.8419529999999895
21
-53.2146469999999994
0
LINE
8
BLACK
6
CONTINUOUS
10
116.8419529999999895
20
-53.2146469999999994
11
116.8982959999999878
21
-60.2861309999999975
0
LINE
8
BLACK
6
CONTINUOUS
10
116.8982959999999878
20
-60.2861309999999975
11
116.8960829999999902
21
-60.3104629999999986
0
LINE
8
BLACK
6
CONTINUOUS
10
116.8960829999999902
20
-60.3104629999999986
11
116.8882969999999943
21
-60.3510819999999981
0
LINE
8
BLACK
6
CONTINUOUS
10
116.8882969999999943
20
-60.3510819999999981
11
116.8699579999999969
21
-60.3961139999999972
0
LINE
8
BLACK
6
CONTINUOUS
10
116.8699579999999969
20
-60.3961139999999972
11
116.8540549999999882
21
-60.4201729999999984
0
LINE
8
BLACK
6
CONTINUOUS
10
116.8540549999999882
20
-60.4201729999999984
11
116.8198099999999897
21
-60.4546929999999989
0
LINE
8
BLACK
6
CONTINUOUS
10
116.8198099999999897
20
-60.4546929999999989
11
116.7958789999999993
21
-60.4707869999999943
0
LINE
8
BLACK
6
CONTINUOUS
10
116.7958789999999993
20
-60.4707869999999943
11
116.750992999999994
21
-60.4894839999999974
0
LINE
8
BLACK
6
CONTINUOUS
10
116.750992999999994
20
-60.4894839999999974
11
116.7104389999999938
21
-60.4975929999999948
0
LINE
8
BLACK
6
CONTINUOUS
10
116.7104389999999938
20
-60.4975929999999948
11
116.6861260000000016
21
-60.5
0
LINE
8
BLACK
6
CONTINUOUS
10
116.6861260000000016
20
-60.5
11
104.0524539999999973
21
-60.5
0
LINE
8
BLACK
6
CONTINUOUS
10
104.0524539999999973
20
-60.5
11
104.028261999999998
21
-60.4976169999999982
0
LINE
8
BLACK
6
CONTINUOUS
10
104.028261999999998
20
-60.4976169999999982
11
103.9878989999999988
21
-60.4895879999999977
0
LINE
8
BLACK
6
CONTINUOUS
10
103.9878989999999988
20
-60.4895879999999977
11
103.9431989999999928
21
-60.4710719999999995
0
LINE
8
BLACK
6
CONTINUOUS
10
103.9431989999999928
20
-60.4710719999999995
11
103.9193289999999905
21
-60.4551219999999958
0
LINE
8
BLACK
6
CONTINUOUS
10
103.9193289999999905
20
-60.4551219999999958
11
103.8851200000000006
21
-60.4209129999999988
0
LINE
8
BLACK
6
CONTINUOUS
10
103.8851200000000006
20
-60.4209129999999988
11
103.8691699999999969
21
-60.3970429999999965
0
LINE
8
BLACK
6
CONTINUOUS
10
103.8691699999999969
20
-60.3970429999999965
11
103.8506529999999941
21
-60.3523409999999956
0
LINE
8
BLACK
6
CONTINUOUS
10
103.8506529999999941
20
-60.3523409999999956
11
103.8426249999999982
21
-60.3119789999999938
0
LINE
8
BLACK
6
CONTINUOUS
10
103.8426249999999982
20
-60.3119789999999938
11
103.840243000000001
21
-60.2877889999999965
0
LINE
8
BLACK
6
CONTINUOUS
10
103.840243000000001
20
-60.2877889999999965
11
103.840243000000001
21
-53.2122099999999989
0
LINE
8
BLACK
6
CONTINUOUS
10
103.840243000000001
20
-53.2122099999999989
11
103.8426249999999982
21
-53.1880199999999945
0
LINE
8
BLACK
6
CONTINUOUS
10
103.8426249999999982
20
-53.1880199999999945
11
103.8506529999999941
21
-53.1476579999999998
0
LINE
8
BLACK
6
CONTINUOUS
10
103.8506529999999941
20
-53.1476579999999998
11
103.8691699999999969
21
-53.1029559999999989
0
LINE
8
BLACK
6
CONTINUOUS
10
103.8691699999999969
20
-53.1029559999999989
11
103.8851200000000006
21
-53.0790859999999967
0
LINE
8
BLACK
6
CONTINUOUS
10
103.8851200000000006
20
-53.0790859999999967
11
103.9193289999999905
21
-53.0448769999999996
0
LINE
8
BLACK
6
CONTINUOUS
10
103.9193289999999905
20
-53.0448769999999996
11
103.9431989999999928
21
-53.0289269999999959
0
LINE
8
BLACK
6
CONTINUOUS
10
103.9431989999999928
20
-53.0289269999999959
11
103.9879019999999912
21
-53.0104100000000003
0
LINE
8
BLACK
6
CONTINUOUS
10
103.9879019999999912
20
-53.0104100000000003
11
104.0282649999999904
21
-53.0023819999999972
0
LINE
8
BLACK
6
CONTINUOUS
10
104.0282649999999904
20
-53.0023819999999972
11
104.0524539999999973
21
-53.
0
LINE
8
BLACK
6
CONTINUOUS
10
104.0524539999999973
20
-53.
11
116.625591
21
-53.
0
LINE
8
BLACK
6
CONTINUOUS
10
116.625591
20
-53.
11
116.6575249999999926
21
-53.0041829999999976
  0
ENDSEC
  0
EOF
